Timestamp,Session_ID,User_ID,Device,Clicks,Avg_Latency_ms,Rule_Triggered,ML_Triggered,ML_Score
,3e76fee0-04d6-48b7-b765-bda6b4bcf1e6,usr_74926,bot_scraper,7,8.29,True,False,0.0
,3e420752-54cd-4985-9c3f-0f6fc1fa64e1,usr_96081,bot_scraper,3,11.67,True,False,0.0
,ff631ca4-c30e-4c49-a30c-28e23203eaaf,usr_88112,tablet,5,6052.4,True,False,0.0
,2b15183f-b204-40fb-ae61-e99927273ed4,usr_86739,bot_scraper,2,10.0,True,False,0.0
,b29dd84d-bdd1-4d16-adaa-25a9bfaf715f,usr_10936,bot_scraper,7,11.0,True,False,0.0
,f0e1cb66-84d5-4a69-b335-a2d8ad470abd,usr_80207,tablet,11,5274.64,True,False,0.0
,84f25a97-914a-4c69-91c1-a787c6b3ec89,usr_62883,desktop,12,122.75,False,True,-0.6065
,ff631ca4-c30e-4c49-a30c-28e23203eaaf,usr_88112,tablet,8,6079.88,True,False,0.0
,4e73ba27-d61b-4c7b-87ba-3cead3a0e7e3,usr_39968,bot_scraper,2,4.5,True,False,0.0
,20094fcf-3b97-4986-b77e-6ba183e71de2,usr_68838,mobile,13,128.92,False,True,-0.6239
,47d5010f-7d03-434a-a454-4f1113a4f1f7,usr_40543,tablet,14,123.93,False,True,-0.6529
,48b9e261-b1c8-482f-9389-d92e6716b773,usr_50966,desktop,9,4559.44,True,False,0.0
,f53f35f1-4332-490c-b5a1-5f035c75b315,usr_17658,desktop,14,121.64,False,True,-0.6271
,2b15183f-b204-40fb-ae61-e99927273ed4,usr_86739,bot_scraper,9,10.22,True,False,0.0
,49f5a2f8-fad6-4f0a-b1b4-a42296a5b7d9,usr_88659,mobile,9,121.44,False,True,-0.6261
,ebf5219b-fb3c-4a87-b690-a822f09a9db8,usr_90162,mobile,14,5406.71,True,True,-0.6591
,0a4672e0-d807-4d05-951c-114678b4d1ea,usr_51025,desktop,13,111.77,False,True,-0.6168
,37e1a54f-ef3a-4813-955c-8be703d0f1a0,usr_22203,desktop,11,122.64,False,True,-0.6433
,ecdf28c1-ec5a-4836-a13d-8c709c6f4bce,usr_43477,mobile,6,5075.83,True,False,0.0
,0b444614-0a3d-4319-abd3-25f8cc39e28a,usr_34823,bot_scraper,11,11.64,True,False,0.0
,addacfd5-9fba-4431-896e-297dde994ef5,usr_56517,desktop,9,119.89,False,True,-0.609
,4e73ba27-d61b-4c7b-87ba-3cead3a0e7e3,usr_39968,bot_scraper,3,8.67,True,False,0.0
,9fdec3b9-b811-4d68-9994-41c26ca4ffa8,usr_70922,desktop,13,118.38,False,True,-0.6065
,dffd8e40-91f1-44ef-93e0-a77774c3fe6f,usr_91993,mobile,7,87.71,False,True,-0.6012
,dcb85f88-b623-4270-b559-afe8ce271bea,usr_00469,desktop,14,99.07,False,True,-0.6708
,ccc44f10-5d78-4903-857f-41dabc987f86,usr_74457,tablet,10,137.9,False,True,-0.6035
,3f78862c-bb75-43d7-9e0e-7f1db5edc5b5,usr_56819,mobile,14,130.43,False,True,-0.6338
,8e7748ab-e3e7-4918-98c0-143ab09dc7c0,usr_09538,mobile,11,126.0,False,True,-0.6085
,c69039be-ef4d-464d-bc5d-21348c946931,usr_68461,desktop,13,124.31,False,True,-0.6173
,e64ec57e-f11d-4c59-a49e-9ee2642e87c2,usr_38423,tablet,14,118.86,False,True,-0.6212
,d9c9643e-d933-472a-8fd2-367cf39bd76e,usr_54175,mobile,4,5044.0,True,False,0.0
,93a7738d-2d07-49be-be57-49ad858fde34,usr_40668,tablet,11,118.91,False,True,-0.6001
,d3b9afc0-244e-403a-a8ba-6a550cc00cc6,usr_67814,mobile,11,132.0,False,True,-0.6032
,024b09a1-9144-43d4-8566-0e4345e0fbc0,usr_58074,desktop,4,5023.5,True,False,0.0
,fa89e647-0e25-439c-8dce-416081ed88e2,usr_40445,mobile,11,136.73,False,True,-0.621
,1d0dafc4-009b-4963-9616-475eb22ea2a5,usr_18530,bot_scraper,7,11.14,True,False,0.0
,94723ba5-474c-4dae-a6c2-e159d92a2d4a,usr_12489,tablet,14,107.29,False,True,-0.6194
,6ffdd2c6-2a75-4cfe-8bd1-ce494c14433b,usr_47319,tablet,11,121.82,False,True,-0.6052
,37c7395c-5cc5-40c5-9c6b-552bac0b3b76,usr_27354,bot_scraper,9,9.78,True,False,0.0
,3ec55c2a-27ea-4c48-baa2-4521561c44d5,usr_90491,tablet,10,109.2,False,True,-0.6052
,77f5f1c2-8045-4973-a2ef-935bbf94a447,usr_91357,bot_scraper,1,11.0,True,False,0.0
,26266cd2-5b7b-4afd-9200-42bdca66333e,usr_58354,bot_scraper,3,7.33,True,False,0.0
,def2002b-89f0-40f9-8fe9-8a9bce2a2e57,usr_51923,mobile,13,4555.31,True,True,-0.6334
,17af8b52-5233-4d0c-9263-b000f70f56ea,usr_60771,mobile,12,115.75,False,True,-0.6069
,afde1bed-5eb4-4968-8a55-7cb4161589d7,usr_07218,bot_scraper,9,10.33,True,False,0.0
,02d38c3d-ccc3-421f-a9e9-2d13803a8a43,usr_10087,mobile,10,102.6,False,True,-0.6434
,ad652f26-e315-44a9-9dce-546143b98a32,usr_05283,desktop,9,5227.56,True,False,0.0
,024b09a1-9144-43d4-8566-0e4345e0fbc0,usr_58074,desktop,4,4988.25,True,False,0.0
,f2b797bb-8978-4068-9a38-69187cb57027,usr_17404,tablet,10,4046.7,True,False,0.0
,cd9a3ff9-1e9a-4b27-a428-d19cc84df9d7,usr_39450,tablet,12,105.83,False,True,-0.6481
,0f8164b5-b636-4bad-bdad-76ac790e5e7b,usr_28154,mobile,12,126.58,False,True,-0.6204
,c0e6f5ad-408f-405d-8eaa-ce0993938f5d,usr_63295,tablet,12,117.83,False,True,-0.6124
,021c9792-95c3-4856-b499-9f2e3f474046,usr_24201,tablet,12,118.75,False,True,-0.605
,b82fdc84-6962-4a77-9e01-b7bdcc961235,usr_48899,desktop,14,118.5,False,True,-0.6212
,09fe829c-da37-4f3d-8a3c-2e44214b060b,usr_30971,tablet,14,93.29,False,True,-0.6391
,77f5f1c2-8045-4973-a2ef-935bbf94a447,usr_91357,bot_scraper,8,13.12,True,False,0.0
,26266cd2-5b7b-4afd-9200-42bdca66333e,usr_58354,bot_scraper,10,11.6,True,False,0.0
,61e1043f-d89d-473c-a4ed-d2a9aa86fc4b,usr_77565,tablet,6,5273.67,True,False,0.0
,39976129-9c2a-4211-93ba-513b5bcbbbbe,usr_73287,bot_scraper,8,8.38,True,False,0.0
,3c1edeeb-7c77-4ddc-8f4b-61f3cf47a823,usr_35890,desktop,10,4733.4,True,False,0.0
,fc70c2fb-c508-44ca-87ae-3e3b2b180fec,usr_42870,tablet,13,120.85,False,True,-0.5993
,cd9c0820-d63f-4dc9-8783-e9acbf2078d1,usr_07094,tablet,14,116.29,False,True,-0.6303
,acca6e25-2339-4dd3-b029-bfcbd9cc1877,usr_55032,tablet,12,128.42,False,True,-0.6068
,ce2dd085-93fa-4592-876b-249d7ae84fba,usr_94261,tablet,14,110.14,False,True,-0.6723
,f2b797bb-8978-4068-9a38-69187cb57027,usr_17404,tablet,4,5557.25,True,False,0.0
,61e1043f-d89d-473c-a4ed-d2a9aa86fc4b,usr_77565,tablet,3,3283.33,True,False,0.0
,36514321-20a2-4f4e-bc1d-d6af8c230a54,usr_42605,mobile,9,5900.22,True,True,-0.6034
,aa3498a2-8d7c-4e45-b104-374e2e8df074,usr_14108,mobile,13,110.08,False,True,-0.6075
,39976129-9c2a-4211-93ba-513b5bcbbbbe,usr_73287,bot_scraper,3,4.67,True,False,0.0
,1b15fb6f-401e-4fda-8b47-dfa8504ff934,usr_01492,mobile,8,3600.5,True,False,0.0
,27383010-faf2-44b3-ada2-671b36df2d77,usr_86720,desktop,14,112.64,False,True,-0.6176
,f6bee5ee-d514-4db8-a951-6fba7c289bad,usr_28397,mobile,12,4347.0,True,True,-0.6212
,6de08cc3-9470-4278-8a16-2799104cb35d,usr_31203,mobile,14,114.5,False,True,-0.6036
,8062df3d-c766-443c-a002-270607b2addb,usr_08742,desktop,11,131.73,False,True,-0.6144
,605fa276-ae5e-4b0a-b1a6-a15f1ff48b88,usr_49203,mobile,14,121.57,False,True,-0.6043
,4dbce1f9-9cd9-418a-adb8-4616302cd166,usr_29586,desktop,7,145.0,False,True,-0.6138
,36514321-20a2-4f4e-bc1d-d6af8c230a54,usr_42605,mobile,4,4464.75,True,False,0.0
,d20b1779-ec46-4740-a624-e6335083ef8c,usr_90874,mobile,4,4116.5,True,False,0.0
,f94e6cc6-5c56-4118-bccd-2b31dddda756,usr_22784,bot_scraper,10,14.7,True,False,0.0
,a3afcaa1-24de-4202-abdb-01a421bea9ff,usr_59665,mobile,13,124.31,False,True,-0.6036
,efc659b6-e4ba-4165-9c36-49a02674f5e7,usr_29623,tablet,10,5385.4,True,True,-0.598
,7cdc92e8-0334-48b0-80c6-1fccb630ad0f,usr_27799,tablet,13,126.69,False,True,-0.6323
,6cd01d2c-9822-4f85-9685-65fa92f688ad,usr_98546,tablet,14,125.14,False,True,-0.6278
,d20b1779-ec46-4740-a624-e6335083ef8c,usr_90874,mobile,4,5341.5,True,False,0.0
,6e5b1598-9c66-4046-86a9-5dc739298c1f,usr_37456,desktop,10,118.3,False,True,-0.6107
,6657dd05-f2d9-47f3-9ba8-1e989607b1a0,usr_83200,bot_scraper,5,12.0,True,False,0.0
,dc05a6ba-c3c4-4da1-a883-14f044a15e98,usr_69690,mobile,6,4726.67,True,False,0.0
,1d9db1a2-7315-461b-97f1-e93d8ea654ab,usr_81178,tablet,11,107.64,False,True,-0.6008
,8897bcab-5504-4020-b843-542b5ee66303,usr_63954,desktop,12,114.75,False,True,-0.6095
,c56f7623-3566-4e6e-a40a-d21d635ddb0e,usr_80173,mobile,11,104.18,False,True,-0.6088
,8f005ee3-ab7a-4d29-9f46-8db267677dc7,usr_56447,mobile,12,118.0,False,True,-0.6107
,5c8dcb7b-91b4-4f38-a80a-dba5c1147f46,usr_65089,desktop,12,135.5,False,True,-0.6172
,dc05a6ba-c3c4-4da1-a883-14f044a15e98,usr_69690,mobile,7,4759.57,True,False,0.0
,f5ac0e6d-2dd9-4a78-80fa-7e6d3f46b8bf,usr_38893,bot_scraper,3,15.0,True,False,0.0
,705287bf-9e40-4bfe-a9af-e82ec06114bc,usr_73680,desktop,12,127.33,False,True,-0.6506
,8a238119-5eaf-40c6-9f98-d9eb07a12a5e,usr_55087,desktop,13,116.23,False,True,-0.6121
,7c0f8633-9d02-4ee0-a340-097bf2e355e8,usr_40273,desktop,14,109.5,False,True,-0.6322
,41276c19-7d6a-4d5c-b370-bc3c9cdcbbcf,usr_29827,bot_scraper,5,8.8,True,False,0.0
,6657dd05-f2d9-47f3-9ba8-1e989607b1a0,usr_83200,bot_scraper,8,5.62,True,False,0.0
,87487cd0-557b-4d01-a022-a43e5a57c20e,usr_11562,mobile,14,126.43,False,True,-0.658
,1949b135-69df-45b8-b03b-cf10e9cac56e,usr_11262,desktop,10,127.8,False,True,-0.597
,cb3213f1-d15e-459c-adef-bd8ac9038163,usr_61990,tablet,14,119.36,False,True,-0.6457
,9bf676dd-3a78-4dce-90dc-ec59bc6a574b,usr_52409,tablet,11,125.45,False,True,-0.6433
,03fa72ce-a274-4de2-88fe-7f35a62c908e,usr_65634,tablet,14,99.0,False,True,-0.6576
,3ddf6726-173c-480e-8c01-72f8d6173002,usr_52758,mobile,13,4472.15,True,True,-0.6334
,f5ac0e6d-2dd9-4a78-80fa-7e6d3f46b8bf,usr_38893,bot_scraper,10,11.7,True,False,0.0
,a615cb11-3f99-401d-8a8a-4539698974d3,usr_15223,bot_scraper,3,7.0,True,False,0.0
,a5918f2e-dcdb-4897-8ab3-dcb85dfbb858,usr_19115,tablet,8,4619.88,True,False,0.0
,f04e4ddd-0e63-42b0-aec3-29a2687b694c,usr_05873,bot_scraper,8,8.62,True,False,0.0
,66321829-52f3-42ac-9d08-bb2cadf3e78a,usr_57175,desktop,13,126.15,False,True,-0.6589
,58e0012b-e399-43eb-a8d4-fad686d814ff,usr_26107,desktop,11,120.91,False,True,-0.6439
,74f54339-cddb-4c17-8046-a37d99c4e449,usr_73847,tablet,13,137.23,False,True,-0.6147
,dc4db59d-a04d-482d-a505-602bb4d0febf,usr_58053,desktop,12,110.75,False,True,-0.6116
,64f5df0f-3567-40f9-b7f6-ed1b03af32f8,usr_43727,mobile,10,122.5,False,True,-0.6037
,252be9e9-3102-46f1-9266-af5422cc2110,usr_78676,mobile,5,4708.4,True,False,0.0
,f081e8db-79cc-4f93-b724-daf7d0422842,usr_82205,tablet,14,120.64,False,True,-0.5995
,fa6c570e-6af5-42b2-97b1-2d6bc8d22465,usr_22929,desktop,14,120.21,False,True,-0.6117
,84d26cae-d6da-4e8b-8f9d-dd2418ecf6b6,usr_76167,desktop,12,128.0,False,True,-0.6048
,ce1b760b-df7d-4bd1-9e2a-b6a0baead2ba,usr_63031,mobile,11,109.36,False,True,-0.6406
,f04e4ddd-0e63-42b0-aec3-29a2687b694c,usr_05873,bot_scraper,3,14.0,True,False,0.0
,77573674-124c-440b-85cf-b2fc1411e940,usr_52104,bot_scraper,9,11.56,True,False,0.0
,5470bdf6-e28e-42af-b71a-d711af2aba8c,usr_22883,desktop,12,115.17,False,True,-0.6076
,92b682dd-de0d-415a-bd59-5f9545c3d73f,usr_92482,mobile,12,117.33,False,True,-0.6037
,dbf0c875-2769-4d44-9c35-dfca13bf1d49,usr_54028,tablet,11,127.45,False,True,-0.6071
,df3edc5b-3650-49b4-80a3-b74aa1ee1973,usr_14273,bot_scraper,8,9.25,True,False,0.0
,cd702fb6-4ceb-4950-a101-54536f6bc0c9,usr_75718,mobile,11,128.55,False,True,-0.6137
,2ba6d4c8-84e3-4ff3-9689-54838e477156,usr_43415,bot_scraper,13,11.0,True,False,0.0
,db89bec7-a5ba-4665-bb53-81457c45c034,usr_71731,desktop,12,117.67,False,True,-0.6037
,77573674-124c-440b-85cf-b2fc1411e940,usr_52104,bot_scraper,1,10.0,True,False,0.0
,13da89ea-a75f-485a-9843-4b9db1c2ea1d,usr_59321,desktop,1,3420.0,True,False,0.0
,7ece0b69-fdc9-4188-8854-b3a255af60cd,usr_78418,tablet,13,119.0,False,True,-0.6256
,3ead9adf-df22-4609-8a37-699f0e03b0e3,usr_75874,bot_scraper,4,5.5,True,False,0.0
,f0ab28e8-0685-41e9-8337-19d1df6c2aca,usr_88310,tablet,13,5524.77,True,True,-0.6487
,1062ce5a-20c3-4a98-a1e9-5227689ccb43,usr_19338,desktop,7,5036.57,True,False,0.0
,7861918e-1397-4fad-8abc-0486dccc3765,usr_35197,tablet,14,124.79,False,True,-0.6278
,fd255605-6ced-430d-b6b1-ba327e601791,usr_49977,mobile,5,5711.0,True,False,0.0
,7b199cb0-c804-410a-999b-e00af25c3c05,usr_62652,tablet,13,106.46,False,True,-0.6212
,aac512ab-afd2-4cbb-91e0-4b7b02128ecb,usr_35416,mobile,14,118.86,False,True,-0.673
,ae1e07d3-8969-41df-a041-bd87885d7261,usr_31765,tablet,13,115.54,False,True,-0.6236
,501b3be8-b1c1-4d97-b348-b544286efef7,usr_19361,mobile,9,5013.11,True,False,0.0
,13da89ea-a75f-485a-9843-4b9db1c2ea1d,usr_59321,desktop,12,4384.33,True,True,-0.6219
,90460de8-d38e-4989-88c9-ef9d3c5e1ccf,usr_39561,desktop,11,118.27,False,True,-0.6093
,f1c14071-9443-42da-8be9-00673ff0d9ac,usr_17362,desktop,14,120.5,False,True,-0.6145
,59800b8e-6aba-40b0-8b99-c471d911688c,usr_43342,tablet,13,132.38,False,True,-0.6371
,c25893da-f3ec-40e1-85de-f8f988b48c2f,usr_43575,desktop,14,129.29,False,True,-0.6152
,fd255605-6ced-430d-b6b1-ba327e601791,usr_49977,mobile,9,4461.22,True,False,0.0
,a4a06a1c-cdd1-4a9d-83b7-371cf707571d,usr_05901,bot_scraper,3,14.33,True,False,0.0
,fb19acb5-8759-4706-9693-5924ad6feada,usr_74940,mobile,4,4990.5,True,False,0.0
,b3c76d4f-d5d5-46a2-99a4-7fc1f5feaef4,usr_36056,tablet,13,108.23,False,True,-0.6055
,f487544f-444a-4d7e-9561-de54bb26063b,usr_12654,desktop,12,125.08,False,True,-0.6115
,d3d239db-0054-4a0f-afd7-cc3ac1e3a301,usr_83950,desktop,10,128.4,False,True,-0.6015
,ad40d8cb-6032-4b6e-831b-ac4a3ec9da6b,usr_51180,desktop,11,127.09,False,True,-0.6071
,18c6a324-acb8-4bba-af42-734a614d1b23,usr_65557,bot_scraper,13,7.92,True,False,0.0
,78681bbb-bb49-4aee-adcf-ca0b7f65867b,usr_61957,tablet,12,120.0,False,True,-0.6063
,4e776134-83f2-4609-92cc-fcb03d26d9c4,usr_49383,bot_scraper,3,6.0,True,False,0.0
,a4a06a1c-cdd1-4a9d-83b7-371cf707571d,usr_05901,bot_scraper,1,16.0,True,False,0.0
,c8fdcd24-2262-4660-93cb-532e6288276a,usr_06236,bot_scraper,3,7.67,True,False,0.0
,918c498e-74b1-4e40-b30b-4f286409d0c1,usr_82538,mobile,13,127.46,False,True,-0.6056
,dc2b008f-438d-49db-ad9b-b1ef8a3a5f8b,usr_67140,desktop,14,122.29,False,True,-0.6278
,0db1e986-338a-4cb8-b575-24ce4ab83518,usr_42330,tablet,3,6125.67,True,False,0.0
,13e0164c-05e6-4fb2-a8b1-f7f742bfe988,usr_91299,bot_scraper,6,9.83,True,False,0.0
,41755351-dec5-4e20-9336-d0d9f6aedb24,usr_28950,mobile,13,110.77,False,True,-0.6013
,81e377b4-25d3-4190-a89d-5fb397594ea3,usr_09047,tablet,4,5785.25,True,False,0.0
,80ca4fdc-addd-490c-bae1-292c7d9d089b,usr_88764,mobile,9,5679.22,True,False,0.0
,4610a53d-06fd-4ae2-b68f-9167778f199f,usr_55754,bot_scraper,8,10.5,True,False,0.0
,59e934b8-5440-4b65-aa57-66d1caff1f3c,usr_98292,desktop,12,128.75,False,True,-0.6068
,3e027340-c8d5-4f37-b445-b733630af0ba,usr_08366,desktop,4,7381.75,True,False,0.0
,af6940ef-3619-4d1e-9d4b-bc27af63f98c,usr_76205,desktop,7,4915.43,True,False,0.0
,52922e99-c34c-4fe5-81cc-d6b7398dbfcb,usr_18674,mobile,11,109.91,False,True,-0.5975
,72d8a07c-a927-47d2-9167-88e237b4784f,usr_91492,tablet,14,118.43,False,True,-0.6098
,4610a53d-06fd-4ae2-b68f-9167778f199f,usr_55754,bot_scraper,2,13.5,True,False,0.0
,69778b70-0625-4ea4-a291-a4aad32605a5,usr_65432,bot_scraper,9,7.78,True,False,0.0
,f42d5c5e-89a8-40ea-85db-d87201678e56,usr_51922,tablet,12,120.75,False,True,-0.6505
,134d31be-bf3a-4916-9ff8-26c66bae6f0e,usr_79247,desktop,14,114.36,False,True,-0.6202
,8861eddb-57fb-4165-95a0-ef6b008ab9fe,usr_02184,mobile,10,120.8,False,True,-0.6422
,20696b4e-22ee-4029-bd84-76a07a7f360a,usr_21705,tablet,12,139.42,False,True,-0.6194
,0106ef88-98c4-4864-b9d9-eabd562322c4,usr_95034,mobile,14,119.79,False,True,-0.6225
,7a349720-f66c-4fd0-91d9-17cc1e76e874,usr_14481,bot_scraper,10,9.7,True,False,0.0
,e0291cb9-b62b-44fc-aff7-5001e667b7e5,usr_63346,tablet,7,4494.0,True,False,0.0
,8d759871-ece1-4402-92fc-08179c621206,usr_42924,tablet,14,120.57,False,True,-0.6228
,af87c0af-5181-429a-9d1b-a428d92fef77,usr_54513,desktop,13,111.23,False,True,-0.6137
,716bb1f8-1bdd-4c0d-8f5a-58368ed881ee,usr_70187,tablet,12,108.0,False,True,-0.6033
,a213aef2-1ad7-4852-8580-b0d511383585,usr_21731,tablet,11,119.73,False,True,-0.6439
,69778b70-0625-4ea4-a291-a4aad32605a5,usr_65432,bot_scraper,4,13.5,True,False,0.0
,c854b11e-2503-4cbe-833b-f5c3cd31517e,usr_91451,bot_scraper,3,6.0,True,False,0.0
,8c16f3aa-26c4-4716-ab7c-9b0b637432b4,usr_91092,tablet,8,4430.62,True,False,0.0
,e0291cb9-b62b-44fc-aff7-5001e667b7e5,usr_63346,tablet,5,6624.4,True,False,0.0
,7a349720-f66c-4fd0-91d9-17cc1e76e874,usr_14481,bot_scraper,4,7.75,True,False,0.0
,a8e612d3-6e67-43b2-99d1-bfacb60248f9,usr_76040,desktop,5,4508.0,True,False,0.0
,285d45ef-4205-4afe-af1b-758fe4ad48e2,usr_49027,tablet,8,4878.0,True,False,0.0
,e3e9dbe8-440b-4d88-8000-2fb64a2e1e3e,usr_09418,tablet,12,4800.33,True,True,-0.6259
,f13acf7a-f8bd-4de5-9734-86126878c522,usr_85128,bot_scraper,7,8.0,True,False,0.0
,cb216db2-6673-4c1d-a3c0-096eeeb9723f,usr_32121,mobile,10,124.4,False,True,-0.6037
,968b8c64-572d-4359-bb28-256a6e98306b,usr_47318,desktop,12,121.08,False,True,-0.5978
,285d45ef-4205-4afe-af1b-758fe4ad48e2,usr_49027,tablet,5,5180.6,True,False,0.0
,f7016900-0e85-4a94-9e8f-b9109764620c,usr_32654,tablet,10,103.0,False,True,-0.6028
,2f1bef8e-2022-4ef9-b08e-50056684d24a,usr_56215,mobile,11,4727.09,True,True,-0.602
,9ac6e693-4ab7-4503-a7ac-8a9ec69fa941,usr_51535,tablet,9,109.33,False,True,-0.625
,a8bc715f-baef-4b4d-8564-7ee82e274d05,usr_11607,mobile,12,122.33,False,True,-0.6191
,9d94589e-0297-46d8-b1ac-fb67b96d6baa,usr_19401,bot_scraper,4,9.0,True,False,0.0
,db3bae42-ee43-4bba-a24b-dc857de1f16d,usr_72727,mobile,14,124.36,False,True,-0.6164
,788a6a55-ae3e-4ca5-a023-c6ca485c7b85,usr_47128,bot_scraper,11,9.55,True,False,0.0
,404fcaca-5d8f-4a64-856d-5dc0ad2027d9,usr_61935,tablet,6,99.33,False,True,-0.5994
,dae3e036-4b83-4d8d-9305-3b76a74b0669,usr_33185,bot_scraper,7,12.14,True,False,0.0
,897ae961-ba75-49e8-9a55-3e553a25139f,usr_90244,mobile,11,128.45,False,True,-0.6125
,e2ffc42b-5032-4809-98bc-7d9ca93357a8,usr_82509,bot_scraper,6,13.17,True,False,0.0
,8afd480e-c331-4d7e-accf-f5430d0d136e,usr_73605,desktop,12,124.92,False,True,-0.6191
,d55d51ac-faa9-4b1c-9055-38a4e423d909,usr_49843,mobile,3,3507.0,True,False,0.0
,2f1bef8e-2022-4ef9-b08e-50056684d24a,usr_56215,mobile,2,5779.0,True,False,0.0
,a18826b3-da09-46b4-91ff-c455df6e4f9d,usr_39287,desktop,13,121.38,False,True,-0.6099
,43a6ce64-a6e6-4d5f-b55e-be9bbf60f1f3,usr_61011,bot_scraper,10,8.3,True,False,0.0
,ce891e74-1529-4968-84e0-42fe821357d0,usr_08132,tablet,12,5157.0,True,True,-0.6319
,856b7671-5669-4701-9659-90a4672312cf,usr_40320,bot_scraper,6,7.5,True,False,0.0
,fc0c6bba-8488-42e8-b82e-a2731f84c3fb,usr_04066,desktop,11,116.45,False,True,-0.6007
,5b26d90b-156d-4208-b6d6-cda5b849d707,usr_30159,desktop,10,120.7,False,True,-0.6036
,b7c9b563-330e-4949-986b-c571d3923eaf,usr_20768,tablet,13,119.62,False,True,-0.6588
,fabe459f-a64d-4dd1-be01-15e49e6003fc,usr_47834,tablet,11,124.0,False,True,-0.6139
,ba4c0406-7839-4b47-bdd8-6c5359c7e647,usr_06897,bot_scraper,4,7.25,True,False,0.0
,51007e44-2922-425f-9ab3-5a0b2e65a251,usr_02046,bot_scraper,5,8.8,True,False,0.0
,0509007c-3358-4afb-a63d-7ccf46b4acb2,usr_67029,desktop,13,4436.08,True,True,-0.6334
,2f4aef53-2c47-4477-a384-0d782111b84d,usr_40564,mobile,12,124.5,False,True,-0.6004
,2d502b8f-5fa7-4c43-ae62-6f874685316f,usr_27206,desktop,14,110.21,False,True,-0.6263
,86c85ba4-fdae-454a-829f-f364987f5af8,usr_28187,desktop,11,116.55,False,True,-0.6425
,69703c40-376e-4318-bab3-325bfc804796,usr_05572,tablet,2,3178.0,True,False,0.0
,bcf63f95-c72a-4b35-b291-1e6da4f6ddd3,usr_75463,desktop,14,116.14,False,True,-0.6716
,f14e32b5-a10a-4dde-8676-e777200169f8,usr_83917,tablet,13,122.92,False,True,-0.6061
,b289036c-55fd-4a5c-baff-99de5423c01e,usr_72631,desktop,12,121.0,False,True,-0.6069
,b6f6e42c-8cbe-42e2-8fd8-04d836130be6,usr_28763,mobile,7,122.43,False,True,-0.6084
,fda6f579-0bf8-476a-8933-874fee7640d6,usr_07844,bot_scraper,5,8.0,True,False,0.0
,4f01033e-a123-41de-8905-47912d0631fe,usr_54492,mobile,13,116.92,False,True,-0.6108
,ff6bd942-903a-47cb-8a5e-f7c386c614d4,usr_38336,tablet,14,123.86,False,True,-0.6278
,efca784f-56a6-46de-9181-5ab490458255,usr_65575,mobile,13,131.31,False,True,-0.6085
,e7fe4672-4bb3-4956-b5c6-88de128419bd,usr_35334,desktop,12,114.83,False,True,-0.6498
,8ec7458e-c3dc-433e-a4c8-6e9eabd27aa7,usr_51480,desktop,14,125.71,False,True,-0.6184
,a11373a2-9429-4b6c-a2dc-b0f87fe3ffa9,usr_32368,desktop,14,115.64,False,True,-0.6225
,fbbbf464-20b0-444e-891f-f1c2afcaeb8d,usr_38725,desktop,13,119.15,False,True,-0.6058
,29b76d7b-2a65-4412-b347-430817cbb73a,usr_21816,desktop,8,128.25,False,True,-0.6156
,69703c40-376e-4318-bab3-325bfc804796,usr_05572,tablet,4,6500.5,True,False,0.0
,bed9ed5d-6747-489a-982c-6c0c356713ee,usr_64102,tablet,12,110.83,False,True,-0.6116
,30a8e91e-cdb7-4526-a264-af6909290647,usr_71774,bot_scraper,13,10.77,True,False,0.0
,f94e2cc2-948b-4076-a15d-7edeff71154a,usr_01540,mobile,7,5374.14,True,False,0.0
,90219c94-78a7-46e3-a51f-61a117bc9fbd,usr_05041,desktop,14,4478.71,True,True,-0.6486
,2b84b299-3e1f-431f-a286-df224e907fff,usr_88880,bot_scraper,8,9.5,True,False,0.0
,fda6f579-0bf8-476a-8933-874fee7640d6,usr_07844,bot_scraper,8,12.25,True,False,0.0
,a2729ae0-7dcf-4961-84a6-5f647181a3c8,usr_51386,desktop,14,122.07,False,True,-0.658
,8eea18cb-c0a0-4ccf-9851-3b89a034c369,usr_61613,tablet,13,126.85,False,True,-0.6143
,25e65302-8ec2-45cb-8faf-ab77c01fee8c,usr_92681,desktop,8,5500.25,True,False,0.0
,e0c6dd35-fdff-4a63-bac4-8fd252ca3736,usr_54408,tablet,14,117.21,False,True,-0.6716
,a886032e-45e0-4124-9772-3ed80e303f55,usr_11422,bot_scraper,8,6.75,True,False,0.0
,11ed81c6-da15-419d-b6bf-f8558590fd52,usr_92513,tablet,5,4428.8,True,False,0.0
,3f48d9de-fd2e-47fb-95a0-1688d7f2736a,usr_16101,bot_scraper,5,9.6,True,False,0.0
,fc856104-c6a9-4a3e-8b08-8e243ba0e355,usr_19753,bot_scraper,12,10.5,True,False,0.0
,6a93c0b7-e9ba-4ab6-95cf-fc592ef773a6,usr_89521,tablet,3,5739.33,True,False,0.0
,25ff6afc-6678-42af-b43b-68df98ecfd64,usr_27124,desktop,9,4838.67,True,False,0.0
,7cb97f39-beb5-476a-81ac-3a0fa16c5f78,usr_93385,desktop,3,5848.33,True,False,0.0
,f99ec8b3-33eb-4274-810c-f164a4eefaa4,usr_75896,bot_scraper,9,9.11,True,False,0.0
,2de28416-9109-421a-a4d1-18927204f2de,usr_58218,tablet,10,4402.5,True,False,0.0
,e9829aec-36a4-4f10-be4e-4b4146e21756,usr_78053,bot_scraper,10,10.3,True,False,0.0
,42bc3dd3-1cda-4068-8e21-6227d6f3c229,usr_47937,tablet,12,119.0,False,True,-0.605
,60a34cfa-91e6-4df9-a76b-fef7c29ad273,usr_54431,tablet,14,114.71,False,True,-0.6258
,084c85f9-678c-42f4-a382-483c47db9523,usr_09550,tablet,11,107.0,False,True,-0.5992
,fc856104-c6a9-4a3e-8b08-8e243ba0e355,usr_19753,bot_scraper,1,1.0,True,False,0.0
,11ed81c6-da15-419d-b6bf-f8558590fd52,usr_92513,tablet,6,5480.33,True,False,0.0
,68f18323-332f-4d2c-b866-259abbbd699f,usr_55185,desktop,10,102.2,False,True,-0.6434
,3f48d9de-fd2e-47fb-95a0-1688d7f2736a,usr_16101,bot_scraper,5,6.6,True,False,0.0
,a6040045-7da3-4db8-809b-14fed7ef9e1e,usr_82623,tablet,13,127.62,False,True,-0.6055
,c45ad77d-210c-41c4-84b4-f86e75bfbd71,usr_85968,tablet,10,134.4,False,True,-0.6095
,18fb9b1a-fd08-4dcf-9a3b-ba4836be9751,usr_03178,mobile,11,132.36,False,True,-0.6133
,a644feb0-e39f-42d7-a896-8063c7cdf407,usr_62985,mobile,12,118.5,False,True,-0.605
,c4f4da34-ac1f-4d08-9561-447b10b06420,usr_52342,mobile,11,135.0,False,True,-0.5988
,f99ec8b3-33eb-4274-810c-f164a4eefaa4,usr_75896,bot_scraper,5,7.8,True,False,0.0
,d0429ab4-9575-4198-a0d3-215aa192b20c,usr_42404,tablet,7,115.86,False,True,-0.6025
,0263e733-3186-4654-b827-0d12dfe992f9,usr_98170,mobile,13,106.0,False,True,-0.6198
,6c5bd142-9078-4097-940a-6103d7c916c4,usr_90228,desktop,11,139.82,False,True,-0.6143
,4033c61e-b5e0-4440-9a22-3f35d8f6db68,usr_97701,bot_scraper,4,11.0,True,False,0.0
,92b72693-731c-4256-aa1e-2907b017deda,usr_05071,bot_scraper,3,7.0,True,False,0.0
,ae95c808-2080-4a1c-b2a7-ffabde655819,usr_78365,desktop,13,135.23,False,True,-0.6371
,e2af164c-c961-420c-8e22-eb722d3c243b,usr_79038,desktop,14,122.07,False,True,-0.639
,59b5f1e1-c873-4ae8-86c3-2aeed39e9676,usr_00302,desktop,14,117.86,False,True,-0.6085
,982998f7-f279-40ae-ac73-d291ca1069e6,usr_06951,mobile,9,123.22,False,True,-0.6036
,12ac03ee-b1dc-44f9-8131-dd5ccd002b37,usr_12724,bot_scraper,4,2.25,True,False,0.0
,d8cc1957-2871-409d-935c-e8a16ca1245a,usr_73136,bot_scraper,13,10.62,True,False,0.0
,d11c34fe-c362-407a-a04f-f4a7f868078b,usr_85840,mobile,12,128.58,False,True,-0.6068
,209f95af-32a4-4ab7-957b-9c2041009737,usr_20146,bot_scraper,9,11.56,True,False,0.0
,eb1a2e2b-0eb5-4d5e-89d0-3187dbda9a34,usr_39087,mobile,12,127.0,False,True,-0.6128
,12ac03ee-b1dc-44f9-8131-dd5ccd002b37,usr_12724,bot_scraper,9,6.89,True,False,0.0
,8e64db6f-15b4-442e-ab61-620bd499f699,usr_63796,bot_scraper,4,5.25,True,False,0.0
,14aa5e6f-4d87-453c-9eac-649233acb8a2,usr_83522,mobile,13,122.38,False,True,-0.6298
,3639be0f-d1d0-48c4-9b52-96bee5c35c74,usr_54424,bot_scraper,14,7.36,True,False,0.0
,34b3484b-cd68-4378-b3ae-aec7d1810bbc,usr_40051,tablet,13,112.38,False,True,-0.6013
,c26346db-7161-4f4f-9c81-9bbe70e35421,usr_46129,tablet,14,125.93,False,True,-0.5996
,d1fad798-eb5f-444f-a095-e3e1d17f9b41,usr_12435,bot_scraper,6,11.17,True,False,0.0
,feeea6de-a81d-455b-9906-a57389f29adf,usr_82881,tablet,7,5288.71,True,False,0.0
,181ec8e9-7bed-4fbc-8b0f-bfb0d4c64f68,usr_51630,mobile,14,109.71,False,True,-0.6288
,e480711b-98e9-463a-8653-a28924efb90d,usr_86980,desktop,14,122.0,False,True,-0.6271
,7a5551ef-cfb4-4b9a-b81e-cda331b8d7ed,usr_75120,mobile,10,143.7,False,True,-0.6035
,8e64db6f-15b4-442e-ab61-620bd499f699,usr_63796,bot_scraper,9,11.11,True,False,0.0
,4738a286-254b-44b7-bb49-d2d57d89a6df,usr_29772,bot_scraper,1,17.0,True,False,0.0
,d5bd30a1-3038-4d8d-a6e2-8aeb1dadef60,usr_92391,mobile,10,129.7,False,True,-0.6446
,a2f60cd3-b283-4e21-b0a2-468b4e67ffb6,usr_93525,mobile,13,107.0,False,True,-0.6091
,01561b87-9266-4883-b492-fd67fc0e3edc,usr_89817,bot_scraper,9,9.89,True,False,0.0
,1944b8f7-a0e8-4deb-9ddd-920dda342180,usr_76736,desktop,12,130.42,False,True,-0.613
,9d3d47ca-b41f-4ff1-ba98-7c88eb30d780,usr_92760,tablet,12,124.0,False,True,-0.6115
,feeea6de-a81d-455b-9906-a57389f29adf,usr_82881,tablet,2,4563.0,True,False,0.0
,50943703-6bfb-4643-a187-c5c8681ac834,usr_67200,bot_scraper,1,10.0,True,False,0.0
,5be687f9-d567-422e-a7d9-32dda1b1553b,usr_58550,tablet,13,5033.92,True,True,-0.643
,03d5cf15-1772-49ca-a2e6-82ffa52e9c4e,usr_78486,tablet,12,126.83,False,True,-0.6506
,28ad9b41-1039-462b-98c5-e7c7a4cdbc8e,usr_89653,desktop,14,126.93,False,True,-0.6291
,67d8fe48-6b17-4f6d-b989-1465a8257b89,usr_96775,bot_scraper,3,4.33,True,False,0.0
,c015b955-94bb-4224-a01e-36e31a5f094f,usr_27604,desktop,13,119.77,False,True,-0.6121
,beaf3351-acc0-4129-be28-e04bf5c10d55,usr_32392,tablet,13,108.69,False,True,-0.6212
,4738a286-254b-44b7-bb49-d2d57d89a6df,usr_29772,bot_scraper,11,9.64,True,False,0.0
,66a8fde0-4bec-4a5d-8de4-b6209a478f7b,usr_89123,mobile,4,4932.75,True,False,0.0
,564438ed-7d80-44d5-86f8-3e5ea9b8383b,usr_93744,desktop,10,4827.1,True,False,0.0
,c8d1e24d-0aab-4929-af61-6bfde42487a3,usr_03155,mobile,13,134.54,False,True,-0.6127
,f76ade6f-1ff0-4b64-a1ed-e7b47561b3a7,usr_39397,tablet,12,135.67,False,True,-0.6201
,5e5e1730-45a3-4424-9c16-a25a21d652f6,usr_48337,tablet,13,96.54,False,True,-0.6094
,50943703-6bfb-4643-a187-c5c8681ac834,usr_67200,bot_scraper,13,6.92,True,False,0.0
,564438ed-7d80-44d5-86f8-3e5ea9b8383b,usr_93744,desktop,3,4289.0,True,False,0.0
,2900d9c9-e5b3-44a8-abae-c564ec3ab276,usr_94670,tablet,11,125.82,False,True,-0.6058
,c5d62b44-23d8-47a1-b61f-5b72de22b7b4,usr_67153,tablet,11,133.27,False,True,-0.6198
,81db9ee6-3340-42b6-9514-04c64b5b0f52,usr_62814,mobile,14,132.43,False,True,-0.6123
,763f0328-6345-46a8-a982-22e3ea3f2b16,usr_01939,mobile,12,126.75,False,True,-0.6016
,d41ce840-a934-4073-bdcf-8f33a0be86b8,usr_25479,mobile,3,3922.33,True,False,0.0
,3b81d135-b1d4-4d0f-836c-a869332c6ef2,usr_08173,mobile,13,126.62,False,True,-0.6391
,4b56e8ed-ab9b-4ab0-8070-77fba78b06c6,usr_66980,tablet,13,116.54,False,True,-0.6159
,35160c0a-f15b-41b5-b52c-d656b76c896e,usr_02227,bot_scraper,3,8.67,True,False,0.0
,f93c6820-7359-44d7-acdb-5cffa8f0158f,usr_19345,bot_scraper,6,11.0,True,False,0.0
,872fb315-b1a3-4d9d-8d4e-96f0512ee4dd,usr_23266,bot_scraper,10,10.5,True,False,0.0
,313ab0a2-a5d5-4cee-9377-1a87e948987c,usr_33153,mobile,9,108.22,False,True,-0.6266
,6963c159-9ff5-4b71-b213-b070ca2d245f,usr_13481,bot_scraper,10,9.9,True,False,0.0
,cd504ab6-f538-49fb-9204-26040ed9fb54,usr_19480,bot_scraper,4,7.75,True,False,0.0
,50a09c35-461b-4132-b356-7013e1118c2c,usr_35647,desktop,12,123.0,False,True,-0.6191
,703f4ddf-1b8a-41b2-b0e6-373178a0c476,usr_19345,desktop,9,98.44,False,True,-0.6061
,846e362d-a7d7-4f47-bcc5-1137295176b1,usr_48543,mobile,8,4927.75,True,False,0.0
,728de416-6c4f-4995-a264-a9c01c2b7827,usr_85920,desktop,4,4205.25,True,False,0.0
,82abcfed-65ac-446a-967e-223b0b055466,usr_57755,mobile,13,121.54,False,True,-0.6378
,c08a64ed-83a0-4e37-b3e6-b5d7c35393b9,usr_63572,tablet,4,5217.5,True,False,0.0
,bfa738f5-aa8a-435f-961c-a93e55a5f59a,usr_39021,desktop,14,122.86,False,True,-0.6164
,f93c6820-7359-44d7-acdb-5cffa8f0158f,usr_19345,bot_scraper,6,7.83,True,False,0.0
,872fb315-b1a3-4d9d-8d4e-96f0512ee4dd,usr_23266,bot_scraper,1,4.0,True,False,0.0
,ab963d31-91ec-46ed-b3a6-dc8de5606f49,usr_88427,bot_scraper,5,9.0,True,False,0.0
,f71541ee-1594-4c9e-a205-cd00a060ed1e,usr_08916,mobile,13,120.31,False,True,-0.6091
,018b0e06-e4ee-4811-9e6a-979509cf6a30,usr_89051,mobile,14,116.43,False,True,-0.5977
,e35b5cca-378e-4f95-ba4f-3b95e56e3f0d,usr_59779,desktop,14,117.5,False,True,-0.6199
,8faa5770-4cee-4d6e-a404-a6aa41087474,usr_84265,desktop,14,4861.0,True,True,-0.6584
,2244d849-c736-4382-92d2-fe60d75fcf69,usr_28075,bot_scraper,3,12.67,True,False,0.0
,1df93a63-1260-428d-8f7e-4d5382596b74,usr_14267,bot_scraper,6,9.83,True,False,0.0
,bd7917a0-6948-42e3-af5e-0b8c39462c97,usr_10359,tablet,11,125.73,False,True,-0.6058
,e3f921cd-61dc-4116-b197-b69ee2a65b99,usr_73192,mobile,12,114.5,False,True,-0.6095
,21376b18-71d7-44b4-b318-7bc58fc320bc,usr_72596,tablet,6,5002.33,True,False,0.0
,ab963d31-91ec-46ed-b3a6-dc8de5606f49,usr_88427,bot_scraper,8,8.25,True,False,0.0
,2d9c3f6a-1911-4a69-b130-cb9ed2ca739b,usr_23749,mobile,14,120.64,False,True,-0.673
,12c63932-981b-4dc1-a49d-9ae3e3efada7,usr_73320,mobile,8,102.25,False,True,-0.5979
,81a098de-9733-46d3-bef6-a1c78206c3ee,usr_79144,desktop,5,5325.2,True,False,0.0
,055d539b-0a53-43ab-b2f8-67e4e85f691c,usr_88332,tablet,14,129.36,False,True,-0.6501
,dada8f49-215d-4c6e-a6d0-27a6ed6b32fa,usr_42916,bot_scraper,11,10.0,True,False,0.0
,5cd40b7c-11a4-49bc-8ff2-8f330d62af91,usr_10988,mobile,10,5548.7,True,True,-0.5999
,a4082149-7c76-4ae8-a98f-f78b06c68104,usr_81908,tablet,7,4575.71,True,False,0.0
,212e90b6-621e-4560-a188-1787628b2c2a,usr_00361,desktop,12,4826.08,True,True,-0.6259
,2cc9d0d2-6104-4855-ac1e-f005094f3416,usr_60443,desktop,12,4962.0,True,True,-0.6313
,e70bcaed-9301-4044-a045-f693e4d947ab,usr_96513,mobile,10,128.8,False,True,-0.6416
,1866475a-db48-4229-ae16-1240abe89385,usr_20040,mobile,10,144.6,False,True,-0.6035
,22ed8894-e3b8-42b1-8065-80ed9a4e6daa,usr_89919,desktop,14,118.64,False,True,-0.6384
,5d146c6d-5a1f-4c18-8f76-8c31d8c2b08f,usr_56729,bot_scraper,9,8.67,True,False,0.0
,8f5ccb54-4753-45f7-aa23-fa391a3b56de,usr_38795,desktop,13,132.23,False,True,-0.6216
,62775f26-437e-452b-a313-c54227a30bba,usr_53199,tablet,14,131.71,False,True,-0.6367
,a4082149-7c76-4ae8-a98f-f78b06c68104,usr_81908,tablet,2,4846.5,True,False,0.0
,1c9215b3-a8f1-4f39-83ce-2b131bb1b09c,usr_06831,desktop,13,116.38,False,True,-0.6218
,6ca3e37c-8a25-49d8-aa43-12f54bbad0af,usr_30536,tablet,11,131.18,False,True,-0.6042
,4a37b862-a739-44d4-8075-5ba8cd8a3f43,usr_12566,tablet,13,121.77,False,True,-0.6117
,af7bdf33-ccf9-4ca6-b0b3-3f29f357362c,usr_13955,desktop,14,123.07,False,True,-0.6164
,f836b99b-019a-4522-95d4-44bd5029e46e,usr_61419,mobile,14,123.79,False,True,-0.6278
,70728514-2e00-4534-b3c1-5643cc445848,usr_19951,desktop,13,115.23,False,True,-0.6015
,d2379739-d625-41a9-b68a-f3d827bfc96e,usr_33175,bot_scraper,6,10.0,True,False,0.0
,75ed27fb-6efa-4533-b3b5-f0a7d6c86c60,usr_43081,desktop,11,113.27,False,True,-0.6052
,4f77cbf1-24d9-4587-a5b2-df429a0e37cd,usr_77092,desktop,14,111.29,False,True,-0.6273
,cf70d105-0d8b-4571-b93c-e20a1db692a1,usr_38355,tablet,14,113.86,False,True,-0.6271
,cfec76cd-86bf-422f-a13f-9f2fb5acdf10,usr_70475,tablet,10,5502.5,True,True,-0.598
,c99ca595-cea4-4939-ac85-7d78419bb2d6,usr_67467,tablet,11,125.73,False,True,-0.5972
,7587e1f9-09a9-41bb-8748-ddd126608950,usr_58944,mobile,11,119.55,False,True,-0.6105
,2c2f2499-251c-404c-91db-b55f478ced9f,usr_99359,desktop,3,3899.67,True,False,0.0
,8f812565-d0c6-4b05-ac2c-47dae23ce7f2,usr_93252,mobile,10,5300.9,True,False,0.0
,fd437f7b-5d33-45fa-b889-9a16bdb986c1,usr_28086,tablet,12,111.25,False,True,-0.6093
,76e4d815-17a9-475f-ae7a-514c2711ed80,usr_71504,tablet,12,5112.92,True,True,-0.6319
,0b8471d2-826e-4143-b5c7-9aff275e90c6,usr_90285,bot_scraper,10,8.8,True,False,0.0
,877af33b-aa49-4c16-9b44-0a97c54cb8bb,usr_72588,tablet,13,116.54,False,True,-0.5996
,04f7bd4f-06df-4685-9386-e663d3c8701e,usr_64622,tablet,13,105.38,False,True,-0.6085
,8f812565-d0c6-4b05-ac2c-47dae23ce7f2,usr_93252,mobile,1,2247.0,True,False,0.0
,5ff925a1-d193-450b-9951-dbdca7128dc3,usr_65463,mobile,13,119.85,False,True,-0.6009
,d23c31d4-5b8b-4b43-9f38-422bd8869496,usr_61414,tablet,14,121.71,False,True,-0.6158
,cfdf7179-6e13-4710-b799-93931290e1e5,usr_11503,mobile,14,129.86,False,True,-0.6321
,15d14ef3-bb7c-4279-8b38-0de6e570f5b5,usr_35400,desktop,13,126.69,False,True,-0.6186
,2c2f2499-251c-404c-91db-b55f478ced9f,usr_99359,desktop,10,4717.1,True,False,0.0
,43b22620-2a07-4784-ad62-80b3ce126a0f,usr_62316,desktop,8,111.25,False,True,-0.6083
,d72f5e16-2fea-40cb-abcb-958a8ed31fcf,usr_40095,tablet,13,118.08,False,True,-0.6108
,a45a33ee-3cc9-4fe7-9a6c-b8935dbe64ca,usr_00430,desktop,11,124.36,False,True,-0.6058
,2c74b16d-2054-4366-81e8-f965bfe91131,usr_28193,desktop,14,110.36,False,True,-0.6158
,b1977f64-9f11-4407-be46-80bc179ba12e,usr_95850,mobile,12,124.5,False,True,-0.6191
,62512de3-fe9b-4622-ab8e-281726bdcd83,usr_50747,desktop,13,116.54,False,True,-0.6078
,73acecb0-268e-40f4-92d4-d8b501293f36,usr_63444,tablet,12,146.42,False,True,-0.6172
,069bb377-3bf1-495a-8335-746804c69cbb,usr_66425,bot_scraper,6,10.5,True,False,0.0
,600f62cf-50c2-4647-aa7e-4a2818d86b57,usr_61735,bot_scraper,6,11.5,True,False,0.0
,f0c737e4-6273-46fe-8a65-a090e2558a87,usr_40011,mobile,12,124.0,False,True,-0.6115
,cda1c477-bc21-4461-991b-3140943ae5f9,usr_91220,desktop,14,4321.07,True,True,-0.6479
,972457e3-d392-4451-a016-25f965b7d39c,usr_87866,mobile,12,120.5,False,True,-0.6396
,265b5877-27fe-45ef-aaae-64fc162be991,usr_97345,mobile,10,114.8,False,True,-0.6146
,e955fb6e-f4a6-4751-bc41-7ed399b6445a,usr_98244,bot_scraper,7,14.14,True,False,0.0
,88840ca1-b4e0-44f1-94c3-01546c2dcec8,usr_45169,mobile,12,116.5,False,True,-0.6124
,fe17bd70-cf3b-4c76-95e5-426b7fad4571,usr_48111,bot_scraper,11,9.91,True,False,0.0
,5e111f9e-9d2a-4d72-ae97-59cdadd0054c,usr_49350,tablet,14,104.64,False,True,-0.6015
,600f62cf-50c2-4647-aa7e-4a2818d86b57,usr_61735,bot_scraper,2,11.0,True,False,0.0
,229eb4f1-83be-4415-abdc-703ccb43122f,usr_55187,bot_scraper,11,12.0,True,False,0.0
,069bb377-3bf1-495a-8335-746804c69cbb,usr_66425,bot_scraper,8,6.75,True,False,0.0
,13cf3071-5830-457d-add5-071579abc4b9,usr_66008,bot_scraper,6,11.83,True,False,0.0
,6455c53f-b4dc-427c-b073-95118219abd7,usr_83692,bot_scraper,10,12.1,True,False,0.0
,52ef701e-1962-4551-8611-eb58ad1c2491,usr_51299,desktop,12,125.83,False,True,-0.6004
,c632a665-535b-43ec-928f-94da48ace2c0,usr_97865,tablet,11,128.91,False,True,-0.6123
,7cf20d47-298d-41f4-9b28-85fb4e5a3ec7,usr_43173,mobile,13,131.38,False,True,-0.662
,0682071e-919e-45a6-bfb8-4ce7e24477a3,usr_28356,bot_scraper,5,8.4,True,False,0.0
,52b832f5-3e11-4042-b00a-507a4fc34f20,usr_14064,bot_scraper,4,8.5,True,False,0.0
,f43d27e8-b93d-4d62-aea5-09b644fd1a61,usr_26093,mobile,12,110.17,False,True,-0.6086
,6cfe2a24-aa6a-49b4-817c-0ddbea236582,usr_74898,desktop,5,3284.0,True,False,0.0
,13cf3071-5830-457d-add5-071579abc4b9,usr_66008,bot_scraper,7,7.29,True,False,0.0
,5343f1f1-d104-4768-b898-3f84d9ecbb5d,usr_91401,tablet,12,115.25,False,True,-0.6076
,e3a84bfb-0d68-40f4-b6e4-0b818bb9b45f,usr_85632,tablet,11,102.73,False,True,-0.6154
,75b2ad46-bbe6-45d7-b339-24f2bf21e621,usr_54347,bot_scraper,4,7.75,True,False,0.0
,af1d45dc-f5c6-4710-8524-60ae4ac926fe,usr_97977,mobile,11,129.73,False,True,-0.6123
,10c5ee71-b98a-4d9f-80fa-4dec3a552e0d,usr_91536,bot_scraper,3,8.0,True,False,0.0
,41b2a8a2-85e4-4a6b-a77b-456445853a5f,usr_24371,tablet,11,123.64,False,True,-0.6151
,b27ba504-8ca2-4460-9672-959ffc070b61,usr_76077,desktop,12,103.17,False,True,-0.6204
,d03025c2-3fa0-4b8a-83b3-597dcb3d8c39,usr_81524,desktop,10,104.2,False,True,-0.6001
,a3e245cf-2ddf-4517-a2f0-41c48ae5f6ea,usr_87051,tablet,13,105.69,False,True,-0.6205
,a72a5ee2-8276-4a22-8f6b-275b03d77f34,usr_77993,tablet,11,125.73,False,True,-0.6058
,14f4ac59-7cb4-487d-b9c8-dad6c111bb1c,usr_24533,desktop,12,117.42,False,True,-0.6118
,3bafc2e1-bfff-44b2-b07a-2425988c83aa,usr_96276,desktop,14,114.5,False,True,-0.6251
,f565f6c4-a925-4934-9c8c-9d5b19ddf9c5,usr_45372,bot_scraper,8,8.5,True,False,0.0
,75b2ad46-bbe6-45d7-b339-24f2bf21e621,usr_54347,bot_scraper,10,10.3,True,False,0.0
,8cf5f06c-5248-4938-a154-f9e5ab84e924,usr_92330,bot_scraper,6,12.0,True,False,0.0
,db8b4ade-462c-4839-85dd-1df3bd30395a,usr_78319,mobile,9,6063.22,True,True,-0.6034
,c7622c5d-eef6-4703-86cf-98534dd334c4,usr_56825,tablet,13,119.38,False,True,-0.6058
,92a95765-40ba-4752-9cda-a217ba56f9a8,usr_28370,tablet,13,120.08,False,True,-0.6337
,371bbfcf-fe97-4dbc-b288-ba6cbb3945c0,usr_16543,bot_scraper,13,8.92,True,False,0.0
,f885d62b-7bca-40da-ba20-823366f75db6,usr_10292,desktop,6,4597.83,True,False,0.0
,83f8b9b2-82e0-481b-b9da-74d0e6681f91,usr_89854,desktop,9,103.11,False,True,-0.6294
,db8b4ade-462c-4839-85dd-1df3bd30395a,usr_78319,mobile,1,4655.0,True,False,0.0
,30c2d4d7-c43a-4902-b30f-0669ec774f44,usr_26862,desktop,14,111.64,False,True,-0.6098
,1a0b464d-8700-4584-b7f4-781ead285448,usr_11801,tablet,9,119.78,False,True,-0.6261
,5d429f1d-c5f2-4db6-9ade-7b1b94c9aa11,usr_00276,mobile,9,118.11,False,True,-0.6261
,8cf5f06c-5248-4938-a154-f9e5ab84e924,usr_92330,bot_scraper,3,10.67,True,False,0.0
,7f09456e-8499-4a20-aabe-8042bcbd5942,usr_32358,bot_scraper,10,8.2,True,False,0.0
,6ffb0020-be53-417e-ba2f-c11f6c8a3cd2,usr_69704,mobile,9,134.22,False,True,-0.6072
,b1f6896d-de21-4973-bdb5-7d0abc5f7906,usr_91705,tablet,9,5459.33,True,False,0.0
,d0871188-7c85-4b8b-8c14-cd7ffaea0e15,usr_22418,bot_scraper,6,6.67,True,False,0.0
,f3f29336-b1c5-40ea-9a87-cd5fc2936e77,usr_92159,desktop,13,115.85,False,True,-0.6121
,fada4357-5b05-4d9e-82a2-77a1b0a6e32b,usr_20590,tablet,12,107.33,False,True,-0.6159
,99f93079-3ff2-4e01-bf12-a873d849d6bd,usr_75431,tablet,12,122.83,False,True,-0.6004
,63cadf8e-34c2-49b2-bb01-e68c2a74e5f4,usr_96605,desktop,3,3541.0,True,False,0.0
,ed7d64f4-e9d4-4c36-a31f-49f32451b69e,usr_45855,tablet,10,99.4,False,True,-0.5981
,57a9771b-bba6-4cce-a77c-7773a7c4cbed,usr_39355,mobile,12,109.33,False,True,-0.6025
,d7f37ed1-df7b-4fb2-989c-ab0e48e26d78,usr_88262,bot_scraper,3,13.0,True,False,0.0
,7dee6998-fe9d-4dbb-a723-4b685fa13a83,usr_43192,desktop,14,125.71,False,True,-0.6446
,847966cf-ee19-414e-bf55-f926d934cd5e,usr_80116,mobile,12,127.58,False,True,-0.6016
,d048f54d-4aa1-4f81-8676-1afa379a829e,usr_74795,tablet,14,107.79,False,True,-0.6188
,e94a6d78-db50-4817-b24b-1d1dc799931f,usr_11987,mobile,13,123.54,False,True,-0.6173
,7f7ddca7-3d5d-4c88-b9ef-700a55570219,usr_41948,tablet,5,6172.4,True,False,0.0
,935c8168-0fa5-47af-9cf9-5f826a3f8ae6,usr_04974,tablet,13,114.62,False,True,-0.6147
,9ee01637-9849-4d0b-84e1-0b7b2e7c9b56,usr_06780,mobile,14,122.71,False,True,-0.6271
,110d1068-a07f-44bb-bc11-e2828899231c,usr_52595,mobile,11,132.09,False,True,-0.6463
,f86a2b04-4494-420f-9a9f-402101bbc279,usr_40221,tablet,10,6052.9,True,True,-0.6098
,22588c3f-ab4c-404f-8375-c93f921ab27a,usr_04627,tablet,12,121.83,False,True,-0.6119
,f4e208dc-71d8-431a-991f-94951c900f4c,usr_07717,bot_scraper,10,9.0,True,False,0.0
,7c0d1127-0ca2-43ba-a9ab-a408e5dbfec9,usr_35452,tablet,12,121.83,False,True,-0.6119
,c06248d3-2aab-4444-b58f-c51b88c16c27,usr_93826,bot_scraper,13,12.23,True,False,0.0
,3647f192-699e-40c4-b0f7-bc5e01ac0122,usr_48675,desktop,4,5562.5,True,False,0.0
,e8d0b473-993b-4819-8803-a66262cbcef2,usr_53091,tablet,12,115.17,False,True,-0.6076
,3e68115f-e37d-4173-b54c-4c73b676892b,usr_53154,tablet,11,114.73,False,True,-0.5984
,7f8e3146-1e2f-4377-9bf6-1ba0b219d890,usr_19886,tablet,10,133.9,False,True,-0.6035
,b3152c06-a048-4858-8d3b-c5cb0e869c16,usr_49571,desktop,10,131.0,False,True,-0.6021
,97625eef-751e-42a5-ac0f-fa3a615571ca,usr_70559,bot_scraper,7,6.29,True,False,0.0
,732124ae-f4fe-417a-b877-63d21c289ac4,usr_52841,mobile,5,5608.0,True,False,0.0
,4190b17d-f08a-4549-9503-cfc3bf4d6527,usr_30468,mobile,12,131.58,False,True,-0.6201
,1480bf2d-c34b-4ec0-b4d3-ee77002a2f69,usr_75246,mobile,14,112.07,False,True,-0.6723
,ed70acfb-ee54-44bd-8681-2e6f56b98112,usr_34354,mobile,14,122.71,False,True,-0.6164
,09d11126-038c-4b57-b008-569040900ab1,usr_45454,tablet,10,134.9,False,True,-0.6469
,0c12277a-35f5-4548-b1f4-4493f7a5e179,usr_01375,mobile,13,98.0,False,True,-0.61
,44e45310-370d-4a01-94e8-7031d4bff9bf,usr_72502,tablet,13,125.15,False,True,-0.6173
,30a39b56-c366-419f-9ded-e8373db9a13b,usr_95902,mobile,11,116.36,False,True,-0.6007
,756a800b-8c17-4175-868b-2dcb0f4ee857,usr_81498,desktop,14,108.79,False,True,-0.6317
,732124ae-f4fe-417a-b877-63d21c289ac4,usr_52841,mobile,7,5379.14,True,False,0.0
,97625eef-751e-42a5-ac0f-fa3a615571ca,usr_70559,bot_scraper,5,9.4,True,False,0.0
,98c82f1d-88c4-4342-88c0-115df50241f0,usr_63223,tablet,13,123.15,False,True,-0.6173
,122ebfd8-8b91-4fb9-aa99-35651c7c3b08,usr_29225,tablet,9,4948.22,True,False,0.0
,ddbb41a5-1802-4e87-a610-8d4768b50751,usr_30783,tablet,13,121.77,False,True,-0.6378
,c4e69d84-dbb4-4d95-aba6-0cf48cefcb64,usr_89106,desktop,14,116.79,False,True,-0.6437
,f9538c4e-a099-4dab-abbe-b1af1ca376ae,usr_91622,mobile,12,114.83,False,True,-0.6095
,53652996-9083-49f5-bcc0-7d54ce99ac35,usr_69842,desktop,14,135.29,False,True,-0.636
,a96ea9d7-b42e-4a4c-adaf-5a1476b214ed,usr_32185,desktop,5,6386.0,True,False,0.0
,77e7eb4f-0484-4cf6-8f63-dc69c662036f,usr_73511,bot_scraper,14,9.57,True,False,0.0
,4d6e5264-5504-4c00-b382-496f539d3af6,usr_86041,desktop,6,6262.5,True,False,0.0
,1341f6ab-7b4a-4108-a08a-1bdf1f13640e,usr_86647,bot_scraper,5,5.8,True,False,0.0
,2fbfac35-1cf7-4912-8619-763fc84b9ce9,usr_36009,mobile,10,112.3,False,True,-0.6152
,f0f81490-f00b-4da6-bb3a-be9453a77d1d,usr_11227,mobile,11,107.91,False,True,-0.5985
,ca6a9e15-b5ac-4c99-8d3e-692da2beca14,usr_68774,tablet,11,5078.27,True,True,-0.6109
,c459c6a7-9f61-468b-afc5-b45a830008d5,usr_52760,tablet,6,4661.17,True,False,0.0
,9e2bd980-cb0c-4e94-b5a0-a94ac65a3439,usr_03744,desktop,10,131.4,False,True,-0.6021
,51e39afc-c003-4430-b861-203e174303ea,usr_02273,desktop,13,128.77,False,True,-0.6013
,4d6e5264-5504-4c00-b382-496f539d3af6,usr_86041,desktop,2,6127.5,True,False,0.0
,276b319b-f587-4a50-abfd-3c2589bcb9d1,usr_84458,bot_scraper,7,8.29,True,False,0.0
,bee7fa0a-03fb-487e-b2e3-c55b8dbe5c5d,usr_47650,desktop,7,5294.14,True,False,0.0
,bb260f70-c107-46aa-bcfe-8864fc902d40,usr_18464,tablet,11,130.55,False,True,-0.6123
,7882670d-c7c9-44d9-bae4-c05b9997d738,usr_03231,desktop,12,113.17,False,True,-0.6102
,2fc25598-59c1-456a-ab1f-3d8340a7b5af,usr_43526,mobile,13,123.23,False,True,-0.631
,a9cc8b4b-8ae1-4085-822e-31e61dc33eed,usr_41178,desktop,12,124.0,False,True,-0.6004
,5c7c7806-f075-441d-87ac-4f7e4c6da6bf,usr_02861,bot_scraper,4,13.0,True,False,0.0
,cbed729c-0a92-494d-a99a-6d69daa0f8bd,usr_22945,tablet,10,120.7,False,True,-0.6005
,c56eda77-c73c-4b20-ba5d-02a50bc8d236,usr_73136,bot_scraper,9,6.89,True,False,0.0
,4da18196-5481-4c60-8896-98239e467011,usr_88430,tablet,12,120.83,False,True,-0.5978
,ca66eff5-7ec1-4882-9c53-483bc0a09d1f,usr_75459,mobile,14,123.07,False,True,-0.6271
,f243c955-ce80-48c8-aed0-85cd6780549f,usr_50523,tablet,11,120.09,False,True,-0.6311
,11bc11e6-ac34-4766-bba7-141d6b29f2ae,usr_99115,tablet,11,129.09,False,True,-0.6137
,1bfacc88-f5b6-43b8-96e1-2f792692d5b4,usr_61857,desktop,11,122.0,False,True,-0.6439
,45ea4f53-8b53-4cc6-ba00-fcca6a5b37d9,usr_91735,bot_scraper,7,13.0,True,False,0.0
,8d23359b-46ec-4aeb-acdd-f9bcd15556bd,usr_98927,desktop,11,126.36,False,True,-0.5975
,7a098ee5-d3eb-46ef-8b0b-0689a92c71ff,usr_97274,mobile,13,112.77,False,True,-0.6055
,d0b3e36f-3990-480e-8c76-2d38adf458b0,usr_23626,tablet,12,111.08,False,True,-0.6116
,1aa5b4b5-c212-41c2-b7f3-541760f5af6b,usr_25669,tablet,2,5564.5,True,False,0.0
,4f996cc2-8ed0-4421-bdf1-555cc8df9721,usr_53940,desktop,14,120.64,False,True,-0.6559
,6bee3977-6d67-4166-9b6a-2257280d47e5,usr_99306,desktop,9,128.0,False,True,-0.6255
,a3ee9b07-70ec-4ca8-8ac9-700c225fd1be,usr_42722,desktop,14,118.36,False,True,-0.6092
,b8bcd599-6d90-4de7-b67a-e35d269f738f,usr_95345,bot_scraper,11,9.18,True,False,0.0
,6349f8e4-27d6-4d3f-a3e5-8f8f2f634a84,usr_26667,bot_scraper,7,8.43,True,False,0.0
,fcb8990f-2185-47b4-bcf3-e6308cd2a354,usr_23043,bot_scraper,6,8.67,True,False,0.0
,ae30e768-875b-4526-8a85-80674fe07bcf,usr_48411,tablet,5,4782.8,True,False,0.0
,3272d5d2-11e9-4d36-9b46-7ee39a9692c5,usr_58593,bot_scraper,5,11.0,True,False,0.0
,2bd51331-856c-435b-9c33-cc8bfe9aba02,usr_41945,desktop,14,120.29,False,True,-0.6144
,1aa5b4b5-c212-41c2-b7f3-541760f5af6b,usr_25669,tablet,9,5166.33,True,False,0.0
,0ef7d80f-3ab5-4edf-a541-e5ae172bd3aa,usr_70364,mobile,2,6107.0,True,False,0.0
,f706c7ad-6bfd-41cb-9de4-7d6f1568739b,usr_16695,tablet,3,5273.0,True,False,0.0
,2c2396f9-2c82-4ca2-aeeb-19d1ffefe085,usr_14398,bot_scraper,10,7.8,True,False,0.0
,c61d5608-eb6c-4b8b-a7a1-4859e7108443,usr_19883,tablet,10,133.2,False,True,-0.6011
,7b765e2d-a7ad-4423-a61f-f5ba78b88dc3,usr_09101,tablet,10,132.1,False,True,-0.6035
,9c2dc349-e143-4f9c-9ddc-6bca530baae1,usr_70266,desktop,14,140.0,False,True,-0.636
,d52942d4-78bd-4770-aa8d-1223a76524cd,usr_38587,tablet,11,109.45,False,True,-0.6101
,912127be-f7c3-435a-a163-b7eec91dabb6,usr_05124,mobile,10,132.7,False,True,-0.6035
,f706c7ad-6bfd-41cb-9de4-7d6f1568739b,usr_16695,tablet,4,5069.0,True,False,0.0
,0ef7d80f-3ab5-4edf-a541-e5ae172bd3aa,usr_70364,mobile,3,3810.0,True,False,0.0
,85e1a10c-915c-43e9-88ce-e52fb192ec8d,usr_29150,desktop,6,5525.17,True,False,0.0
,5c8ef77e-0fbc-4457-8c66-435cacee59fb,usr_78823,tablet,12,113.67,False,True,-0.6003
,3e76ac35-c2fc-46af-bd8a-53d5bb867b71,usr_52388,tablet,14,124.86,False,True,-0.6202
,9d1c2131-26e7-4563-9b15-f6f68bf5bacd,usr_39367,mobile,14,114.36,False,True,-0.6258
,2ba9cb52-5202-4b75-b798-31ea15d63d8e,usr_59176,tablet,11,125.36,False,True,-0.5972
,9b970a3f-d146-4ba9-8634-dd46ff871cf3,usr_93947,tablet,7,93.29,False,True,-0.6139
,c7b7f50b-c7af-4347-b577-1f135e3ca57b,usr_67192,mobile,11,114.73,False,True,-0.6046
,03728a13-07ac-4e7c-b70e-fb0c57f20875,usr_95178,tablet,13,5297.08,True,True,-0.6437
,cabf3341-bf89-4c85-b836-d549b0768f05,usr_83962,desktop,13,133.31,False,True,-0.6127
,53ee0724-b6ac-4e00-bf2b-d53afee550d4,usr_56776,tablet,11,102.45,False,True,-0.6197
,a546112e-d6e5-4c33-bd70-ea71a531f4fb,usr_61758,tablet,13,127.15,False,True,-0.6186
,c7b99ce5-9be8-4b1a-a64d-a3676b501b09,usr_95717,tablet,14,4606.14,True,True,-0.6507
,c2b3fd51-fa35-4dbe-b055-c451786cf7b0,usr_79119,bot_scraper,5,10.4,True,False,0.0
,e83e1d51-cc6b-41fe-a6c4-25a99a0a8aa4,usr_42801,mobile,13,115.46,False,True,-0.6574
,7afdc11f-d51f-467f-b1da-4487524d67d1,usr_79959,tablet,13,109.31,False,True,-0.6204
,059f63be-cb3a-46fb-846c-923fb4f757f5,usr_40681,desktop,13,109.08,False,True,-0.6565
,9f0606ad-1461-4476-be65-12667aaba069,usr_29053,bot_scraper,11,9.91,True,False,0.0
,6bed3963-5369-40a4-8e72-8069c0a78dc3,usr_58454,mobile,11,105.0,False,True,-0.6003
,03a2cdbf-786d-42b0-9b90-f09e7e2cd0df,usr_93221,bot_scraper,4,9.5,True,False,0.0
,8859f64b-7be4-42b2-aaa7-10fd197f9c3c,usr_91798,tablet,14,112.71,False,True,-0.6198
,58708e43-eda3-4230-b7d9-c607b55f84b3,usr_91213,desktop,14,123.43,False,True,-0.6529
,5478a306-fe00-4b24-b7e8-eb308abdfa15,usr_66531,desktop,12,119.25,False,True,-0.605
,7eb7ea0e-5ab6-4d01-964e-58b98288004c,usr_40551,tablet,12,5152.42,True,True,-0.6319
,2cc9833f-1068-4f22-913b-38c1f0eba6f1,usr_27076,bot_scraper,10,12.5,True,False,0.0
,05810968-3a76-4671-8a6a-d05743a0ddcc,usr_97001,tablet,13,118.46,False,True,-0.5996
,9b3d14d5-36f8-43d7-8ef5-c0827da7d40b,usr_43470,desktop,13,112.46,False,True,-0.6168
,3683b170-28d1-45a9-aa15-9b85a5b696a5,usr_35200,mobile,14,116.36,False,True,-0.6363
,5796456f-0415-4a75-9a5a-1522b6ee2cf1,usr_23069,mobile,12,109.42,False,True,-0.6203
,685acd5f-e2e7-48d7-9679-3f1a463f8b10,usr_14742,tablet,14,120.64,False,True,-0.6251
,a338ef1e-e736-4139-88e1-eac96b189491,usr_35971,desktop,14,113.36,False,True,-0.6124
,12f2bf73-4ab1-4e35-a8c0-2ed249e6bb47,usr_53198,tablet,12,122.33,False,True,-0.6004
,a4b4cbd7-7367-41bf-bcb3-9efab3022efd,usr_41927,bot_scraper,5,11.4,True,False,0.0
,8be51e6d-8974-402d-b6d6-57db4a9e262e,usr_85162,bot_scraper,3,5.33,True,False,0.0
,1b1c0f2e-8a4f-4ce7-8d10-7129f1cbbdc4,usr_27534,mobile,11,124.45,False,True,-0.6058
,d90905b1-ccb2-431c-b311-7938f20e1d52,usr_00806,mobile,5,4411.0,True,False,0.0
,e1f40829-a2a4-4d08-b81b-c5624b4a33ca,usr_62464,mobile,13,130.62,False,True,-0.6188
,2cb65a78-0976-4751-81a7-680997f4af9e,usr_02211,desktop,5,5023.8,True,False,0.0
,9f47d210-d0e8-4fb5-8b9d-68421f33a8dc,usr_46587,desktop,12,117.08,False,True,-0.6491
,42abd805-a1b7-4011-b750-751d99658838,usr_50445,bot_scraper,6,8.0,True,False,0.0
,9c636a4c-a5e4-4b77-a707-6af5ae37c5ac,usr_60446,bot_scraper,5,10.2,True,False,0.0
,4e088cd5-df5b-43c8-ac50-0562472f436a,usr_48854,desktop,12,5421.25,True,True,-0.6376
,7ca00d7f-5242-45bf-868b-f68d3b1cc744,usr_15134,mobile,13,124.38,False,True,-0.631
,fbf53d53-c255-4700-9278-7af3a074d6ce,usr_35322,tablet,13,117.23,False,True,-0.617
,0c7143f9-1e3d-47ef-9f84-bc564dbdba13,usr_80321,tablet,14,129.57,False,True,-0.6345
,1d8116e7-dbb7-4aa6-aeba-73b1d9fcf1c0,usr_12147,bot_scraper,9,10.22,True,False,0.0
,a4b4cbd7-7367-41bf-bcb3-9efab3022efd,usr_41927,bot_scraper,7,8.43,True,False,0.0
,977bfa6d-f90c-47eb-a2f2-c68d52b740bb,usr_66276,desktop,12,4816.33,True,True,-0.6259
,80e319d6-e9af-47ce-9ce9-cc30fa1dac6f,usr_05287,bot_scraper,10,9.1,True,False,0.0
,644d8423-09c5-458a-b43f-7d67716d54cb,usr_08968,mobile,11,123.27,False,True,-0.6433
,94b9a04e-b473-4cd3-9027-e5cccd60b67c,usr_90105,desktop,14,110.57,False,True,-0.6279
,705b0f9e-ce59-4823-b750-4dcdfbef29bb,usr_09948,desktop,12,127.5,False,True,-0.5988
,9c636a4c-a5e4-4b77-a707-6af5ae37c5ac,usr_60446,bot_scraper,4,12.0,True,False,0.0
,814deb0d-a609-4bd7-bf73-736354116323,usr_60147,tablet,10,100.5,False,True,-0.6097
,1b75a4a8-664d-4055-b4b1-ed5c8479c776,usr_34956,mobile,7,4540.29,True,False,0.0
,9bf9f7e3-aa84-4465-84e2-f5fcc4c52393,usr_30522,tablet,12,127.25,False,True,-0.6137
,34d010c5-3fc3-4a18-85ca-998518669e02,usr_68523,tablet,9,106.89,False,True,-0.6085
,54be6d27-72e7-494d-9ed9-9032cb785308,usr_07112,tablet,13,119.38,False,True,-0.6029
,f8f972b6-5360-4f8e-a1a5-2d6c0815f6f0,usr_19791,tablet,11,118.0,False,True,-0.5974
,659c47ef-51a4-4789-b6de-c391cbb8ef2b,usr_58986,mobile,11,108.55,False,True,-0.6109
,dcc08ed2-8c8c-4a94-b5c4-d3d4b6180483,usr_57140,bot_scraper,12,9.0,True,False,0.0
,b9a35617-7896-4c8f-8ecf-40dc55c74120,usr_75670,bot_scraper,14,8.64,True,False,0.0
,3fd13218-b9f9-4421-bdee-b961da6befe3,usr_37801,mobile,11,121.73,False,True,-0.6052
,1b75a4a8-664d-4055-b4b1-ed5c8479c776,usr_34956,mobile,1,7786.0,True,False,0.0
,29e0ab8a-8c11-4196-b8c5-42d0dd9c9018,usr_77165,mobile,11,122.91,False,True,-0.5972
,6773fb0d-529b-407c-b38d-8e013d640cbf,usr_20250,mobile,2,5455.5,True,False,0.0
,642fe78f-f361-45ac-be55-9fba5ca8185c,usr_96845,bot_scraper,6,7.5,True,False,0.0
,2e07e064-cece-4b7f-bb5b-763b127fda19,usr_45165,mobile,11,106.64,False,True,-0.5978
,a802f87b-8dd5-4ca4-9685-b94c8ce3d0e2,usr_15806,desktop,10,5506.5,True,True,-0.5999
,8080c795-34c0-4451-81ae-d5dd2c914ee7,usr_94330,mobile,10,4294.1,True,False,0.0
,7a7c087a-8384-47e1-ab72-5d7a7c195a00,usr_53677,tablet,10,127.7,False,True,-0.597
,b45a6cc5-f939-46dc-b4ae-e1a57f76e336,usr_47218,tablet,11,114.55,False,True,-0.6046
,49a5ba7e-5620-4265-85cb-b62e548b1deb,usr_01947,bot_scraper,11,8.82,True,False,0.0
,5dcb67db-2960-4267-8bce-be69e243fb31,usr_26549,mobile,11,118.91,False,True,-0.6001
,7b315b2f-8b91-4da4-9bac-29e6381c4101,usr_42449,mobile,10,120.1,False,True,-0.6017
,c9303aa3-b2c7-494f-be02-3138e22ae3df,usr_72442,desktop,14,95.71,False,True,-0.6247
,d1435663-4d46-41e3-a6dd-33ddd273fc53,usr_86175,tablet,9,103.33,False,True,-0.6294
,6773fb0d-529b-407c-b38d-8e013d640cbf,usr_20250,mobile,2,3817.0,True,False,0.0
,642fe78f-f361-45ac-be55-9fba5ca8185c,usr_96845,bot_scraper,7,12.57,True,False,0.0
,6e425d90-3c5e-4ead-90a8-cda86f9bb014,usr_96637,mobile,2,6130.0,True,False,0.0
,6ad289b5-a189-4c60-890b-a7efc2de20fd,usr_98212,mobile,11,130.36,False,True,-0.6204
,6ea1b24e-ec62-48b0-89af-2a86a7878246,usr_15286,tablet,12,122.17,False,True,-0.6115
,ddce2351-ed7c-4b2a-b1a7-039458f53ca4,usr_95793,mobile,13,110.54,False,True,-0.6168
,16906a63-9d87-4db0-990c-908154b6f50b,usr_91046,tablet,12,122.58,False,True,-0.6004
,db705402-49e5-4d73-84d9-75e99ede9f5e,usr_79969,bot_scraper,8,8.0,True,False,0.0
,adb48a45-81ec-41d3-87e6-c25367567cb0,usr_06937,desktop,12,120.5,False,True,-0.6089
,8dcc187b-b75e-4f18-80e7-3210e92a4f32,usr_43634,desktop,12,122.75,False,True,-0.5978
,37e4966d-ffdc-4bf8-8562-0b20f73b9334,usr_05225,tablet,13,125.92,False,True,-0.6173
,5c18df55-1581-45a9-8caf-d7384fece5b8,usr_28971,mobile,5,5805.2,True,False,0.0
,8cc4e100-ec02-4477-b003-87a1cc2d741f,usr_74405,tablet,10,143.3,False,True,-0.6035
,7dc3f39f-f99c-4948-a956-608bd23fcd27,usr_44076,desktop,14,117.5,False,True,-0.6281
,6e425d90-3c5e-4ead-90a8-cda86f9bb014,usr_96637,mobile,6,5178.33,True,False,0.0
,99d10236-c412-4de8-be7e-f1508713bce4,usr_21753,bot_scraper,3,11.33,True,False,0.0
,2f6672f3-485f-4422-84f2-f0def5362f58,usr_26751,desktop,12,126.67,False,True,-0.6128
,9b9e428b-5a53-486b-82a5-41a3e36b0255,usr_65340,desktop,12,117.75,False,True,-0.6037
,a014e0e4-e875-4d40-b02e-cba9ad2f867c,usr_58239,tablet,11,127.09,False,True,-0.6209
,8de6526d-5666-47c8-af9d-0e8b5a96ccb2,usr_00164,mobile,3,5030.0,True,False,0.0
,ee84e82b-d50c-4bc5-bc24-584cb9a4bac9,usr_18932,desktop,6,3353.5,True,False,0.0
,e6174f7a-907c-4340-9fc9-de98f2b60850,usr_55510,bot_scraper,7,9.14,True,False,0.0
,75c09fd0-b77d-456d-ac35-7dee4d177f3c,usr_03220,mobile,13,107.15,False,True,-0.6187
,fa3d7e34-38d0-4bfe-8206-ddcafe0db53b,usr_98199,tablet,13,104.62,False,True,-0.6104
,a11ab3ff-54fe-497a-98de-49f22ae63cae,usr_08587,desktop,14,119.71,False,True,-0.6119
,4a7ef3d1-6c16-4b58-8010-733e4608b0f9,usr_50756,mobile,13,102.23,False,True,-0.6257
,e076f41a-161f-4cac-9473-81cdaa9a4dbe,usr_38434,tablet,11,105.36,False,True,-0.6115
,59632029-b59f-4036-99d7-ae1ba954010a,usr_64756,desktop,13,4714.54,True,True,-0.6368
,d4e3553a-d77c-4baa-964b-af5460e1d424,usr_96920,mobile,11,115.55,False,True,-0.5999
,99d10236-c412-4de8-be7e-f1508713bce4,usr_21753,bot_scraper,3,10.67,True,False,0.0
,e5e9c93d-1761-4c9d-a991-d1a7439a62c4,usr_29570,desktop,10,113.0,False,True,-0.6152
,fe85931f-b900-42cf-ae7d-529a7ef4418d,usr_85403,desktop,10,130.2,False,True,-0.6446
,93630030-e65c-42b2-be0c-dc72a3eb7ea2,usr_49778,bot_scraper,12,10.17,True,False,0.0
,d77c7282-f564-4950-b49c-b995f1440342,usr_91036,desktop,14,113.57,False,True,-0.6258
,8de6526d-5666-47c8-af9d-0e8b5a96ccb2,usr_00164,mobile,4,3232.0,True,False,0.0
,e6174f7a-907c-4340-9fc9-de98f2b60850,usr_55510,bot_scraper,1,10.0,True,False,0.0
,43a5eee8-241b-47e0-bc77-fa4c474531ad,usr_30924,desktop,12,116.08,False,True,-0.6042
,81031f8d-fe03-435a-8310-95cdf022a250,usr_72854,tablet,10,4670.9,True,False,0.0
,751d05a4-b3f2-4a5e-a68d-35357fde0c91,usr_83057,mobile,14,118.29,False,True,-0.6014
,f8a7e70b-8292-4366-b35b-b1c601916ba7,usr_80747,mobile,11,119.73,False,True,-0.6311
,93630030-e65c-42b2-be0c-dc72a3eb7ea2,usr_49778,bot_scraper,1,18.0,True,False,0.0
,a6df26b9-8ccb-4948-8582-3191e2707231,usr_36434,tablet,8,137.88,False,True,-0.6001
,369aad93-0836-403e-88d6-41487f3291aa,usr_52150,bot_scraper,8,11.75,True,False,0.0
,d01831a4-d194-4c2e-9979-d5035a606414,usr_62694,tablet,12,109.25,False,True,-0.6088
,44f1482a-e52c-41de-baed-754d7639e263,usr_69499,tablet,11,110.82,False,True,-0.6066
,18880da7-7240-419a-9cad-44b18e429b10,usr_99382,desktop,14,125.71,False,True,-0.6068
,861e0b32-ef9d-4acf-8757-98daa6041a17,usr_79857,tablet,5,4691.8,True,False,0.0
,b6ad1153-a4f2-4b1d-9ac6-d11840447e58,usr_01680,tablet,7,107.43,False,True,-0.6052
,19bfc3d0-c763-49fe-aefd-8b6266ebb75f,usr_11513,desktop,14,123.36,False,True,-0.6278
,55de66e3-86cb-4225-ab8b-5a0125211844,usr_69835,mobile,9,117.22,False,True,-0.6248
,de7e0fe0-a385-4380-bd10-2680edae4c0b,usr_56993,mobile,12,112.75,False,True,-0.5997
,074128c3-668b-43ef-bb5d-d35a1403088d,usr_10264,bot_scraper,12,13.58,True,False,0.0
,1b7131f7-0235-4896-bb26-6d07e58e2db4,usr_24290,desktop,12,108.5,False,True,-0.6159
,774fbfc8-97df-438f-afd9-a6f95637b5ef,usr_03016,desktop,12,113.58,False,True,-0.6102
,d5d8009d-ee5d-4537-b7f5-b449881067bb,usr_64888,desktop,12,128.5,False,True,-0.6068
,f4124ce3-8304-4504-a25f-130978e264c7,usr_68032,bot_scraper,6,7.33,True,False,0.0
,1fc8ae58-62b0-48a8-bf4f-bef8492297bd,usr_30783,tablet,12,121.83,False,True,-0.6108
,ef0ac7bb-f4f6-4d0e-982e-c1d3cd474c12,usr_05846,bot_scraper,10,7.5,True,False,0.0
,32f79c98-7cde-4cd5-8fae-d606ae120500,usr_16796,desktop,14,141.36,False,True,-0.6367
,e672f87c-6b2b-4b85-9885-edff625c4b67,usr_96583,desktop,12,117.75,False,True,-0.6037
,6ace9cc3-fbb5-446e-ba84-719b8ba6fcd0,usr_98091,desktop,13,111.85,False,True,-0.6035
,ac5e9577-11e7-49fd-8174-82af710de151,usr_03765,tablet,8,4650.5,True,False,0.0
,a74e17ac-9e07-4949-8d43-cb8c3ca88741,usr_17341,desktop,14,126.14,False,True,-0.6278
,c67cb01e-a91f-4091-a588-36dc87411a7a,usr_27494,tablet,13,4980.38,True,True,-0.643
,c7dd0225-1ce8-4479-88fc-16ac07a6312b,usr_93990,mobile,5,6398.2,True,False,0.0
,737145f7-939b-4ac5-91ec-9369883e0bfd,usr_31975,tablet,4,6043.0,True,False,0.0
,f9910c4c-46be-4776-b624-98557eae8d10,usr_79978,tablet,13,4904.54,True,True,-0.643
,d88e5a09-737c-4269-a0ec-ff7676b324b2,usr_60917,mobile,13,113.85,False,True,-0.6041
,fb3246c9-0551-4b48-a1b7-311bdbf8054e,usr_82173,tablet,13,123.08,False,True,-0.6292
,4f2cbbbe-6bc1-4030-bed7-2519923b189a,usr_71329,tablet,14,122.0,False,True,-0.6271
,d83fd705-f5cd-4b35-baa6-4313d8630ce8,usr_58516,desktop,12,4968.75,True,True,-0.6313
,5ba6b56c-416e-4cbc-b29e-1124a191c75f,usr_97994,mobile,14,119.64,False,True,-0.6205
,42ab4eb7-99c5-4870-9bce-06b260cd69f7,usr_74748,mobile,13,122.0,False,True,-0.6117
,737145f7-939b-4ac5-91ec-9369883e0bfd,usr_31975,tablet,5,4992.0,True,False,0.0
,ec2d68c8-910a-444b-861c-5ba7a21d44a5,usr_55094,tablet,10,144.1,False,True,-0.6035
,d8e82034-fd2f-4883-8169-08dbf71750b4,usr_89119,tablet,8,114.12,False,True,-0.6083
,9d420eb5-b2bc-4c30-9db7-37ed675beb5e,usr_92030,mobile,12,113.17,False,True,-0.6498
,b7087a44-9d9c-46b0-a99c-a75d6491f3c3,usr_06576,desktop,12,129.25,False,True,-0.618
,7e2fbf66-018a-4b8e-b5cc-dc238ba20ae9,usr_00556,desktop,11,133.64,False,True,-0.6144
,bc455857-9635-43a7-8564-8fd92d9036ba,usr_26120,mobile,11,123.27,False,True,-0.6068
,a8c2888a-0a45-447e-ab09-80f5f93fdfb5,usr_83683,desktop,14,121.07,False,True,-0.6251
,6c0317f8-92f4-482f-8afa-da8a4c4c9fcc,usr_08300,desktop,7,5112.86,True,False,0.0
,0388d7c5-5df5-4255-bb27-e08a683c7dbb,usr_69039,desktop,8,98.88,False,True,-0.5979
,8e438e6d-096f-4fa2-86d9-3c2952f60ae0,usr_18888,desktop,5,5895.6,True,False,0.0
,5846a649-94e9-4b41-919c-31823dc4b617,usr_05036,desktop,13,125.08,False,True,-0.6173
,dae873e3-d89f-4c5d-90f7-7d608b834819,usr_17152,desktop,12,117.08,False,True,-0.605
,f63acb80-7f9e-4a04-baa3-a6a8e944b01a,usr_28659,desktop,14,114.93,False,True,-0.6723
,cf33c88f-f547-4b28-bf83-186f75ca1076,usr_67890,tablet,13,120.23,False,True,-0.6132
,13ec38d9-e6a5-43a2-977f-ad6df12ab72d,usr_22245,tablet,5,6464.2,True,False,0.0
,c336edfc-4f31-4389-8cfc-cfc72a665ce6,usr_28237,desktop,14,125.86,False,True,-0.6055
,53ae01d6-1631-4c1f-ab31-47fea7004589,usr_42469,tablet,11,105.82,False,True,-0.5971
,235e5027-40a8-4917-8b23-1b7911de3509,usr_13687,tablet,10,4513.1,True,False,0.0
,95096813-4648-495b-a45d-286abd527b71,usr_24334,bot_scraper,14,9.57,True,False,0.0
,577e1e43-6810-4485-92a8-79a1f7daf177,usr_40586,desktop,14,109.79,False,True,-0.6723
,8e438e6d-096f-4fa2-86d9-3c2952f60ae0,usr_18888,desktop,7,4244.14,True,False,0.0
,dd1e766b-f827-42c6-adfc-70ce5f67c5fd,usr_52070,tablet,9,133.11,False,True,-0.6127
,27793588-ad04-4612-9634-f6f6dddc7476,usr_80072,bot_scraper,1,4.0,True,False,0.0
,041aceca-1a32-446b-9ba7-50037fb9fa9d,usr_59618,tablet,13,4818.31,True,True,-0.6375
,0c49b2f0-139b-433a-ac2d-9beac33d9cab,usr_93588,tablet,12,125.67,False,True,-0.6124
,5adac3a3-f223-47bb-8c9a-37b5b96d06e6,usr_73351,mobile,14,131.36,False,True,-0.6345
,a076d7c3-385e-493b-87dd-3a0964dd6531,usr_16939,tablet,7,105.86,False,True,-0.6052
,27793588-ad04-4612-9634-f6f6dddc7476,usr_80072,bot_scraper,6,10.67,True,False,0.0
,e22e5b97-5662-4f3e-a8e4-1a10447c7a69,usr_20398,mobile,5,4671.6,True,False,0.0
,71b9a06a-aa1c-4b63-a9f8-e83a139c8b85,usr_46630,bot_scraper,7,10.29,True,False,0.0
,532f2a39-7777-4f8d-9e9f-e783352e0b0b,usr_61133,bot_scraper,5,9.4,True,False,0.0
,4c6d16fe-3ec8-40aa-8549-681e69351a8d,usr_91731,desktop,13,98.92,False,True,-0.6571
,4c3c1762-3e6a-4e0c-9135-45ed62b54043,usr_57055,desktop,14,107.64,False,True,-0.5995
,ba01d7b7-c0ba-4a94-a51d-84d9e16b5152,usr_94259,tablet,12,119.33,False,True,-0.605
,c646c316-ea4b-49a7-8be9-e45408e5ab84,usr_54880,desktop,13,124.15,False,True,-0.6042
,90eef274-9a88-4303-91a5-a46084c7aa41,usr_75598,bot_scraper,9,10.11,True,False,0.0
,e22e5b97-5662-4f3e-a8e4-1a10447c7a69,usr_20398,mobile,8,4167.25,True,False,0.0
,65b3e308-7511-4616-a5fe-82a2e93ef732,usr_98311,desktop,3,2331.33,True,False,0.0
,4f041365-d559-4a6e-82a3-3d972e07be69,usr_28152,mobile,12,105.75,False,True,-0.6258
,c82d16b3-5882-41ef-a54d-401cea5be41b,usr_75809,mobile,11,126.18,False,True,-0.6058
,ee26730d-fa83-4287-8e87-0906ae7e3481,usr_23639,mobile,11,108.91,False,True,-0.5985
,49163989-1017-441f-a8ad-827b13b91d6a,usr_25672,mobile,10,125.5,False,True,-0.6037
,6d52956e-2065-4e89-bbc2-b5347b916568,usr_18861,desktop,6,97.0,False,True,-0.6
,10937bbd-9187-44a7-81c8-ca474f6eef30,usr_76392,tablet,4,4047.75,True,False,0.0
,e148445e-66bf-49b3-a646-6a7b7871b798,usr_89458,desktop,10,133.6,False,True,-0.6035
,77168ee4-4817-414c-bbbb-26e2f95c15d7,usr_21677,mobile,14,118.86,False,True,-0.6212
,376b565f-4f87-44bc-9fa0-b509a76c7d5d,usr_43701,desktop,5,6612.2,True,False,0.0
,74f5cef3-11ea-4910-94d3-8eafcc7b7091,usr_35106,mobile,5,3835.6,True,False,0.0
,bcafeab3-5e12-48ca-af54-fa294e2eb9fc,usr_41041,bot_scraper,6,8.67,True,False,0.0
,df8d198a-a65d-458e-bde0-e0617984a97d,usr_83352,mobile,12,125.83,False,True,-0.6115
,8af09eb2-60fe-4928-9e06-d8cdc3daae30,usr_57641,tablet,9,108.89,False,True,-0.6261
,74f5cef3-11ea-4910-94d3-8eafcc7b7091,usr_35106,mobile,9,4792.44,True,False,0.0
,9085d1d5-ff5a-410b-88ea-83764ba85b65,usr_90073,mobile,6,4313.33,True,False,0.0
,08189a23-3d0b-41dc-a606-badf207eab44,usr_94576,tablet,10,4588.0,True,False,0.0
,46aec096-bc95-4586-9a28-d014ee218f6a,usr_10357,tablet,12,114.5,False,True,-0.6095
,7bcb4339-418d-4cce-9b1e-1522d6926fc9,usr_36778,mobile,14,115.14,False,True,-0.6232
,8688abea-0120-40a7-9c3a-c76f18430341,usr_86011,desktop,10,123.9,False,True,-0.6024
,eb5bbed1-47e7-48b9-9e41-7dc194ba8377,usr_62244,mobile,4,5768.75,True,False,0.0
,2ce634a0-1c60-42f3-b836-d06d6371560a,usr_08599,mobile,11,102.45,False,True,-0.6123
,9d544c56-aa38-465c-89b4-de5ec458088a,usr_51166,bot_scraper,3,4.0,True,False,0.0
,5d7d47a4-e12a-410f-a6fb-26ad9b5449af,usr_15636,desktop,9,121.11,False,True,-0.6261
,9085d1d5-ff5a-410b-88ea-83764ba85b65,usr_90073,mobile,1,7610.0,True,False,0.0
,ec403207-3273-449f-bc05-e17d1cbb8fee,usr_45716,desktop,13,95.62,False,True,-0.6227
,f74cb4a5-ca7c-4026-a89a-f10b2079bbdc,usr_35849,tablet,13,111.0,False,True,-0.6168
,5973e5da-b5dd-46bb-92f9-664383330ba5,usr_52153,tablet,13,120.31,False,True,-0.6021
,4ea6c15f-dc43-47ed-9c6a-c736c9a74ae4,usr_97798,mobile,13,132.0,False,True,-0.6439
,c588face-7150-4bde-8262-5279b3108e51,usr_47992,bot_scraper,9,9.78,True,False,0.0
,8dc30d49-6321-457a-ad99-aa85735744db,usr_47335,desktop,4,4325.5,True,False,0.0
,bcfd70e1-18bd-4b53-bd6c-66e9ea23f815,usr_81890,mobile,5,3798.0,True,False,0.0
,9cd42e69-0ec6-4f0a-ab6b-f507500b3d3a,usr_42454,mobile,11,125.09,False,True,-0.5972
,27d222b2-5ff2-451b-94b7-873a7309b2c4,usr_80925,desktop,13,127.46,False,True,-0.6048
,8b53494f-f998-43b9-9f0e-1d62ab7ba462,usr_43039,desktop,9,127.0,False,True,-0.6255
,eb5bbed1-47e7-48b9-9e41-7dc194ba8377,usr_62244,mobile,4,6267.25,True,False,0.0
,6a2ab8f2-8223-4f17-96d9-17cc60e1cb07,usr_19165,mobile,3,5873.0,True,False,0.0
,3ba71338-f2e0-4c4d-bbee-1ea0ac3261dd,usr_26989,bot_scraper,12,7.42,True,False,0.0
,de5ebabd-0089-4b05-a95a-cec528db16c2,usr_72693,mobile,14,117.07,False,True,-0.5977
,72f496b8-f81f-479b-96aa-acd6140ae23c,usr_99015,desktop,13,111.38,False,True,-0.6168
,5910b206-84cd-4491-9866-ced1195e9bed,usr_30932,mobile,12,118.92,False,True,-0.6505
,c836811a-15ff-4a8a-976b-53a6ba3175c6,usr_50815,mobile,14,123.79,False,True,-0.658
,a7e141a9-3548-46c9-b598-1fb8647b5d52,usr_18359,mobile,12,109.5,False,True,-0.6114
,82c17afe-9dee-4ba3-8d18-ae90424f1565,usr_48413,mobile,13,123.62,False,True,-0.6589
,27d46791-c87b-43dc-ab34-077235ef4e6a,usr_99917,desktop,14,126.29,False,True,-0.6271
,02cb1525-3385-4af4-a98e-71c82285c1ab,usr_06090,mobile,10,136.7,False,True,-0.6095
,3ff12284-5d7e-42cf-a67e-c5cdbeeb5194,usr_45644,mobile,8,129.12,False,True,-0.6014
,71fc86ae-3c81-4030-be64-620be81bfb3b,usr_97101,desktop,9,112.56,False,True,-0.6122
,6a116f6b-c78b-4293-83f5-652cf0739fff,usr_55521,tablet,12,5346.33,True,True,-0.634
,5e0e61c1-4c09-4855-96a4-7322f0fb44d6,usr_52027,tablet,12,116.75,False,True,-0.6057
,0db2551c-15aa-4ccd-81b2-936065131d9a,usr_92920,bot_scraper,9,8.11,True,False,0.0
,bde95b90-1388-4c98-bb27-19fb839822f9,usr_71757,tablet,14,116.71,False,True,-0.6716
,7d73f0e7-faf3-46c1-a7da-399854c4330a,usr_75552,mobile,14,113.14,False,True,-0.597
,3a881f6e-3265-44d4-8435-e88508a25549,usr_37113,desktop,11,127.64,False,True,-0.6058
,3388695e-04eb-45d8-80b7-3a9e52355b5c,usr_78956,desktop,14,129.0,False,True,-0.615
,63cdce80-6e2a-436a-aea5-f053119a9416,usr_34069,mobile,3,6422.0,True,False,0.0
,8c3bfd94-c6eb-4d39-b754-29cdf0a8d2ee,usr_57018,mobile,14,4691.43,True,True,-0.6521
,ef627622-5b55-4e7b-8d2f-7dc3df0b5804,usr_91583,mobile,10,131.1,False,True,-0.606
,8eb8ba8d-252c-46b1-a785-a4cd73255acb,usr_85616,mobile,11,111.55,False,True,-0.6066
,f65a4caa-46fb-49fe-83d1-d21d0dab358c,usr_35904,desktop,13,128.23,False,True,-0.6589
,b10676d2-afd1-4b01-9747-22a4842af35f,usr_15989,tablet,13,120.23,False,True,-0.6015
,5f6af93c-499f-4e47-b23a-595b8a863ddc,usr_22309,tablet,8,3539.25,True,False,0.0
,930bd26c-511a-4881-b223-5257cf8692d0,usr_66469,mobile,9,121.22,False,True,-0.6261
,52e629c7-3725-4e5c-80e8-39122c7acddd,usr_44950,bot_scraper,4,8.75,True,False,0.0
,16a15f0f-2a53-4eff-9d92-fcb9637fa204,usr_55233,desktop,13,92.85,False,True,-0.6285
,9d1365cb-1df1-4fd5-8bf1-f5ac3400d416,usr_91854,tablet,14,122.29,False,True,-0.6177
,10d57dde-c081-4c93-afc3-48ce9a9c2922,usr_51491,tablet,13,113.31,False,True,-0.5987
,03aa1a8b-514d-47c3-a71b-72e39e068b3c,usr_91606,mobile,13,4667.46,True,True,-0.6354
,e414a1d6-978e-4ca9-93a2-44622e4d766d,usr_04848,tablet,13,115.46,False,True,-0.6091
,b163e190-2ab2-415f-a9cd-174b1f5203d8,usr_00520,bot_scraper,11,8.0,True,False,0.0
,0e09be35-f64a-429f-95f2-c4dcb9beaa60,usr_54557,desktop,5,4689.4,True,False,0.0
,ddeac4ba-3e72-45a5-b3e7-7d793ef51ee8,usr_95351,desktop,14,127.14,False,True,-0.6164
,fdead6ea-07ec-4b76-be19-493d4be4e9ed,usr_52367,desktop,7,5065.86,True,False,0.0
,9fa3a786-ca5b-4611-9f8f-40707c57316b,usr_54574,tablet,12,130.33,False,True,-0.613
,d8987810-fe92-4c9c-b50e-6ca9f32f2dcd,usr_08339,mobile,10,103.3,False,True,-0.6119
,40f120bf-feba-4b82-ab75-5acd56fd346c,usr_96667,desktop,13,122.23,False,True,-0.6061
,2c0c3a10-1964-4832-90be-1d219ee1fa88,usr_57431,mobile,12,132.58,False,True,-0.6069
,0e09be35-f64a-429f-95f2-c4dcb9beaa60,usr_54557,desktop,1,7120.0,True,False,0.0
,35beaefe-81cf-42d7-9487-6aed04a75498,usr_79456,desktop,13,109.46,False,True,-0.6077
,240b50fe-54fd-4531-912d-3ace7eb1bca0,usr_26013,desktop,6,146.0,False,True,-0.5994
,36b62987-ab01-4332-8637-6b197e60c851,usr_03700,tablet,13,114.23,False,True,-0.5999
,c389eb69-a64c-4cf7-b1f2-115b87af8c6c,usr_55850,mobile,12,5262.67,True,True,-0.6319
,6ab9df40-21cb-480d-9344-91bf3960e200,usr_13306,desktop,9,116.44,False,True,-0.6248
,e95c2e55-9fc4-4732-a3b2-d7a8fe6e6c1e,usr_52523,mobile,12,103.08,False,True,-0.6077
,c85730d8-8658-4ffc-ba68-e0b15194a39e,usr_74896,mobile,13,122.69,False,True,-0.6292
,953df926-6a6a-4481-8cf5-83b70d9fbc37,usr_34533,mobile,13,119.62,False,True,-0.6243
,a81ddc51-eb2b-4b1e-81c6-5b573aac9750,usr_76818,desktop,14,116.0,False,True,-0.606
,e3d4de67-896d-424d-b6e7-223d16bddfe8,usr_28084,bot_scraper,4,7.75,True,False,0.0
,66637746-cc21-4731-8bad-aafedd1ae2a2,usr_56013,tablet,12,120.33,False,True,-0.6229
,eab5b68c-4694-4cc1-8368-737936fea800,usr_84859,desktop,12,118.67,False,True,-0.605
,e0f605b2-684c-41a8-b1d1-e550ec430640,usr_94922,bot_scraper,14,8.57,True,False,0.0
,0f04911e-7c9c-449e-a7d0-c8fbc7930efd,usr_42407,tablet,11,111.45,False,True,-0.6054
,6aac66e6-7fa1-4d47-b81c-713f78b53c9e,usr_62292,desktop,4,5588.75,True,False,0.0
,7ee76c82-389f-4e17-b68b-a2c373cabdda,usr_90131,mobile,12,115.92,False,True,-0.6069
,d4a077ea-1e39-4f13-a0f0-725a70828850,usr_79971,mobile,13,134.15,False,True,-0.626
,b5a212ad-055b-4bc6-af3d-021aba8b1303,usr_50325,mobile,11,5356.27,True,True,-0.617
,e420d833-37e3-4ef3-a070-436a30fc7200,usr_25962,desktop,11,104.18,False,True,-0.5982
,a597795c-d13e-4594-a15f-b7ec0e51d43d,usr_05602,desktop,12,115.83,False,True,-0.6106
,6772f24c-01b1-4c63-82c4-90da28fa2b38,usr_51034,tablet,7,4564.14,True,False,0.0
,15cc0b30-aced-4efe-a361-86edb36c022f,usr_73725,bot_scraper,12,10.17,True,False,0.0
,9b4b1919-3f5e-4a0d-874c-38d76da4b5eb,usr_75904,tablet,11,105.27,False,True,-0.6115
,ba6b835d-0f9c-48c9-ad38-dd64cdb8eacb,usr_19754,mobile,8,119.62,False,True,-0.6042
,6aac66e6-7fa1-4d47-b81c-713f78b53c9e,usr_62292,desktop,5,5750.0,True,False,0.0
,e842e56e-11ff-4508-9378-520bbb393109,usr_64713,mobile,11,141.27,False,True,-0.6144
,19a3c527-efb1-458c-9af0-f25915e0ea98,usr_18785,bot_scraper,12,12.67,True,False,0.0
,4eaef248-6635-435d-99b1-6b42ce77f30c,usr_84636,desktop,13,115.08,False,True,-0.6128
,a5eef568-56e6-4a6d-bfe3-c90776f57253,usr_06533,mobile,14,124.21,False,True,-0.6278
,1e4cc723-50ae-478c-90f0-1244bfb8d39b,usr_12090,mobile,6,4443.83,True,False,0.0
,b4c9a1ab-0ba5-4fb9-8c77-206dc88864bb,usr_93819,tablet,14,129.29,False,True,-0.629
,30ffa1b3-1f3b-4f77-aac3-daac5f431fa4,usr_25720,mobile,12,121.5,False,True,-0.6108
,4892c3ec-d128-49a1-8a0d-bbdd11eb1950,usr_01457,bot_scraper,11,9.91,True,False,0.0
,6060c77d-6eb8-431d-b3a8-b3986a3fcdf5,usr_36701,bot_scraper,11,7.73,True,False,0.0
,3ebd4a2d-139c-43f3-baea-39328270a88e,usr_97969,tablet,2,6693.5,True,False,0.0
,be4dab46-466b-48e5-aa5b-d7777ba67386,usr_56768,mobile,9,120.89,False,True,-0.6261
,abfe3518-973d-4f50-979a-0c90226dc3e3,usr_38302,desktop,14,133.86,False,True,-0.6367
,99c868f0-0bc5-4151-acaa-4d9df8bc095a,usr_67096,tablet,14,109.29,False,True,-0.6464
,a3d09cd7-6be5-4584-9ae2-fbdbc3a86de7,usr_71493,mobile,13,112.92,False,True,-0.6041
,d47f6f0f-82c9-4477-a5d7-9848b09406e1,usr_62270,mobile,14,130.21,False,True,-0.6345
,9df27c36-c1b0-464b-bf8c-ed42537942f0,usr_83950,bot_scraper,11,6.09,True,False,0.0
,6986fa5e-3e27-4b7b-b56c-9a4b9cbcd901,usr_49259,desktop,11,127.55,False,True,-0.6071
,50023e18-3dcc-43c4-874b-a7d33710f84d,usr_59491,mobile,7,4757.0,True,False,0.0
,f81470bf-f66d-4199-99bc-e4de3cd4fb18,usr_92013,mobile,12,123.92,False,True,-0.6115
,b79cf44b-3df9-48e1-9821-886893e3a3d5,usr_37342,tablet,8,4508.88,True,False,0.0
,eaafd829-bc70-4ef6-b9a9-cea742690a4c,usr_66682,bot_scraper,9,9.22,True,False,0.0
,3e8292b3-8ec2-4219-988c-defdac1d9863,usr_90119,desktop,4,5772.25,True,False,0.0
,7e46ac76-4287-4afa-aa8b-3c7446de7fc5,usr_44407,desktop,11,119.45,False,True,-0.6001
,3ebd4a2d-139c-43f3-baea-39328270a88e,usr_97969,tablet,3,5244.33,True,False,0.0
,f79ff8c4-a396-4997-b511-5a9fc74d1c59,usr_56035,mobile,8,130.25,False,True,-0.6156
,6ab7559f-60b0-47eb-9064-1faeb60d9827,usr_20959,bot_scraper,1,15.0,True,False,0.0
,96e165c5-0018-411f-957b-7e356cd9f2c3,usr_54141,mobile,3,4337.67,True,False,0.0
,316d48d2-a37e-43e6-b027-781ecce62018,usr_41551,mobile,12,118.33,False,True,-0.6505
,eaafd829-bc70-4ef6-b9a9-cea742690a4c,usr_66682,bot_scraper,3,10.33,True,False,0.0
,455b6718-b492-4f70-8429-5d2d0e7d6207,usr_16379,desktop,8,5309.12,True,False,0.0
,e0de87c9-4830-4390-be22-9198a68c0422,usr_60382,tablet,11,4569.36,True,True,-0.6007
,39ea124d-1bbe-4663-b3e0-60a949adb1e6,usr_24781,desktop,12,102.5,False,True,-0.6204
,abb4f0f4-516e-4dd3-9dd7-819cc32e9241,usr_72755,tablet,12,132.33,False,True,-0.6201
,044f1bb1-75ac-4e84-beb7-845b61925ba2,usr_61683,bot_scraper,9,11.33,True,False,0.0
,6ab7559f-60b0-47eb-9064-1faeb60d9827,usr_20959,bot_scraper,2,13.0,True,False,0.0
,a0a8edcb-73c7-4297-b761-f757b9814508,usr_80651,tablet,7,127.43,False,True,-0.6091
,72c0a384-1a16-4a19-917f-87ec009a4e38,usr_49663,bot_scraper,6,13.67,True,False,0.0
,1cdb24cb-ca63-4a0e-b94c-5d76306d75f7,usr_82221,bot_scraper,7,10.0,True,False,0.0
,605813d8-d5a4-455f-95dc-0a5b20b0f178,usr_20445,tablet,12,136.08,False,True,-0.6201
,86cb26b0-6693-417b-97ca-e43fb6cb6464,usr_58257,desktop,11,112.0,False,True,-0.6066
,d26722b2-0dff-47be-8bed-2739bb32f348,usr_38162,desktop,13,132.77,False,True,-0.6121
,0d8a80d4-105a-45c2-8643-80f967176346,usr_92381,mobile,13,112.46,False,True,-0.6168
,4f49d9dc-508d-4bad-b1ae-e84556522f32,usr_23292,bot_scraper,12,10.5,True,False,0.0
,253d8aad-fdf8-48e0-b312-1baf336b8e03,usr_34268,desktop,12,4597.42,True,True,-0.6239
,92e4d5d1-8853-4294-8f98-ab8ed7e12f1d,usr_53353,desktop,13,109.31,False,True,-0.614
,7c786d99-8b42-455d-a4bb-a38eed32fbd1,usr_91993,tablet,13,121.38,False,True,-0.6123
,2aee9ecc-d1aa-409e-b521-c1a295c81863,usr_51509,tablet,13,120.31,False,True,-0.6134
,f63b1f7d-a4bf-4034-9ea2-182ca362db8c,usr_17955,tablet,9,112.22,False,True,-0.6042
,6548c136-83f3-4df5-a898-16ab9a83ca74,usr_63785,tablet,4,5518.75,True,False,0.0
,1be214c1-1e09-4e33-a5b3-b7e55fdaa44b,usr_86313,desktop,12,115.75,False,True,-0.6196
,e2c27cee-5579-452f-a831-5ac0ff6ee12d,usr_96744,desktop,14,119.57,False,True,-0.6205
,a89c4788-cba0-4b0d-bb46-291353d68993,usr_56982,tablet,10,103.6,False,True,-0.6001
,80bb9c7c-4877-4224-979f-2ba5df1ba4cc,usr_40677,mobile,13,122.23,False,True,-0.6173
,adb8be86-7458-44e9-b7ec-73e93c0890e2,usr_49566,mobile,11,6550.55,True,True,-0.6254
,18b3c386-3663-4295-b4f9-6c60cd2dab2f,usr_79223,desktop,13,122.23,False,True,-0.6173
,bfcfcab7-188a-402a-bffc-84501384b890,usr_67130,desktop,12,127.42,False,True,-0.5991
,d6a62134-4837-4de2-9312-27e03aabe799,usr_56084,bot_scraper,4,8.5,True,False,0.0
,ef46184a-ca63-430e-9a6b-07f35b3088d4,usr_99940,bot_scraper,14,9.79,True,False,0.0
,adb8be86-7458-44e9-b7ec-73e93c0890e2,usr_49566,mobile,2,4970.0,True,False,0.0
,8025e70c-f355-4c1e-9e11-35af4d90581d,usr_18531,desktop,11,138.0,False,True,-0.6144
,1a8cd587-b2e8-4a96-8977-93de3cca5a68,usr_67338,bot_scraper,13,9.85,True,False,0.0
,909c60b1-de32-472c-bea6-48bda8b74391,usr_56132,desktop,14,126.29,False,True,-0.6271
,f13d18d8-e602-4c03-8fc4-007c0ca307a9,usr_74992,desktop,14,125.71,False,True,-0.6184
,52b34fdc-8058-476b-a962-22a1ffd61233,usr_90937,mobile,6,5626.83,True,False,0.0
,2edd7180-bbde-48e1-8da4-f0f7481171c2,usr_34769,desktop,7,5276.71,True,False,0.0
,2b4a4bc0-bf55-4272-b430-c9d1e4a3c8e7,usr_76006,desktop,6,3989.0,True,False,0.0
,fd6eac8f-8aae-4156-bd04-79bb644908e4,usr_66534,mobile,13,105.15,False,True,-0.5983
,f557310c-7f72-4f1d-9413-9f61d8f0dc65,usr_26314,desktop,14,128.57,False,True,-0.6083
,a88bbc20-e71a-46d9-b0f9-c49559f53a15,usr_40744,mobile,13,120.69,False,True,-0.608
,1e678ad0-7866-4766-a734-3ec91edb8c81,usr_20157,tablet,4,4066.0,True,False,0.0
,10aa930d-1c5a-4615-a0a1-3c6d62a9fec7,usr_12181,tablet,6,4884.17,True,False,0.0
,26d1a1c8-cfc0-4d5f-86a0-bb947f6fd5fd,usr_90989,desktop,13,107.92,False,True,-0.6212
,558d7827-c9d1-42ae-a762-af71fcfe152f,usr_19457,mobile,11,123.36,False,True,-0.6058
,2edd7180-bbde-48e1-8da4-f0f7481171c2,usr_34769,desktop,6,5561.67,True,False,0.0
,3e5a147f-3b9e-409a-8cca-3c42a55ec0e0,usr_68651,mobile,5,5590.2,True,False,0.0
,8dae4f14-33f5-4553-a520-0634bae61167,usr_78586,desktop,11,135.18,False,True,-0.621
,1e678ad0-7866-4766-a734-3ec91edb8c81,usr_20157,tablet,8,4980.88,True,False,0.0
,aef9c204-5978-4121-828b-ed0e305d61df,usr_22611,desktop,11,119.73,False,True,-0.6014
,8b2f754e-5dbf-4cf3-bf69-2ec78a108de7,usr_36371,bot_scraper,8,12.38,True,False,0.0
,6c6bc08e-69a8-428c-9991-34cde26120d6,usr_44551,tablet,14,126.14,False,True,-0.6249
,172c4158-41d8-45b2-bffa-2f35ff91eba6,usr_79538,mobile,13,115.0,False,True,-0.6028
,aa9a00bb-856c-44b4-bae9-8fee2df9c310,usr_93689,tablet,11,139.64,False,True,-0.6007
,06b5a946-adab-4830-b549-8d1a91692beb,usr_25955,tablet,14,116.14,False,True,-0.61
,6c66b1c1-b4fa-466d-b8d6-771eb5a74ece,usr_04644,mobile,12,125.17,False,True,-0.6004
,f2dbad73-9448-4006-b892-e8e6eff2d8e1,usr_77716,tablet,11,142.36,False,True,-0.6144
,3e5a147f-3b9e-409a-8cca-3c42a55ec0e0,usr_68651,mobile,9,5466.33,True,False,0.0
,c9a591ea-e426-43bc-8fa0-82556e9842a8,usr_63091,bot_scraper,9,7.89,True,False,0.0
,b925c964-b388-4029-8c7d-7a5d164fa8d0,usr_00114,bot_scraper,3,7.0,True,False,0.0
,1b3e852f-b582-46e9-837b-54c0e42c59c7,usr_69505,desktop,14,116.86,False,True,-0.6212
,4ae4271c-6564-4468-aab4-8dfaf9b14ab1,usr_40433,bot_scraper,6,10.83,True,False,0.0
,9dc00709-569d-4d46-a8be-679bd8591af8,usr_86746,tablet,13,101.38,False,True,-0.6129
,06fbe8be-2696-4b3b-aaa3-9dddc2b7facb,usr_25894,tablet,12,109.5,False,True,-0.6203
,9e6d4c26-295f-473b-917a-ef18c443219c,usr_24382,mobile,3,4262.0,True,False,0.0
,ac0d4e53-7ba6-4b08-bb16-b34e15f9ef18,usr_98731,mobile,14,123.71,False,True,-0.6533
,f296d953-b92a-4472-97bd-19d0e7cafbaf,usr_51261,desktop,12,117.42,False,True,-0.6118
,383b90fc-635f-4450-9fe2-b32fd7b278c3,usr_97948,mobile,11,105.73,False,True,-0.6414
,334c9723-7d8c-4e24-87a1-626cc9e4f290,usr_79256,bot_scraper,4,5.75,True,False,0.0
,1c6763e3-9d63-4e89-ba72-1b70abc80f0b,usr_01897,desktop,12,4581.17,True,True,-0.6239
,690ccd5f-7dad-41a0-a46e-1fa64d594943,usr_50646,mobile,14,119.14,False,True,-0.6189
,b405187f-6c07-477b-862d-2f9a5f40ef0b,usr_12044,desktop,14,103.93,False,True,-0.67
,976b7478-99d3-4136-bd94-993042d61a8f,usr_81574,tablet,12,4835.08,True,True,-0.6295
,2e081c6b-56c4-44fe-8ab3-f491752a8a1a,usr_79059,mobile,10,101.9,False,True,-0.6126
,59671423-aaaf-410b-a6ac-63b9a7864640,usr_27984,mobile,12,123.75,False,True,-0.625
,e2c77eca-fc9e-484e-bf77-fe210f5c22d5,usr_06615,tablet,11,6335.82,True,True,-0.6254
,29a19ede-55f0-48ce-b6c0-8f8f72fd5324,usr_70333,tablet,12,119.75,False,True,-0.6063
,fd7ed718-4a09-421e-be21-461f620b2a01,usr_49694,bot_scraper,12,9.5,True,False,0.0
,132c9494-5271-41dc-850c-b8b5de0c5fa1,usr_06565,mobile,11,126.91,False,True,-0.6087
,c27d3389-0f20-4818-a118-27ae68f0525b,usr_26544,desktop,14,121.36,False,True,-0.6271
,e08e135e-cc63-4561-b3aa-194a04d697e6,usr_53856,bot_scraper,1,15.0,True,False,0.0
,3ca9e6c4-bb56-40db-b99f-6f34e4c01821,usr_10796,bot_scraper,3,14.0,True,False,0.0
,00827e4b-5e72-4183-a5db-bc1d0a1ce264,usr_09034,bot_scraper,5,7.0,True,False,0.0
,550aced7-cd87-47d0-84a8-621cc13b0980,usr_45986,desktop,14,114.57,False,True,-0.6451
,92b31444-5780-426a-b267-3095ff7b8234,usr_38610,desktop,14,127.79,False,True,-0.6291
,7680f129-6240-4fe5-a1f1-35b31e1ae40c,usr_15968,desktop,13,126.62,False,True,-0.6143
,1d82f013-c75e-4b1e-af43-d27e0594eed2,usr_76010,bot_scraper,8,8.25,True,False,0.0
,e08e135e-cc63-4561-b3aa-194a04d697e6,usr_53856,bot_scraper,6,13.5,True,False,0.0
,f8520fde-b108-4755-ae60-4ce6309e917b,usr_77948,bot_scraper,13,9.15,True,False,0.0
,192cbae1-e9dc-451c-95d6-1f8eef146efe,usr_76533,tablet,11,125.27,False,True,-0.6058
,19aba473-8558-4644-96c4-2595dabc9991,usr_70657,mobile,4,4997.25,True,False,0.0
,5feaf4e5-258e-4920-9985-8235da3e57b4,usr_81769,desktop,9,110.0,False,True,-0.6254
,6a9c4179-c132-4590-972a-c5dedb4917b8,usr_44500,tablet,14,108.14,False,True,-0.6113
,7deb8d89-af81-454f-b203-2709c304004a,usr_60955,tablet,14,120.0,False,True,-0.5982
,982bea44-99ff-4b26-a5d9-4823ee8b66d5,usr_37639,mobile,11,115.45,False,True,-0.602
,ce66ee29-88cb-459d-843d-3864537b347c,usr_84905,mobile,13,133.38,False,True,-0.636
,38154fd1-7c9c-4d8f-937b-769537b3052e,usr_04077,tablet,14,117.57,False,True,-0.6199
,407791a7-a5f9-4435-9368-07e85ba7f07a,usr_25414,bot_scraper,9,6.89,True,False,0.0
,78eaf216-1522-4683-a45f-54dea85588d8,usr_23910,desktop,14,110.0,False,True,-0.6104
,51511c13-2403-4547-8fe8-61cc5a44b5cc,usr_84732,desktop,12,114.5,False,True,-0.5983
,52bae877-54bd-4117-b1dd-9f4d361253ce,usr_55499,mobile,11,119.0,False,True,-0.6001
,016e8de4-4252-41a0-8890-bc69a949999b,usr_56837,bot_scraper,8,9.38,True,False,0.0
,c2fd26af-9a74-48a9-a6ba-08bd769ce78e,usr_39681,mobile,14,121.14,False,True,-0.6251
,0459e9aa-4875-4b0d-a518-83bb36edc627,usr_95736,tablet,14,118.0,False,True,-0.6215
,53cb8122-f7af-4801-a0cd-fbb7214042a9,usr_35002,desktop,12,124.58,False,True,-0.5985
,fb51c9fd-ce52-424d-a159-64f21111f176,usr_33096,bot_scraper,14,9.21,True,False,0.0
,7565a2ca-45cf-4fcc-9586-5cb80c202603,usr_32358,desktop,10,119.3,False,True,-0.6422
,5b15f40a-e848-4cab-a02e-596317b28343,usr_59355,desktop,12,125.83,False,True,-0.6238
,4394e52a-9ec8-45ff-8897-6b850ef64d40,usr_87786,mobile,11,105.55,False,True,-0.6102
,f411e042-0da1-460a-bbea-0592bd66f621,usr_37193,mobile,11,122.27,False,True,-0.6196
,775387c9-2263-4f6b-9e0c-0e112205a815,usr_94263,mobile,12,132.83,False,True,-0.631
,97bd86dc-742b-4795-9fc1-a56a9704d817,usr_07817,mobile,11,107.09,False,True,-0.6115
,f4bba95f-ec0a-4d81-878c-7fe92092390c,usr_26445,desktop,7,4877.43,True,False,0.0
,e2f60f67-6a14-4d31-90fb-9b0716729122,usr_21128,tablet,13,102.0,False,True,-0.6129
,145e15f4-f817-4c87-a5f9-b545675758df,usr_21744,tablet,11,124.18,False,True,-0.6058
,cb88e626-3a81-4efa-968e-2a9420210ffb,usr_63405,desktop,10,4078.6,True,False,0.0
,8e903be7-6977-4d17-8978-97ac9fc713b5,usr_31125,tablet,12,122.33,False,True,-0.6506
,7f2f8e71-0d6b-4a97-a2da-3e725c65b0a0,usr_89139,mobile,11,138.18,False,True,-0.6144
,890b7fb0-59fb-4e6b-bccc-0f33119f66c0,usr_76045,desktop,13,120.85,False,True,-0.6302
,b44604c5-7f5d-4002-8f23-6c816b50da2e,usr_25381,desktop,12,128.75,False,True,-0.6042
,6ca4080c-ea3b-486d-94f9-d3217e7c656d,usr_40677,mobile,11,121.09,False,True,-0.6138
,60db6dae-bb50-4c46-984f-54db799f5fc6,usr_73388,desktop,12,131.67,False,True,-0.6069
,e27e31ec-8891-43a6-9201-02c52ff02bfc,usr_87948,mobile,12,122.0,False,True,-0.6108
,077a8c34-cbad-42b2-aaaa-bc9b070b5ef4,usr_93944,mobile,12,127.42,False,True,-0.6128
,8dda71b0-ae2d-4af1-a32a-1f015adf1ed7,usr_35594,tablet,14,123.29,False,True,-0.6731
,d4aef315-c4b3-40c1-90ee-be61a040d0d1,usr_45735,tablet,12,120.0,False,True,-0.6063
,636e66d0-f7dc-4f32-82b8-2ddd9584cca3,usr_58987,desktop,9,116.33,False,True,-0.6248
,bf715c15-5f62-44fc-84cd-b9a3ac1cc7b2,usr_85264,tablet,11,126.36,False,True,-0.6198
,59c8ff17-7475-4f39-b775-b8b613b6fe60,usr_56221,desktop,5,5813.0,True,False,0.0
,2eb1869e-5822-40da-a837-00096931a61c,usr_45467,bot_scraper,6,10.33,True,False,0.0
,9e2d3e50-c956-4eb4-be01-de6cc4110771,usr_59678,mobile,11,5443.36,True,True,-0.617
,9a29f0d0-28e3-4a21-aca0-b3a7a60d12f2,usr_54933,mobile,5,4559.8,True,False,0.0
,14a5d7cc-7c20-4d35-9bdd-e3c918f33ce7,usr_65945,mobile,13,5416.77,True,True,-0.6473
,bb899f8c-9056-4abf-9b4a-fba89810c58e,usr_00238,mobile,13,124.92,False,True,-0.6173
,9fff0d06-61e3-4aa5-bd6f-d564c40e386b,usr_38579,mobile,13,120.38,False,True,-0.6134
,e4f74ead-f165-4936-87e8-0d23f587416c,usr_04544,desktop,14,115.57,False,True,-0.6437
,0ff8dabd-859d-43f9-b33e-185899072089,usr_76493,mobile,3,6044.33,True,False,0.0
,95d5b52a-774d-43af-b944-3b72ce227d8f,usr_55804,desktop,13,124.62,False,True,-0.6034
,1b7b06c4-f714-41c7-9246-7c063f346a20,usr_98307,tablet,12,122.0,False,True,-0.6108
,b0d2d8bc-fde9-42e0-94f1-d24761ed0066,usr_62976,tablet,12,124.42,False,True,-0.5978
,263af906-a362-4299-9a4d-bd0bb7f0e733,usr_60164,tablet,13,126.92,False,True,-0.6074
,59c8ff17-7475-4f39-b775-b8b613b6fe60,usr_56221,desktop,1,3593.0,True,False,0.0
,ada809be-2bfd-4563-88af-488102724180,usr_95055,mobile,14,109.86,False,True,-0.6294
,aa055f09-dd14-4f19-8eec-8d28555777c0,usr_96189,bot_scraper,11,7.91,True,False,0.0
,e46c1324-58e8-419e-8a7a-3cf5b99204bd,usr_45470,mobile,12,128.08,False,True,-0.611
,e934e23f-a114-4d5c-aca7-98ce7dddd184,usr_06940,mobile,11,107.18,False,True,-0.5992
,f1e2ed79-bffa-4658-b5cb-89817d727b09,usr_22996,mobile,14,128.64,False,True,-0.6055
,43464c8c-86ef-4d4a-baff-29c3ef7f4d96,usr_77671,mobile,10,5163.5,True,False,0.0
,b9e34cae-1bdb-4920-a6e0-5b24aed2dac8,usr_26530,bot_scraper,6,12.5,True,False,0.0
,1650a80a-77dd-4903-9ee4-d2fae78d9e25,usr_55187,bot_scraper,14,11.43,True,False,0.0
,174b7430-8f33-4e9b-a32d-753957ac9ce0,usr_73166,bot_scraper,4,12.25,True,False,0.0
,f730f9fa-c7a1-4640-9445-faa4dc61476e,usr_11242,tablet,12,140.33,False,True,-0.6201
,a428e529-feb0-4d30-b4d6-3a7d1917aa3f,usr_42691,mobile,12,121.83,False,True,-0.6119
,05145832-782b-4d3d-aea6-afbcf40dbb20,usr_80572,mobile,3,5905.0,True,False,0.0
,f73a46f2-ea6c-4868-9056-a05a931f1ce3,usr_02889,mobile,11,132.91,False,True,-0.5988
,efe9e679-a72e-446f-b540-9cea5a12fb72,usr_07102,mobile,13,132.46,False,True,-0.6216
,7877171d-7359-4586-8691-424b55f2961d,usr_44122,tablet,14,136.43,False,True,-0.5974
,c8b9a72d-4e2d-402e-bfb1-fb3b79918eb8,usr_61248,desktop,13,116.0,False,True,-0.6121
,0d142b2d-f197-4c9c-b942-f6d9674703ce,usr_86503,mobile,10,99.0,False,True,-0.5981
,55306a7d-3624-49ca-a6ad-582a73e3e758,usr_60493,mobile,14,117.57,False,True,-0.6205
,3f25fa94-6434-4b5e-a74f-56ac43931bba,usr_36398,desktop,13,133.77,False,True,-0.6209
,174b7430-8f33-4e9b-a32d-753957ac9ce0,usr_73166,bot_scraper,9,8.11,True,False,0.0
,6f0f24d2-da86-46e4-abdd-7dfde3838b42,usr_66183,desktop,3,5230.33,True,False,0.0
,eb5a9510-3747-43e7-be04-282b8c7698a8,usr_99218,mobile,12,123.17,False,True,-0.6107
,859e9361-6765-49e6-aef0-5da4b6f73bf7,usr_06487,desktop,13,125.0,False,True,-0.6378
,12d0e195-5142-4ebd-961d-1e8427e0c447,usr_36168,mobile,14,128.79,False,True,-0.6438
,2a5f9dd5-6e9e-4663-84e3-9624f9535253,usr_77388,tablet,5,3641.2,True,False,0.0
,0ca944cc-66f3-49ca-aa53-37af209320fc,usr_73633,bot_scraper,4,12.0,True,False,0.0
,2e6e2378-ca78-4a35-9173-aeb875c15f00,usr_77909,tablet,13,139.0,False,True,-0.6233
,0a90955b-185d-4887-a746-3246ac5d6475,usr_58391,mobile,13,116.15,False,True,-0.6009
,42732439-15c5-4a8c-96f2-708e57241318,usr_60580,bot_scraper,1,3.0,True,False,0.0
,130beca3-4f72-4cfd-902e-99bf17ddd5bd,usr_49464,bot_scraper,6,9.0,True,False,0.0
,c186dba6-b849-4ee3-8e6f-04df3fe83524,usr_46204,desktop,12,122.75,False,True,-0.6115
,deee6a35-f50d-49c3-97f2-e0e37dc4b05b,usr_98563,bot_scraper,3,4.67,True,False,0.0
,e5ba912b-690a-495a-880c-0bb28b56262e,usr_86184,tablet,12,129.08,False,True,-0.613
,fa27acd2-5993-43f3-bc6c-cbbb979ba663,usr_73084,bot_scraper,11,9.64,True,False,0.0
,6767b0b2-7632-4b14-b985-18a359632dba,usr_46139,mobile,12,129.5,False,True,-0.6068
,2a5f9dd5-6e9e-4663-84e3-9624f9535253,usr_77388,tablet,2,3390.5,True,False,0.0
,e876a27f-da27-4c05-bff7-fb66f4334573,usr_29628,mobile,3,5698.0,True,False,0.0
,b4a367a3-f3e3-4a5f-9676-cfc9827a6ff1,usr_88138,tablet,8,4893.75,True,False,0.0
,db5ead0f-ca6a-4bdb-b306-f47fdb0c8130,usr_05503,desktop,7,5465.71,True,False,0.0
,015052cd-fa37-4869-9384-0752e9692191,usr_82542,desktop,9,105.89,False,True,-0.6259
,21fa3d74-5ee7-420d-b8d7-eaae507395dd,usr_17006,mobile,13,123.77,False,True,-0.6173
,42732439-15c5-4a8c-96f2-708e57241318,usr_60580,bot_scraper,8,11.38,True,False,0.0
,18370a05-5ea2-4f01-a489-abba03bd5c59,usr_62670,tablet,13,102.77,False,True,-0.6346
,0caea0f7-727d-498e-9ca8-57825b1c0b93,usr_62922,mobile,6,6320.5,True,False,0.0
,79a99d4a-fe0e-4809-83aa-ae507a4fbd4f,usr_56426,tablet,13,123.0,False,True,-0.6061
,ff779a49-f480-422d-9f3f-31a19560cfec,usr_28585,tablet,10,6101.7,True,True,-0.6098
,e876a27f-da27-4c05-bff7-fb66f4334573,usr_29628,mobile,3,7382.0,True,False,0.0
,b4a367a3-f3e3-4a5f-9676-cfc9827a6ff1,usr_88138,tablet,5,4530.2,True,False,0.0
,462c1167-ba7e-49bc-aa49-bc8d8a66ffd4,usr_74632,desktop,12,4479.08,True,True,-0.6219
,15665952-ed57-4593-98f7-55ce6ce50b87,usr_86706,tablet,13,129.46,False,True,-0.6239
,73c83ca4-0620-4a4c-9c8b-d20493948a2a,usr_11022,bot_scraper,3,10.67,True,False,0.0
,40801629-6bed-4339-ac27-bad20254f188,usr_14600,desktop,4,5249.75,True,False,0.0
,f73fc1f7-571e-4a43-b346-4900b9290f82,usr_63763,mobile,14,122.57,False,True,-0.6271
,d6c9f638-288e-4be0-b59c-1a14c07fa6aa,usr_86933,tablet,12,138.08,False,True,-0.6088
,46871004-8079-42d0-aecc-9c730f5f6801,usr_63501,mobile,10,108.4,False,True,-0.6052
,5ee4f8cf-3e62-4835-bc79-d6ae1ccee710,usr_74515,bot_scraper,1,2.0,True,False,0.0
,e7552bbd-1b1e-43fd-ad56-b99c3711777e,usr_62152,tablet,14,115.86,False,True,-0.6238
,a3dba179-3d39-4022-806e-af24e2589c85,usr_99482,tablet,11,110.55,False,True,-0.606
,bbaec3a4-a442-436f-a5c2-0025de8d583b,usr_91040,desktop,11,124.82,False,True,-0.6139
,d855b795-f61e-4824-85f4-fb2f0c40bc4a,usr_92878,desktop,14,109.5,False,True,-0.6531
,bb8fd3b5-64a4-4b08-a8b7-a973521347db,usr_15448,bot_scraper,6,7.17,True,False,0.0
,2a7efcbb-bebd-4587-9884-64f6883f459e,usr_72715,mobile,7,3883.71,True,False,0.0
,1c17bafb-1162-4909-b4d4-0a6a44ee6d47,usr_19574,bot_scraper,14,7.0,True,False,0.0
,12d06a26-c718-4757-a437-74658950fab4,usr_84590,tablet,10,123.5,False,True,-0.6416
,5ee4f8cf-3e62-4835-bc79-d6ae1ccee710,usr_74515,bot_scraper,7,7.0,True,False,0.0
,afbf1017-fcd3-4f39-bf90-71ecb8ef2602,usr_58644,desktop,1,3219.0,True,False,0.0
,47472228-aa22-4e0a-8908-8f46f6ee460f,usr_59562,tablet,11,111.45,False,True,-0.6066
,9c9aad79-3b98-4f77-9577-89c202b4312c,usr_61430,mobile,13,114.31,False,True,-0.6154
,4e783edd-22b7-4952-be74-c6c6eb0e333e,usr_78677,desktop,9,5569.22,True,False,0.0
,ff283262-a5ab-4c7c-9048-9bfa076aa07a,usr_77378,desktop,14,126.0,False,True,-0.6061
,4e783edd-22b7-4952-be74-c6c6eb0e333e,usr_78677,desktop,2,4092.0,True,False,0.0
,c7f262b5-20e7-4a0e-9abf-c41e2edfd7e2,usr_17879,desktop,6,5544.33,True,False,0.0
,b236434a-2136-4c84-89fa-a48f3b77a122,usr_42828,mobile,14,126.79,False,True,-0.6291
,518028bb-0dc7-40e1-8dd8-a06a9ae935e5,usr_73655,bot_scraper,6,8.83,True,False,0.0
,22a36c28-5d39-4a02-821f-5e3aa6181ba9,usr_61257,bot_scraper,10,7.9,True,False,0.0
,17b9628b-f221-46a8-9ac0-9aa2b2391c8e,usr_03444,mobile,11,125.73,False,True,-0.6251
,afbf1017-fcd3-4f39-bf90-71ecb8ef2602,usr_58644,desktop,13,4537.08,True,True,-0.6334
,87990d27-4818-49db-b250-10a80e985645,usr_70887,mobile,13,5341.15,True,True,-0.6437
,1b8dd3ae-63d5-449d-9e4e-d10184bbcce6,usr_15941,desktop,6,4683.5,True,False,0.0
,5142cbb1-aa3d-4cf0-b4e7-92543b33887c,usr_52124,bot_scraper,11,10.64,True,False,0.0
,543e0f38-4939-4b2f-bd57-a9bd0efd8ff8,usr_81331,desktop,14,102.14,False,True,-0.6708
,b794145f-c9a9-4864-941f-027c88100129,usr_55094,mobile,11,103.55,False,True,-0.6148
,b41c68a4-facd-41cb-875e-1f247fa72204,usr_83023,mobile,11,5045.09,True,True,-0.6109
,8276212c-862e-45de-aa54-4fc0fb96637a,usr_77187,bot_scraper,5,9.6,True,False,0.0
,496ecd58-2142-45f0-b8b3-c66941c05f93,usr_11139,tablet,14,128.43,False,True,-0.623
,1d44fc51-7063-4e46-b6c7-c76590f8ed48,usr_10886,tablet,3,5394.0,True,False,0.0
,cdbe5453-56bf-4a0d-987b-22771366ac73,usr_65387,tablet,13,106.23,False,True,-0.6212
,e3709be9-b511-4f4c-8d4e-1f1b6a204c8c,usr_80870,desktop,12,117.17,False,True,-0.6164
,0835e5e0-7ba2-4522-a74e-8b68f53dde7e,usr_63102,desktop,7,121.57,False,True,-0.6071
,b87875c8-6227-4933-9f0d-5d7daeb54133,usr_47534,tablet,11,5163.55,True,True,-0.6116
,7cc87a5f-b0d9-49b9-b8ca-2a80bdd1b61b,usr_35296,tablet,13,128.23,False,True,-0.6106
,7a9f7cb8-140c-4023-b312-dab5e63fa2f3,usr_14324,mobile,12,99.42,False,True,-0.6204
,d52272a7-78ef-4c76-bbde-2af59a74945f,usr_92242,mobile,12,120.83,False,True,-0.6089
,72464883-00bb-4e44-85e5-b6fd6bea157e,usr_24584,bot_scraper,11,9.0,True,False,0.0
,e31408ce-4d6f-4635-9503-177dd9c7066f,usr_58260,tablet,8,5781.5,True,False,0.0
,4d47982e-6088-432a-8de6-c6127ace88b8,usr_75089,tablet,13,121.92,False,True,-0.6305
,8276212c-862e-45de-aa54-4fc0fb96637a,usr_77187,bot_scraper,5,9.8,True,False,0.0
,c4141f1d-1f90-441c-a220-b93e0e8eaaa2,usr_64686,mobile,1,2703.0,True,False,0.0
,f8149ab2-19d0-4393-9a89-996db03660fe,usr_84911,bot_scraper,3,10.67,True,False,0.0
,118e1bda-e69f-483d-912f-cbc58415ab7f,usr_35736,mobile,6,5784.17,True,False,0.0
,cbf74763-f129-45f0-8be5-3de48ec838b8,usr_45097,mobile,4,3874.5,True,False,0.0
,27fb5fba-48e2-4c57-b317-eda0e9a7b446,usr_13234,bot_scraper,10,11.3,True,False,0.0
,eb84f8cb-6978-445d-b88e-e108ceb0449d,usr_18393,tablet,14,124.71,False,True,-0.6117
,35e39d67-97a5-4949-839f-05e4c02de715,usr_64642,desktop,11,5097.0,True,True,-0.6116
,12cdf4fb-53e9-43fb-82bf-ff5a12c73ed7,usr_98631,tablet,10,116.2,False,True,-0.6408
,70c8425b-70b2-4bb7-b28f-aab0afa7ec07,usr_96897,mobile,10,123.1,False,True,-0.6416
,44691fc6-dd5f-4e83-9cae-c483a56faa94,usr_12536,bot_scraper,10,11.4,True,False,0.0
,9bbe466e-3e0b-4492-af40-638f61cc5e32,usr_87173,mobile,11,112.09,False,True,-0.6066
,c2a8fc3d-5ab7-457e-a083-82de28c897fe,usr_07791,tablet,14,116.93,False,True,-0.6113
,c4141f1d-1f90-441c-a220-b93e0e8eaaa2,usr_64686,mobile,7,5113.57,True,False,0.0
,ec8818e5-0d0b-4032-84fb-0601c0da7190,usr_62313,tablet,13,122.54,False,True,-0.6028
,492cdec0-8cfb-464d-a880-f0d5cf6eb334,usr_17043,mobile,9,121.56,False,True,-0.5979
,5e42e36f-3deb-473f-8132-6eff6db1bf17,usr_66263,tablet,10,141.5,False,True,-0.6469
,0c8d4321-6c27-485c-bb95-abb59c303917,usr_07097,bot_scraper,12,6.75,True,False,0.0
,95362a3a-b0fe-47e8-aa5e-3b0a0a21f742,usr_68201,tablet,12,110.92,False,True,-0.6088
,a5a72222-f221-4baa-a09f-dcfe3a1f6454,usr_05771,bot_scraper,3,9.67,True,False,0.0
,3cdb2749-d4bc-4414-84f6-e55b12ebf1e9,usr_18250,desktop,12,107.67,False,True,-0.6481
,558cbaf2-fbd6-40d3-8601-e27b7d3e499f,usr_55399,desktop,14,121.86,False,True,-0.6271
,65965116-e7ed-4555-ac7d-9f9e32ea21be,usr_04489,bot_scraper,3,11.0,True,False,0.0
,e2b5ea5e-f9ae-4978-983e-c920d33ea416,usr_62601,tablet,14,107.29,False,True,-0.6324
,d1f2f08f-f323-44f1-86ab-12943396ff19,usr_14425,desktop,12,126.58,False,True,-0.6128
,6ae3b6b7-c5bf-4298-8456-60cb6b083097,usr_06937,mobile,12,120.83,False,True,-0.6089
,aae1f659-3df5-4966-a564-9eddfc1df71d,usr_76416,mobile,7,4872.0,True,False,0.0
,bf09ab37-083c-426f-854b-b672a3d6ca5d,usr_15051,desktop,10,126.9,False,True,-0.605
,6c954f15-ca60-466c-b2a6-9cd21c22028b,usr_46323,mobile,3,4516.0,True,False,0.0
,77297bc7-2f41-4975-ae42-7df53cce5b9f,usr_50262,desktop,14,123.64,False,True,-0.5989
,d0b7dce9-9b53-4531-baae-5985849ef233,usr_92343,desktop,14,117.93,False,True,-0.6716
,89f470cb-a4f3-4d7c-ae32-a94d8fd2e677,usr_80010,desktop,10,125.1,False,True,-0.6416
,310f6ac2-1d95-4f6e-b0ff-862db5aac2e6,usr_48696,desktop,3,5063.67,True,False,0.0
,534ac568-c511-46d3-b41c-6abfa5a51eb3,usr_48928,mobile,11,122.09,False,True,-0.6097
,eb77f283-425c-424e-be46-2b4bf8c12828,usr_40747,mobile,12,117.08,False,True,-0.6107
,69898387-f01c-4932-9898-5eaff1c5cb99,usr_31219,tablet,12,110.67,False,True,-0.6004
,78bd76e2-c8c8-462c-b901-f093ad92f99c,usr_78470,tablet,13,121.69,False,True,-0.6179
,8534da5b-709a-4a82-9fc8-79fc77ff6d67,usr_13174,mobile,6,98.17,False,True,-0.6
,272b435f-6ac9-4c6c-aafa-884db6b1af1c,usr_65502,bot_scraper,5,8.0,True,False,0.0
,a64f8779-0252-49ef-9c16-9175f5b128d0,usr_30237,bot_scraper,11,10.0,True,False,0.0
,ff121900-c2bc-4de9-8d77-4464150d5c4a,usr_24625,desktop,14,108.79,False,True,-0.6317
,0d424e83-60b6-42f2-8af6-ab259ca50cd1,usr_85081,desktop,14,127.21,False,True,-0.6291
,cde6895a-28f6-4462-88a9-8bc6991e7fb9,usr_52528,mobile,10,122.2,False,True,-0.6037
,3a219d87-0469-4832-bbbc-07560eb7a1b1,usr_75660,mobile,13,5144.54,True,True,-0.6437
,92df8513-86ce-45aa-87ae-66e592f443f5,usr_94253,desktop,14,119.29,False,True,-0.6152
,d161a97f-3049-44ee-b746-cc25c6a9ca9c,usr_86396,bot_scraper,13,9.15,True,False,0.0
,2c09a1b4-0558-4509-b84b-c035584f7a91,usr_88868,tablet,14,125.86,False,True,-0.5996
,17672fdd-ff5d-4f55-a465-12ac362e20c3,usr_01633,mobile,12,5876.0,True,True,-0.641
,00f6248d-12eb-4e26-aa83-33d8a3d2ece9,usr_06659,desktop,3,3851.67,True,False,0.0
,2e009ef0-1c29-4fe8-9cdf-f11aee3b8ef1,usr_21813,tablet,14,123.21,False,True,-0.6278
,b1e3d388-04a9-4d5b-b8f5-e3cc92c04d0c,usr_15017,tablet,6,4323.83,True,False,0.0
,1bebc67b-43dd-41d6-8138-c2224caa7976,usr_19827,bot_scraper,6,8.17,True,False,0.0
,c159bfb2-b0e8-4175-91ff-d2ddb28e2d84,usr_11894,desktop,11,107.27,False,True,-0.5991
,11de593c-c1bc-4b6e-b901-6879146536d3,usr_14752,desktop,11,5004.45,True,True,-0.6103
,316527af-b76f-4636-9f18-08bd5e06b6d3,usr_39156,desktop,11,129.64,False,True,-0.611
,2b4d4b24-1895-4f86-b1c3-8a27afa0ff07,usr_83387,mobile,13,4508.31,True,True,-0.6334
,00f6248d-12eb-4e26-aa83-33d8a3d2ece9,usr_06659,desktop,2,6007.0,True,False,0.0
,0810b7a4-e26f-4a69-82c8-893988318d93,usr_19035,tablet,12,102.17,False,True,-0.6173
,8fe6eb5b-a24b-4412-b1bf-1e0860394e99,usr_60973,desktop,3,5863.67,True,False,0.0
,3035c642-724b-42a1-a791-915389a41cff,usr_15981,mobile,12,116.25,False,True,-0.6069
,10bef563-dc43-4bb9-af06-bcf4292ebf54,usr_22283,bot_scraper,10,9.5,True,False,0.0
,125d9b31-f8ad-471e-b50a-9abb08a6afc3,usr_81535,desktop,14,125.0,False,True,-0.6278
,e05bb2ef-621c-4826-9b60-e22c2ccd1ebe,usr_94017,tablet,11,111.18,False,True,-0.6066
,6509ca9b-ea01-4e3f-9e68-5db3b12b940b,usr_64649,mobile,9,128.78,False,True,-0.6018
,6f34eb37-d139-460d-aef4-828257ed1f95,usr_64365,tablet,14,115.14,False,True,-0.651
,4e2c2048-7b41-4840-a383-13c32da33049,usr_53488,desktop,12,136.83,False,True,-0.6201
,dc31702c-a2cc-41a7-b64c-e2d5da49e2f8,usr_55052,desktop,11,105.73,False,True,-0.6102
,8f76f99b-3794-4c50-a8b4-75d767ad17d8,usr_37576,mobile,12,120.75,False,True,-0.6039
,47623bc8-888b-4b13-9894-0e33eefe129f,usr_30323,bot_scraper,8,7.62,True,False,0.0
,79b4f4d2-e2f6-46a8-82a6-25f1ae9cd0e9,usr_79838,tablet,14,118.86,False,True,-0.6212
,46e3c11b-b3e0-4a66-8669-eef1a88ccead,usr_47816,tablet,13,111.54,False,True,-0.6131
,2c0f33fb-a105-47df-b35f-040964be9454,usr_62481,tablet,14,136.0,False,True,-0.6343
,25b1490f-0949-4c44-81c8-d857a673b84e,usr_90853,tablet,14,129.43,False,True,-0.6585
,121e3118-dc78-4207-8b79-62182d03033d,usr_14308,desktop,14,128.07,False,True,-0.6363
,33413f53-ed68-4e0f-ada9-47283aff7104,usr_50506,tablet,13,129.69,False,True,-0.6239
,caab6bb5-1516-426a-964d-052a1dc7100b,usr_47704,mobile,10,122.9,False,True,-0.6025
,ea0b78bb-2b1e-45ce-b8fd-73172c3ea8f4,usr_88830,mobile,14,112.36,False,True,-0.6723
,ed5996a9-c52f-407c-95e1-c256047dd93d,usr_62211,mobile,13,121.23,False,True,-0.6147
,e9f22a53-095c-4d4c-8cf3-0f094b4e4644,usr_13360,desktop,13,113.08,False,True,-0.6154
,e654c3cf-8409-462e-b330-5c0c89dc287d,usr_16814,tablet,7,5111.86,True,False,0.0
,a1a9dcee-bd17-4406-ac05-9c7635d98ca2,usr_29918,tablet,11,114.18,False,True,-0.6052
,607d4e37-234e-49d7-80e7-9e3f8af0b3ee,usr_53810,mobile,11,116.91,False,True,-0.6007
,3232c371-7268-4136-8dee-1786da43cacf,usr_67217,mobile,9,114.0,False,True,-0.6254
,50b1275e-4750-40f8-a0f3-3b21d842e4fc,usr_36592,bot_scraper,14,10.07,True,False,0.0
,e0021303-8889-4402-93b9-60c13eb7d6cc,usr_10423,desktop,14,115.93,False,True,-0.606
,7fc0836a-ae89-45ba-a107-0420a84ff18a,usr_36172,mobile,9,131.11,False,True,-0.6107
,47623bc8-888b-4b13-9894-0e33eefe129f,usr_30323,bot_scraper,3,11.33,True,False,0.0
,b8764c02-7516-468c-bb2b-8ee92d135f93,usr_40849,bot_scraper,10,12.9,True,False,0.0
,d5102b14-172c-44b9-a2af-6affb69e4dde,usr_53086,tablet,1,7117.0,True,False,0.0
,46b485da-7f7a-4ec6-beda-14181366025d,usr_03522,desktop,11,4879.82,True,True,-0.6103
,c0181e86-e15c-4c70-8c61-68dcbf9858d8,usr_43325,tablet,11,111.27,False,True,-0.6066
,00f801eb-e7ab-406e-b922-4929b47b3fd8,usr_43486,mobile,13,126.77,False,True,-0.6186
,d3068194-eb3a-4ceb-93e1-e3ab5634153f,usr_50811,mobile,7,110.71,False,True,-0.6044
,84ec5432-14ab-444f-acfe-fc00cd7ac783,usr_87475,bot_scraper,7,12.86,True,False,0.0
,76130662-ddd5-41d1-808a-9bf5b28738c6,usr_29351,mobile,12,129.75,False,True,-0.618
,872398ee-3a91-4120-9128-c21ae22fc5b8,usr_84211,desktop,14,123.71,False,True,-0.5989
,69a2c02a-0df3-453a-be7c-ebf286f873bc,usr_22956,bot_scraper,5,12.8,True,False,0.0
,2971e874-86de-45a4-90c8-19b520a03a30,usr_57440,bot_scraper,7,8.71,True,False,0.0
,e104a224-8610-4b39-a683-be740d8612f0,usr_24978,desktop,14,129.57,False,True,-0.6345
,122cf1a3-491c-4da0-b3f2-ce9b183490c1,usr_41172,tablet,13,108.31,False,True,-0.6212
,9e722a88-faa7-4774-b48c-65cb2229dce4,usr_74889,tablet,11,5691.82,True,True,-0.619
,d5102b14-172c-44b9-a2af-6affb69e4dde,usr_53086,tablet,13,4771.08,True,True,-0.6375
,12cdc957-e7fd-4e24-87b2-6bf497548c15,usr_20133,desktop,7,5809.0,True,False,0.0
,6c4d4b90-13a5-460b-a83b-7fbdfaff987c,usr_81178,bot_scraper,4,14.25,True,False,0.0
,84ec5432-14ab-444f-acfe-fc00cd7ac783,usr_87475,bot_scraper,6,6.5,True,False,0.0
,9b08ac13-cdd0-4019-a308-f56f36f31d8a,usr_37089,mobile,10,4247.4,True,False,0.0
,a1b7083b-6620-4c03-ba39-b04c03403847,usr_36975,tablet,9,4181.67,True,False,0.0
,9f422060-e748-42f0-a69e-f470017b20f6,usr_36658,mobile,13,110.85,False,True,-0.6581
,36c0f3e6-48b4-48d8-905f-1d2e2fc22e85,usr_59277,mobile,13,120.46,False,True,-0.5973
,dd7408c0-450f-4026-99f8-63be8b4ae09a,usr_90980,tablet,10,5492.5,True,True,-0.598
,618ea3ec-a9c8-4d3e-976c-eb55cf23682c,usr_30050,desktop,14,112.79,False,True,-0.6271
,0ab60f4e-f7f5-4ee5-ac2d-c8ea719ebf5d,usr_21838,desktop,12,132.08,False,True,-0.6088
,b316ac55-bda6-42d0-bef5-7b4f15239108,usr_74268,tablet,14,119.36,False,True,-0.6453
,dd7408c0-450f-4026-99f8-63be8b4ae09a,usr_90980,tablet,2,5507.0,True,False,0.0
,38c328eb-323f-4dc6-ae0c-fcd9586c0d92,usr_29543,mobile,7,4585.43,True,False,0.0
,5665eac2-421b-4447-af75-39dff8369750,usr_30151,desktop,11,103.82,False,True,-0.6148
,287220ac-4a3f-4d60-8fd4-cfa9d8567eed,usr_22454,desktop,13,121.46,False,True,-0.6012
,fc8ed127-97a4-49d0-a7a1-c8658b9ddba3,usr_92923,tablet,13,123.0,False,True,-0.6173
,8a016596-320a-4b86-a6e5-af6174f8fbdf,usr_94617,bot_scraper,7,8.86,True,False,0.0
,8ba1577e-6ca8-419a-9011-71cca2822351,usr_64302,bot_scraper,7,11.14,True,False,0.0
,91a804cb-89a7-4143-a00d-e5c78f4c82ed,usr_08722,bot_scraper,10,10.3,True,False,0.0
,8c82e52d-b5da-4824-864d-25b7f6b81186,usr_65378,bot_scraper,7,8.43,True,False,0.0
,71f54ed3-cffa-4e86-8dff-7fbbad1d42c9,usr_87628,mobile,11,5267.64,True,True,-0.6116
,fed91bf3-13dc-4f83-9859-77c8a14fa6be,usr_23035,bot_scraper,8,8.5,True,False,0.0
,e02f1677-3dbf-4ab5-b075-3914f385b9b7,usr_11491,tablet,14,129.21,False,True,-0.6345
,6a5be0a0-df16-44a5-b571-e320e6a4551a,usr_92966,desktop,10,127.0,False,True,-0.605
,ff44e64f-fff1-4257-9e35-a65521667c32,usr_00732,mobile,8,123.38,False,True,-0.6123
,6308843d-bf85-4bb9-aa29-175d80098835,usr_36629,desktop,7,136.71,False,True,-0.6064
,78b6d3cd-aaf2-49eb-bbd9-38fd49cacf05,usr_97477,tablet,10,127.2,False,True,-0.6037
,7d940505-2730-45cf-b36d-e17266f1dba0,usr_03680,mobile,12,115.17,False,True,-0.6076
,e19b3864-d56a-4491-bedc-e01a4b1b224a,usr_69928,tablet,14,124.07,False,True,-0.6032
,a2c665de-e80c-43da-897c-e8a51c3a58b5,usr_11562,desktop,12,130.08,False,True,-0.6243
,ff444a9f-df1e-4530-b143-4def637b777e,usr_35029,tablet,11,116.36,False,True,-0.5995
,666a1dbd-ac8e-4103-ae17-31d032978207,usr_29495,bot_scraper,10,8.9,True,False,0.0
,eb3f2527-cdef-47d8-bbf0-2bebd2cf2473,usr_18929,tablet,11,111.36,False,True,-0.6066
,10271bbf-e84a-4af9-b98e-c49ec7d18556,usr_98938,desktop,11,118.55,False,True,-0.6021
,ebfe8a82-c5f7-4195-b0a0-0c4c0e97df7d,usr_91864,desktop,12,127.5,False,True,-0.6128
,b4df2562-92c6-4704-90eb-4391e938c629,usr_97482,tablet,12,104.33,False,True,-0.6161
,e7786484-c281-4858-babc-570743b5f425,usr_69357,tablet,12,110.92,False,True,-0.6116
,371cfd21-7742-4359-9662-499b67509c39,usr_70543,bot_scraper,6,11.0,True,False,0.0
,e5a3eb4a-6dbb-4f86-be27-b27c741b8891,usr_40196,tablet,11,113.09,False,True,-0.6052
,3d286968-2da0-44f0-8106-a84f6d07a2b5,usr_81031,bot_scraper,7,10.29,True,False,0.0
,43a7c09b-3637-4ba6-bda3-d25e2cd7e70c,usr_06695,desktop,6,4328.67,True,False,0.0
,06f18414-f9d5-49d6-9208-1bcf2df185e1,usr_23210,mobile,6,4426.67,True,False,0.0
,21677e7b-52a6-4cb0-9ab2-046161030c9d,usr_02475,tablet,14,126.0,False,True,-0.6117
,bf294236-c05d-4085-8553-00b4328e3fc4,usr_00528,desktop,13,128.46,False,True,-0.6106
,aebbf05d-d00d-4301-8ab6-7bf2df638da4,usr_04691,bot_scraper,8,8.88,True,False,0.0
,ad828b26-dbdc-407a-8e61-67630d9d8ee9,usr_26798,desktop,13,120.0,False,True,-0.5998
,d05de0f0-9bc3-45e2-aa0c-43f4b61d73c2,usr_42959,mobile,14,118.5,False,True,-0.6384
,29c1151e-5930-4ce9-8f66-4c86ad67738c,usr_55249,desktop,13,104.0,False,True,-0.6174
,e96f96e9-3256-4235-8c8c-2e6692766c9f,usr_14944,tablet,12,125.92,False,True,-0.6004
,3fe61c0d-6812-4098-ba85-a650f8411f0f,usr_84433,bot_scraper,11,6.64,True,False,0.0
,2513fb89-eafb-4e8b-89b8-af89899607bf,usr_48992,tablet,14,121.93,False,True,-0.6177
,0ba799dd-0f2f-4a16-8e3d-da597c509cdf,usr_72797,tablet,13,115.62,False,True,-0.6054
,0ec02f81-4032-4613-9f0a-dc9ba72cc0ce,usr_44199,tablet,8,104.75,False,True,-0.613
,3eaa513c-c1d1-4d83-90ff-1d3cb88d68f5,usr_59451,tablet,6,4822.0,True,False,0.0
,0fedd4f1-7e54-4712-afbd-aca8713d0601,usr_44547,tablet,14,122.0,False,True,-0.6158
,b0d4fbba-70cf-4fdd-b45f-0af6d3790514,usr_37994,desktop,14,117.86,False,True,-0.6199
,1fc4f595-e4c4-46e4-8d0c-563ceddaca76,usr_48317,tablet,12,106.5,False,True,-0.6027
,ec3b8499-6f5a-42d2-8cf2-8c58ccea6166,usr_55524,desktop,14,119.29,False,True,-0.6451
,f04a4a8f-72cd-4b17-a201-cdb885e09847,usr_82340,mobile,12,124.08,False,True,-0.5978
,3fe61c0d-6812-4098-ba85-a650f8411f0f,usr_84433,bot_scraper,1,9.0,True,False,0.0
,0b06078e-bc3f-4282-8d36-1acd690b0ae6,usr_91448,mobile,12,124.08,False,True,-0.6238
,5bfa63d8-edc9-4281-bd36-297b8b551f51,usr_28646,bot_scraper,10,9.8,True,False,0.0
,8de59f9d-ec03-4b63-96f9-de2315489fe5,usr_84378,tablet,11,107.45,False,True,-0.6414
,a2bb62db-c597-4dba-b4dc-9d977383027f,usr_31607,mobile,14,136.86,False,True,-0.6244
,02732c87-78f0-4af5-8d86-cf717a4e2593,usr_94350,desktop,14,113.0,False,True,-0.6258
,576dc09e-ec61-485b-ae68-bea980d27695,usr_65569,mobile,13,112.69,False,True,-0.6168
,b17f8619-8177-451f-8c35-dbc86a469504,usr_91334,mobile,13,119.0,False,True,-0.6304
,9f8dd7b9-6a61-47de-a498-467d572f998a,usr_44847,mobile,13,119.46,False,True,-0.6058
,7617acc6-f9e0-461b-99d1-15c982d6cd69,usr_66065,desktop,10,132.7,False,True,-0.6035
,3057de8c-6e63-4199-b434-f3ace2f85219,usr_91010,tablet,13,137.62,False,True,-0.6166
,fb4a2a10-2ae1-479f-bc6e-fc3d99e903bc,usr_25835,desktop,13,124.23,False,True,-0.6173
,0452940e-1996-462e-964b-b7e38483fcf0,usr_92888,desktop,13,119.46,False,True,-0.5996
,0cf7118d-b898-4893-a801-e9e23006676c,usr_01298,tablet,9,105.22,False,True,-0.6259
,b8a77827-38ba-4db0-950e-7c2ba6cb2b26,usr_52701,tablet,13,135.62,False,True,-0.602
,70a9459d-7703-4833-8c8e-e96c2c1a876a,usr_53773,bot_scraper,11,9.27,True,False,0.0
,fdf07fcd-cc4a-4ebc-a290-d284520f784d,usr_04291,mobile,14,115.14,False,True,-0.6017
,acf4c74e-6cc5-44c4-8715-05f083ef3bc3,usr_19741,desktop,11,113.55,False,True,-0.6432
,66268cc1-b643-42c0-bc26-eab5b1efd346,usr_18843,tablet,13,126.92,False,True,-0.612
,53f5bcc2-4d00-4c9d-b5e7-a9a91d0400fb,usr_40398,mobile,14,123.79,False,True,-0.6278
,d0e8deea-0453-4e69-9458-58de7a80310d,usr_55214,tablet,4,4185.0,True,False,0.0
,b65674e2-576c-409f-a966-e583e44d4c6e,usr_46967,tablet,7,5109.57,True,False,0.0
,b65a76b5-4fc8-4d37-a41d-e5854656d718,usr_06133,desktop,8,4445.25,True,False,0.0
,dcbab502-de39-43ad-89ce-96a390fc47af,usr_54437,tablet,11,4813.73,True,True,-0.605
,17c846d8-03d5-4e84-a850-d2b7a9dbbc15,usr_30157,bot_scraper,4,9.75,True,False,0.0
,7c46a587-f116-4817-b621-88dbdac20624,usr_90768,bot_scraper,3,10.0,True,False,0.0
,382410a8-a754-42b7-bc58-6bf16d1bcfee,usr_39359,tablet,8,4986.88,True,False,0.0
,65fbdd32-264f-4588-95c9-1a0093e9895a,usr_56152,desktop,10,128.0,False,True,-0.6082
,e5ecb6d0-5412-47e4-aa8a-90be3e223bc7,usr_43309,mobile,12,133.75,False,True,-0.6201
,3e0a17a5-c2c6-4420-b5bf-666912b0150e,usr_21578,tablet,14,119.0,False,True,-0.6323
,3732da46-4410-4cd8-af1e-430aed3ee0e6,usr_25940,desktop,14,119.0,False,True,-0.6228
,382410a8-a754-42b7-bc58-6bf16d1bcfee,usr_39359,tablet,4,4749.0,True,False,0.0
,8095dad2-9302-46c8-85c6-2c34ea4ac349,usr_20862,mobile,11,119.27,False,True,-0.6001
,39056e8a-69b1-45ba-8718-93bcb77feb16,usr_42654,tablet,13,108.31,False,True,-0.6565
,d2c7dd9d-d052-4820-9244-a23d8eb0ef93,usr_91299,desktop,13,120.31,False,True,-0.6021
,17c846d8-03d5-4e84-a850-d2b7a9dbbc15,usr_30157,bot_scraper,5,9.4,True,False,0.0
,66b9fd21-11df-434f-96db-b2edd3aaae66,usr_12455,bot_scraper,8,9.62,True,False,0.0
,de2a9dbd-a0a9-41cd-94f0-f1dc0d264d34,usr_39540,tablet,12,117.5,False,True,-0.6491
,fe59e55f-f07d-4603-96b8-4d202d27b5d0,usr_71096,mobile,11,114.82,False,True,-0.6432
,57adff06-7151-4d60-9ab4-f47c4959a71e,usr_44427,desktop,13,118.08,False,True,-0.6242
,eaab5faa-1012-4aae-9862-ae22e9615a78,usr_77860,desktop,8,120.88,False,True,-0.6091
,a71d2acc-6177-4a73-9f95-415742ad9000,usr_68019,mobile,1,5562.0,True,False,0.0
,0bc08716-d893-44e6-a938-ccc7f494ac23,usr_28194,tablet,3,5469.0,True,False,0.0
,ab86429c-73a7-4a02-bc2c-6c3122e6fe3d,usr_11644,tablet,14,119.93,False,True,-0.6225
,b95e59a9-f4ab-424c-9246-f1afd2338061,usr_28571,bot_scraper,4,8.5,True,False,0.0
,4ebb0aab-81f6-4318-bd33-c1a0c288746d,usr_36967,desktop,10,129.5,False,True,-0.6416
,22bd82c3-0439-49ee-94ad-aeb0232bb322,usr_07226,tablet,13,109.92,False,True,-0.6581
,b61835d9-775c-4478-a4e2-0744ba8483e4,usr_85378,tablet,10,104.2,False,True,-0.6219
,a032a940-670e-40de-95ea-19458024c656,usr_21815,mobile,14,112.0,False,True,-0.6158
,66b9fd21-11df-434f-96db-b2edd3aaae66,usr_12455,bot_scraper,1,8.0,True,False,0.0
,ee72f523-0d6e-4b32-bab5-ee7c6e404eed,usr_81195,tablet,5,4204.6,True,False,0.0
,02abff93-b873-45a1-b9f9-1bf2d2a4a6c8,usr_20447,bot_scraper,11,11.09,True,False,0.0
,a1dca313-ffc9-4bc5-a267-fe411af67fc7,usr_10648,mobile,11,118.64,False,True,-0.6105
,68903f3b-515a-432f-b78a-be48311c440b,usr_29654,tablet,12,113.17,False,True,-0.6102
,a71d2acc-6177-4a73-9f95-415742ad9000,usr_68019,mobile,7,5430.86,True,False,0.0
,b83033e7-c1e6-4740-a9e3-a67c9314f192,usr_91551,mobile,8,121.12,False,True,-0.6091
,0bc08716-d893-44e6-a938-ccc7f494ac23,usr_28194,tablet,8,6673.5,True,False,0.0
,6f659875-ab11-4968-a942-4b42ea7b344f,usr_69155,tablet,11,118.45,False,True,-0.6439
,c9327973-b09e-4805-8a10-10ac30e87e34,usr_07041,desktop,13,106.62,False,True,-0.6558
,ff9f31bf-a637-44e0-9391-e1721e22c011,usr_66389,mobile,14,4421.21,True,True,-0.6486
,eeeb21bb-6e94-42dc-86ab-51f9093691f0,usr_81464,tablet,14,113.79,False,True,-0.6258
,21d72662-cf52-449f-9439-731f9c9d2b45,usr_51361,desktop,14,114.43,False,True,-0.6258
,3c661e00-5163-4c81-8e05-6fc6b6aeaa8e,usr_91100,mobile,12,121.17,False,True,-0.6089
,aa8c9d81-6bde-4b77-846d-1238407669b5,usr_39208,bot_scraper,4,7.5,True,False,0.0
,2381246f-7df0-48c5-86a1-883023feb5b7,usr_07396,mobile,14,126.36,False,True,-0.6278
,37e32347-003e-4b7c-b1de-f1b04bc2eece,usr_70593,tablet,13,104.62,False,True,-0.62
,762444f5-90d6-407c-a291-615d0d1ef974,usr_73135,desktop,13,129.15,False,True,-0.6188
,965962a3-11d4-493d-8112-9408ca13bc6b,usr_22809,tablet,14,122.79,False,True,-0.6278
,264dd3ba-b66d-49ad-8ac7-8a8df2333374,usr_10679,bot_scraper,5,9.4,True,False,0.0
,1e1b1c01-7f60-4f44-9905-90383251869b,usr_38052,mobile,14,106.57,False,True,-0.6031
,e78e86f3-803f-44a4-8d57-a4fbf2a4d82c,usr_61898,tablet,12,4282.33,True,True,-0.6212
,a622f72c-ba7b-4705-b5ca-9da63e630ef0,usr_87825,tablet,12,123.33,False,True,-0.6115
,c9686c2b-f653-4ea2-8418-3292483c97a1,usr_12351,bot_scraper,12,8.33,True,False,0.0
,aa8c9d81-6bde-4b77-846d-1238407669b5,usr_39208,bot_scraper,6,8.33,True,False,0.0
,f8bc8a83-63c8-49b8-9d6b-729a35c9fa55,usr_21929,mobile,1,7786.0,True,False,0.0
,8899c94a-8487-4e4e-86ac-5bea4d88df8d,usr_68677,bot_scraper,4,11.25,True,False,0.0
,52c26fe3-e725-444c-b59d-8ed6bd3d8622,usr_96568,desktop,3,6124.0,True,False,0.0
,3048724b-ddd2-41b8-9064-1bd223c262ba,usr_42304,mobile,11,128.91,False,True,-0.6123
,2c64689f-e38c-426d-b43c-912d1a900f3e,usr_37849,desktop,13,107.31,False,True,-0.6062
,a164f797-11d4-4885-8a66-fa9c8c5968cb,usr_68464,tablet,13,116.77,False,True,-0.6284
,17d3e51d-4a10-4e9f-8117-5cce932a3e39,usr_89119,mobile,12,123.25,False,True,-0.6004
,f4b473f3-eac4-4e31-9c92-805b42bed3ab,usr_23091,bot_scraper,10,11.0,True,False,0.0
,264dd3ba-b66d-49ad-8ac7-8a8df2333374,usr_10679,bot_scraper,8,8.38,True,False,0.0
,55501ae2-3de1-49b5-b05e-0e8f9cf07b59,usr_38201,bot_scraper,8,8.62,True,False,0.0
,1c426073-699f-41ca-8c43-9fb120614639,usr_12851,mobile,12,120.08,False,True,-0.6146
,ffa77871-9389-41ec-b340-9069e109223e,usr_59752,desktop,13,110.31,False,True,-0.6035
,eb76f642-deda-46e1-907c-35e9e44aac9f,usr_67148,tablet,14,135.07,False,True,-0.6367
,cef68205-f0a0-4568-84eb-87598f7fe6c7,usr_15082,tablet,13,105.85,False,True,-0.6205
,f8bc8a83-63c8-49b8-9d6b-729a35c9fa55,usr_21929,mobile,8,5146.38,True,False,0.0
,ac7a1ff0-15bd-46a7-9565-a18e910c37f0,usr_65582,desktop,10,120.1,False,True,-0.5978
,9ef5f52e-7005-4b76-974a-8e696c38f7db,usr_42896,tablet,11,129.0,False,True,-0.5986
,33151969-a090-40f3-aaf0-633cb664a5e3,usr_72998,desktop,13,112.85,False,True,-0.6041
,252027d1-7f25-49b2-a685-9a7ce1b4877d,usr_52221,mobile,3,4176.33,True,False,0.0
,32194d5d-a928-4d7c-a9de-484471fce8e6,usr_69260,bot_scraper,5,8.0,True,False,0.0
,f3b24efb-0d46-4a91-905e-293f2c4e7668,usr_20415,tablet,12,117.83,False,True,-0.6035
,6138e9a7-486c-4d31-914b-18e14cd880ff,usr_93103,mobile,9,5024.67,True,False,0.0
,f63dd888-8fcc-4e70-a6f6-979b302cddbf,usr_95917,tablet,14,117.43,False,True,-0.5985
,68d59b16-0714-474d-8da7-c1268633ee4e,usr_63008,tablet,5,4677.6,True,False,0.0
,4802f746-2cd8-4858-b148-c352c8f17915,usr_89674,tablet,14,122.36,False,True,-0.6587
,cdab2f81-d9d1-463d-909e-1abd7842b186,usr_60598,desktop,12,102.92,False,True,-0.6077
,635f4fb1-3375-4eda-888e-b600ffdbd893,usr_69254,bot_scraper,14,9.86,True,False,0.0
,5494b3aa-f47d-4f96-ae90-0b8862e8edc6,usr_96184,mobile,10,105.3,False,True,-0.5969
,1d922165-5d1c-40ab-9585-3baf472d20a0,usr_00128,desktop,7,5069.29,True,False,0.0
,36dc35e6-bc0e-4782-b508-05cbc6bc9947,usr_17878,bot_scraper,13,9.62,True,False,0.0
,32194d5d-a928-4d7c-a9de-484471fce8e6,usr_69260,bot_scraper,4,5.0,True,False,0.0
,d95f28b6-2e12-40f2-b7f1-f376155b8870,usr_13450,tablet,14,116.79,False,True,-0.6212
,bb12dead-9854-47e5-9d25-f8287eb7b508,usr_13047,bot_scraper,6,9.33,True,False,0.0
,5ededdff-77fa-45dc-8408-0fa180dc611d,usr_10973,tablet,14,119.71,False,True,-0.6104
,e5a66b64-6284-425b-85a4-d311f548eea1,usr_97391,mobile,10,130.4,False,True,-0.6088
,ef8a7559-fc34-4623-801c-2908d8cb3344,usr_18459,bot_scraper,1,11.0,True,False,0.0
,9c2ac923-ae19-41c4-8b82-39789194c3e3,usr_17686,tablet,14,124.0,False,True,-0.6278
,92c78d43-0934-4083-b75e-c66471e4dd66,usr_31138,bot_scraper,7,6.14,True,False,0.0
,0444b61c-0e41-4d71-94f0-a4615e2e728e,usr_70051,bot_scraper,7,11.71,True,False,0.0
,027467d9-9a60-41c1-8661-de603bf3d22b,usr_63171,desktop,13,121.15,False,True,-0.608
,7a3022a1-4598-4adc-82a6-6de91275c19f,usr_96533,mobile,13,113.46,False,True,-0.6041
,e647796c-092d-469e-a92d-d688cc8d16dc,usr_85099,tablet,13,103.0,False,True,-0.6257
,e5e719f9-0bdd-4b2f-aa5e-ec5d3c786ca9,usr_49513,desktop,5,5707.8,True,False,0.0
,87f4ad6e-042d-4dae-a248-6e21b4cedaab,usr_51107,bot_scraper,6,8.67,True,False,0.0
,af0157a7-1932-43c7-898d-0bb92ae7f98e,usr_90993,desktop,14,113.0,False,True,-0.6444
,c31f420c-c13b-41ed-a7f1-56a0ce150cce,usr_85404,desktop,13,122.31,False,True,-0.6173
,665d5bd0-3574-4712-9ac1-c4e77d494cd2,usr_54279,mobile,7,122.29,False,True,-0.6084
,ef8a7559-fc34-4623-801c-2908d8cb3344,usr_18459,bot_scraper,6,9.33,True,False,0.0
,8d85ec8a-4978-41f1-bcad-4f6f3c81a51f,usr_77222,mobile,12,133.92,False,True,-0.656
,47206b3b-d12b-4937-a22d-e3d2e30fb2a4,usr_18666,tablet,14,124.86,False,True,-0.6587
,ad72733c-02cf-4183-90e8-1e5a56cd14b1,usr_77422,mobile,12,120.5,False,True,-0.623
,c3b4f3ee-c0f1-459f-b9ea-2d336d7f488a,usr_27258,desktop,14,4830.36,True,True,-0.6528
,10b75a1d-2750-495c-8a17-13b5df176f55,usr_78238,desktop,12,105.58,False,True,-0.6154
,d31da9ff-d31b-4a19-bdc3-d908eabbfd32,usr_30752,desktop,13,104.69,False,True,-0.6238
,96bedd29-6110-4022-8f08-b7997a204798,usr_72074,desktop,11,135.45,False,True,-0.621
,57e13c75-6e04-4637-801c-457543e32d96,usr_26841,tablet,11,141.09,False,True,-0.6032
,4ccf06cf-5ac8-4b57-9a36-654944e5184f,usr_60327,bot_scraper,4,9.25,True,False,0.0
,1e1bf85e-85bd-4fb1-85cd-459404be713c,usr_04955,tablet,13,122.54,False,True,-0.6061
,ddfb0d35-cc4f-4846-b1e9-64d3cdd14df2,usr_26067,mobile,12,114.42,False,True,-0.6102
,a48fc67a-0e1e-4c80-909c-15580a3615c0,usr_69076,desktop,13,110.46,False,True,-0.6168
,dbafe9f0-1ab2-4c71-8c58-e71ae7775e49,usr_20493,mobile,14,115.14,False,True,-0.6111
,8722e409-6f93-40c5-a099-fe45cdb937cd,usr_89219,mobile,11,101.55,False,True,-0.6028
,80abb988-a058-4352-be34-265ad8802f77,usr_00124,mobile,13,124.23,False,True,-0.6123
,ea183952-9780-488e-8ca7-9c41bbee08a0,usr_59967,mobile,11,128.82,False,True,-0.6433
,d1e039ec-71d2-4902-902e-6c2c2f3c0621,usr_71100,tablet,12,122.0,False,True,-0.6108
,ac16c964-f05a-4285-9e9b-adf0a7146fb2,usr_18549,desktop,13,5023.85,True,True,-0.643
,73bd5e7d-25a1-4ea7-8a6c-d3e96e1689c7,usr_84292,tablet,9,105.78,False,True,-0.5997
,75401d00-4154-410b-9a37-37917c4031c9,usr_39473,mobile,10,124.3,False,True,-0.6097
,430222e9-1834-4580-aa96-4e32e66bf881,usr_05933,bot_scraper,8,9.25,True,False,0.0
,100ea5ab-7866-4316-b2aa-7e1c611773de,usr_19685,mobile,13,127.69,False,True,-0.6055
,55df26ef-40e0-48f1-88ed-2dc395a1c491,usr_38468,bot_scraper,4,10.25,True,False,0.0
,57b315c6-7b02-4b19-9289-17e16f6790d6,usr_87782,bot_scraper,8,10.62,True,False,0.0
,ace444d6-b945-407a-8e56-012ae0af339a,usr_56813,desktop,4,2970.25,True,False,0.0
,2048466b-766e-46fd-880a-0924cbe3730d,usr_72376,tablet,13,131.31,False,True,-0.6231
,789af71b-26ed-462d-9303-5fa7f6f9824c,usr_78613,desktop,13,109.08,False,True,-0.624
,ff5b7959-3532-49ef-910e-e01176db352c,usr_11708,bot_scraper,11,9.18,True,False,0.0
,d83b571b-fa82-4302-8294-9a960f943894,usr_37299,bot_scraper,7,7.29,True,False,0.0
,601980ab-a8a4-4659-8f21-7880b18951da,usr_30487,bot_scraper,8,10.75,True,False,0.0
,eefb2bdf-c811-454d-bc75-7f3ab5c00add,usr_10137,desktop,5,4786.4,True,False,0.0
,0b153075-dd8d-4a19-b46f-b6d7b805d11d,usr_31873,desktop,11,115.45,False,True,-0.6073
,c3b1f122-55cd-421d-bd5c-546a0d9fa1c6,usr_61506,mobile,9,111.11,False,True,-0.6042
,430222e9-1834-4580-aa96-4e32e66bf881,usr_05933,bot_scraper,6,10.67,True,False,0.0
,7e579087-1c6a-43cd-b954-a7b81c2973d7,usr_97475,bot_scraper,3,8.67,True,False,0.0
,e3e8d96d-7ae3-4d23-bfdb-e898108cb58f,usr_00302,mobile,8,130.62,False,True,-0.6156
,ff5b7959-3532-49ef-910e-e01176db352c,usr_11708,bot_scraper,1,2.0,True,False,0.0
,42df71cd-68f4-4e9b-b413-163ccaf2a305,usr_55251,mobile,9,116.11,False,True,-0.6248
,0196f3ac-7c91-47d2-a723-a49c1d77487d,usr_27146,bot_scraper,6,10.83,True,False,0.0
,684ce338-4fb6-49e9-af6a-47895d111a8d,usr_85232,bot_scraper,5,4.2,True,False,0.0
,93e4ff11-f597-4f29-9575-0abeceb489f9,usr_80754,bot_scraper,7,8.71,True,False,0.0
,bf07247d-0f27-4dd5-88d1-5e4aac209665,usr_20408,tablet,14,115.0,False,True,-0.6457
,0b84eeec-ab4c-480b-a55c-a0f3506ee3c8,usr_85303,desktop,9,4707.33,True,False,0.0
,47be7b61-8a34-4d36-bd92-7a6790a08b29,usr_01734,mobile,11,130.09,False,True,-0.611
,040cf458-776c-470b-8c9c-c81270503188,usr_75414,tablet,4,4727.5,True,False,0.0
,8dacbbb2-1298-4ecd-ac72-d9054d3f6304,usr_58121,bot_scraper,11,11.73,True,False,0.0
,fbbc6594-94f1-458e-9500-e61168a1453e,usr_91212,desktop,12,121.08,False,True,-0.5978
,aa7ab5d3-0a2f-46e1-8f1e-a2e7749d2442,usr_73300,tablet,14,5586.43,True,True,-0.6605
,df5c0029-83e2-43ad-820f-10a1887010a3,usr_16804,desktop,13,119.77,False,True,-0.6588
,eda3f70e-4127-4ae2-8371-249f1e55c24d,usr_01582,desktop,9,5244.78,True,False,0.0
,1db02990-e77b-4fbc-b8bf-c2da386e6e96,usr_52944,mobile,13,113.92,False,True,-0.5993
,30d814e4-85ee-4aa9-be2d-47d30830f252,usr_70559,tablet,1,4091.0,True,False,0.0
,7e72554e-2506-4a7e-993d-114ecdf60c24,usr_87853,mobile,12,108.17,False,True,-0.6033
,f03f3794-dec6-49d8-bb4b-659b3ed5bb64,usr_90493,tablet,12,114.33,False,True,-0.6065
,102287ab-96b5-4763-9b6e-0304e217cfb3,usr_59944,desktop,12,106.58,False,True,-0.6004
,8036e3ba-7966-47e9-8489-e56ce33802d9,usr_76767,mobile,9,114.78,False,True,-0.6015
,33d13cbb-ce98-4825-ad97-7cce218211b5,usr_72086,mobile,10,131.1,False,True,-0.6083
,5adced74-4261-443b-a1e9-75d1d68b7964,usr_01840,mobile,6,4663.5,True,False,0.0
,56352641-54e1-4b92-b26e-c46d6c59271a,usr_44166,tablet,12,101.33,False,True,-0.6204
,0f375869-94a8-4425-9db5-a1742a9101f4,usr_47322,desktop,13,113.23,False,True,-0.6154
,e3ccd5d5-cabf-4039-ad41-a45dc12c6dd3,usr_02299,bot_scraper,4,8.25,True,False,0.0
,30d814e4-85ee-4aa9-be2d-47d30830f252,usr_70559,tablet,9,3683.44,True,False,0.0
,17d1da74-a98f-421a-b2b0-8e548062f03c,usr_72122,mobile,2,6467.5,True,False,0.0
,1482bbdd-460c-49bf-8043-226858a99d4c,usr_89278,mobile,14,125.79,False,True,-0.6086
,c85b753b-2ba0-40e3-bd71-8091d5d3a13d,usr_43733,mobile,13,110.62,False,True,-0.6168
,bef15afc-b6c5-4b90-aed0-0b04f8a1abb9,usr_10259,mobile,11,110.0,False,True,-0.6066
,17d1da74-a98f-421a-b2b0-8e548062f03c,usr_72122,mobile,1,4061.0,True,False,0.0
,a4ccf8b2-cb9c-4502-a1a7-f9413a186237,usr_72641,bot_scraper,1,18.0,True,False,0.0
,268e5a60-2e80-4b75-b93c-4816fcec921d,usr_32978,mobile,11,123.27,False,True,-0.6433
,4cf461f2-0b0b-4ab7-b1ab-00dacb0816c0,usr_14424,mobile,9,116.89,False,True,-0.6248
,af768d34-6fb5-47f9-be11-9252ee33486e,usr_01495,desktop,14,117.21,False,True,-0.5989
,4861ac40-64c5-4439-aebc-498316268464,usr_54633,tablet,9,118.44,False,True,-0.6261
,e8d00252-bdc2-4107-9ddd-80a55d179f62,usr_98750,bot_scraper,7,11.57,True,False,0.0
,104fa2d4-578a-4f4b-bdf2-4418bc0a8a0f,usr_02968,desktop,14,114.43,False,True,-0.6258
,bb8cf358-c84c-4a6c-aaf9-2374aa49be8b,usr_97811,desktop,11,109.0,False,True,-0.6008
,554f8dcb-f7c2-4c9d-b157-2a0183da4a49,usr_65219,mobile,13,114.54,False,True,-0.6117
,33f5bfca-394c-4b3e-adfa-e1d3f4e9a19a,usr_60349,desktop,11,122.45,False,True,-0.6058
,a4ccf8b2-cb9c-4502-a1a7-f9413a186237,usr_72641,bot_scraper,2,17.5,True,False,0.0
,e9239b31-82c8-494e-9423-fe4c0148c1f1,usr_70036,tablet,13,103.0,False,True,-0.6226
,9af10ccb-468e-4b81-8126-24e8e466b0dc,usr_67508,tablet,11,100.36,False,True,-0.6154
,e23e891a-96b5-419f-8430-091c099c558b,usr_92175,bot_scraper,3,9.0,True,False,0.0
,508580db-2054-4f8c-9cd7-cac8e0773624,usr_62566,desktop,5,6067.0,True,False,0.0
,f5a43de8-dd1c-4827-9c7b-c9d8d58aa2b6,usr_35996,desktop,4,5190.25,True,False,0.0
,df15cded-8ff2-47e3-9180-ecf80649e7ed,usr_68389,bot_scraper,10,8.2,True,False,0.0
,559ce424-7e7d-4084-863d-82be4227b68c,usr_74123,tablet,12,121.25,False,True,-0.6102
,5725e80a-950a-4857-80c3-e525319f5fc2,usr_42526,tablet,13,116.23,False,True,-0.6121
,6df657e3-61f8-4a79-b7b8-0e393076cc35,usr_24798,bot_scraper,6,13.33,True,False,0.0
,303a5e5d-ba6b-463f-b17b-93f0f204ad9e,usr_80998,mobile,13,121.54,False,True,-0.6055
,8b20c56a-1e3c-47ad-8152-7ee1401d204c,usr_58466,bot_scraper,10,8.4,True,False,0.0
,c8ee0557-a6a4-46c0-aace-82eec44b7772,usr_17841,tablet,14,119.71,False,True,-0.6478
,1ad49442-1ebe-4de8-85d2-28557934f275,usr_19452,tablet,14,116.07,False,True,-0.651
,0e3b3757-710c-4401-a14b-c0d6e05bd3fc,usr_75828,mobile,9,115.44,False,True,-0.599
,e1a612cd-0508-47d4-aa40-41d32a0ce678,usr_28928,desktop,11,126.09,False,True,-0.6433
,38ef4d99-241c-4c07-851f-bf5d10543e3b,usr_73304,mobile,14,117.0,False,True,-0.6218
,69f7914f-1127-4ba3-8781-ba06287fed3d,usr_05078,bot_scraper,5,12.2,True,False,0.0
,85ac9763-31b2-4a7e-8f61-08c0b96199bd,usr_29853,tablet,9,106.33,False,True,-0.6259
,5a68d83d-5944-4fcd-94fc-312adc78a349,usr_12705,tablet,12,137.83,False,True,-0.625
,18c197fc-52b7-435f-b528-42b2f3e7a413,usr_68780,mobile,12,109.75,False,True,-0.6024
,df15cded-8ff2-47e3-9180-ecf80649e7ed,usr_68389,bot_scraper,3,8.67,True,False,0.0
,f5a43de8-dd1c-4827-9c7b-c9d8d58aa2b6,usr_35996,desktop,10,5233.4,True,False,0.0
,03009ea6-33fa-45c8-94e4-6d55e85fd090,usr_51210,bot_scraper,12,7.67,True,False,0.0
,65f07c08-2352-45fb-9522-a976c54b1473,usr_15552,desktop,12,109.33,False,True,-0.6114
,fa43542d-0283-44f8-9a25-96f18ad0ab82,usr_67254,tablet,13,108.46,False,True,-0.6181
,11ae603e-b400-49fe-a009-58cd8dc7b3ee,usr_54379,desktop,10,106.9,False,True,-0.6398
,d3d2a894-e377-4bca-abc5-fcc3d765e82f,usr_63715,tablet,11,121.73,False,True,-0.6039
,f0b09bf0-438e-4644-aef6-b61ecca485d2,usr_42237,bot_scraper,1,3.0,True,False,0.0
,9871696f-830c-49de-81e0-6d8a35fb7b97,usr_66525,bot_scraper,7,10.14,True,False,0.0
,40413d2f-e495-43da-9cbd-bf54749c06af,usr_36742,bot_scraper,5,5.8,True,False,0.0
,ca55a518-c7bb-4639-9729-97d4d5205594,usr_90047,mobile,14,116.0,False,True,-0.6111
,44ae27ef-e143-4038-9f82-3162c7b655f5,usr_86510,tablet,14,119.79,False,True,-0.6111
,dd50b155-c81d-4096-84e4-6fbde731c2ea,usr_86928,desktop,1,4519.0,True,False,0.0
,82d70e62-2e69-4153-b56d-78c660f1ec8a,usr_59853,tablet,8,4896.5,True,False,0.0
,33c82ebc-c12d-42a0-aac9-a4e94ea0520d,usr_15559,mobile,13,105.31,False,True,-0.6218
,2e315331-ed12-4071-a8e5-947639f323ee,usr_52192,tablet,10,130.5,False,True,-0.6088
,f0b09bf0-438e-4644-aef6-b61ecca485d2,usr_42237,bot_scraper,13,10.08,True,False,0.0
,6e817463-9d8a-4f5d-901a-3024efd92657,usr_79721,mobile,11,117.45,False,True,-0.6257
,93ee0667-a99a-499d-9eab-ecb629820a15,usr_53205,mobile,12,121.25,False,True,-0.6256
,3a671d8b-45bf-4652-acd0-d7b8b9d1f321,usr_24572,desktop,12,133.58,False,True,-0.6063
,4c92eece-fa5a-4c66-984a-2c5d95808cba,usr_89911,tablet,11,111.36,False,True,-0.6432
,82d70e62-2e69-4153-b56d-78c660f1ec8a,usr_59853,tablet,2,3950.0,True,False,0.0
,dd50b155-c81d-4096-84e4-6fbde731c2ea,usr_86928,desktop,13,5091.62,True,True,-0.643
,770b6855-c2c2-46fc-80b9-e6aae25c9af2,usr_15858,tablet,10,126.6,False,True,-0.6416
,7224d4ec-03f8-4849-990b-1be804098bac,usr_59342,mobile,11,117.36,False,True,-0.6085
,9891929c-5d53-4715-867f-ebe92d59d54f,usr_28748,bot_scraper,12,8.33,True,False,0.0
,a113daa7-eabe-49a1-8ea6-cb5b91bc9a68,usr_54601,mobile,8,4756.88,True,False,0.0
,1e7cab59-2ff1-405a-ae9d-76548db5bdbd,usr_75394,tablet,10,117.4,False,True,-0.6408
,6417499b-61fa-4e1e-b0fd-e9b9d395b677,usr_05677,desktop,13,124.69,False,True,-0.6043
,7f271fec-d69d-480b-a7c2-5558d1687b84,usr_41576,bot_scraper,6,9.33,True,False,0.0
,7fad30f7-2b6c-4207-91f8-fef6ea617be4,usr_89133,tablet,12,4353.33,True,True,-0.6212
,79a836aa-0b24-48ff-9c9d-b37e4b9c19ec,usr_71415,desktop,4,3075.25,True,False,0.0
,a7b8a1ca-fc02-4ba0-8803-92c778a444a1,usr_38470,bot_scraper,11,8.55,True,False,0.0
,a66defb9-979e-4b80-b52d-ba542e0dba49,usr_04226,tablet,12,129.42,False,True,-0.618
,cc7c3081-db4f-49dd-b7bf-7b8b9cb37838,usr_72363,mobile,6,3615.17,True,False,0.0
,d29a1609-de14-417e-88d4-9ed757ebe1d3,usr_09171,desktop,11,4859.27,True,True,-0.6103
,42dc6d1e-47e5-425e-9ac6-e7436f9615d9,usr_47137,desktop,11,109.73,False,True,-0.6087
,7f271fec-d69d-480b-a7c2-5558d1687b84,usr_41576,bot_scraper,8,10.62,True,False,0.0
,77aa0321-21a1-4b1a-847b-2b368b443c98,usr_89175,mobile,10,121.8,False,True,-0.6037
,cd6e12fb-6ae8-4597-a918-54bb5973413c,usr_92941,mobile,10,5522.2,True,True,-0.5999
,c1cf1605-9fa7-4627-b522-b17fc18f0ade,usr_16378,tablet,9,112.0,False,True,-0.6254
,f6c2628a-bb25-4da7-b407-f24609d81173,usr_17985,desktop,11,123.55,False,True,-0.6151
,d8ed118e-76eb-426e-ba63-82e8e349007d,usr_75931,desktop,10,122.2,False,True,-0.6028
,0cd53a92-c59f-403d-85c9-d03997b78044,usr_34706,tablet,14,106.29,False,True,-0.6236
,63d90947-e738-405f-979f-efdb70d1daee,usr_44775,desktop,7,4042.57,True,False,0.0
,d5728b74-4091-4bf4-be5e-5f465ca46957,usr_80265,bot_scraper,6,6.83,True,False,0.0
,2a4ae3d9-a680-4b19-b400-9211ae9120a4,usr_67127,tablet,12,133.5,False,True,-0.6201
,9dc57732-0be9-4624-9eca-b4b515fa5d7d,usr_88787,tablet,12,129.92,False,True,-0.618
,4d162467-4262-4f5f-a887-f63d5bf2e72c,usr_01600,tablet,12,107.0,False,True,-0.604
,301971d6-1ede-4caa-b9a5-4d60686463d8,usr_01873,tablet,9,5454.44,True,False,0.0
,b366c5e3-8614-4167-af24-f77ad2337540,usr_47955,tablet,14,120.0,False,True,-0.6048
,0607697d-e1fe-454a-8905-c7d6382b67b1,usr_49029,desktop,11,114.45,False,True,-0.6052
,47782c43-e939-4c6c-923d-e6a1c6fbe617,usr_02585,tablet,10,123.1,False,True,-0.6097
,6d3e7b31-9915-4b07-9ca2-e893c7cc0e5e,usr_23103,mobile,9,135.0,False,True,-0.6072
,53ecd089-4b7c-4cb2-b2e7-ce99aa5a34b1,usr_54709,desktop,11,133.27,False,True,-0.6133
,43782f6a-4acf-41ec-9e0e-6b6f89d64c31,usr_86094,bot_scraper,7,11.0,True,False,0.0
,a05f26e0-1046-464a-9590-d9b34b4d35e7,usr_27504,tablet,13,116.23,False,True,-0.6084
,689b8532-9f86-4d8c-a819-d638b0b0bc39,usr_62491,desktop,10,127.1,False,True,-0.6037
,b135018c-0757-489c-90bd-0fa38775df0b,usr_04998,bot_scraper,1,6.0,True,False,0.0
,a0665174-ced3-4d15-b95c-9c0dc85b9ab5,usr_13814,tablet,8,6182.5,True,False,0.0
,6152427f-679d-42c7-bcc8-3368ad4b3381,usr_56911,bot_scraper,11,10.55,True,False,0.0
,f467e1c0-db37-467c-99d9-799777e324cf,usr_92785,mobile,14,113.5,False,True,-0.6258
,9bb34808-af76-4ffc-8c2e-9f50fe9b2b63,usr_80725,bot_scraper,14,11.36,True,False,0.0
,c8847bed-1a43-4606-a11b-46c9f504f882,usr_57740,tablet,11,115.45,False,True,-0.5999
,b135018c-0757-489c-90bd-0fa38775df0b,usr_04998,bot_scraper,2,7.0,True,False,0.0
,20974e9c-e1f1-4791-aac1-33cd1663e8a1,usr_02708,bot_scraper,5,10.2,True,False,0.0
,192395cb-407d-4438-9e9d-aa777e58df3d,usr_79456,mobile,14,4627.36,True,True,-0.6507
,58a04ab4-f6bc-49b4-9e71-6edd08e945e2,usr_15976,tablet,11,124.09,False,True,-0.6058
,aee07e8e-01a4-42b2-9aa2-242f59ffe599,usr_48938,mobile,14,118.86,False,True,-0.6098
,28d58fa7-38a8-4e89-baaa-c921d37a1184,usr_64810,bot_scraper,13,8.85,True,False,0.0
,a901d3a7-d0aa-4473-83da-43793cd6357b,usr_67222,mobile,14,126.14,False,True,-0.6255
,9a0840ad-f79e-4800-9d9d-a5e75ccbad68,usr_77370,desktop,12,128.25,False,True,-0.6013
,a0665174-ced3-4d15-b95c-9c0dc85b9ab5,usr_13814,tablet,6,6265.0,True,False,0.0
,1a4ee3c9-2b4f-4875-9a3f-5fa860c9aff4,usr_34769,bot_scraper,8,10.75,True,False,0.0
,1540b2c4-ccaf-44d8-a1fb-07dcada776e0,usr_24050,desktop,11,117.0,False,True,-0.6001
,a7641de1-3932-44ca-ab76-1505ace6ec33,usr_10480,mobile,3,4595.33,True,False,0.0
,b4d3579a-8cc2-4ae9-9466-69953bf46978,usr_50661,mobile,9,99.67,False,True,-0.6294
,78722aae-a3a8-42d4-b5ec-162e3c1e75a2,usr_66528,mobile,11,123.09,False,True,-0.6058
,543c3f1e-5214-4bcf-bf19-8f408026a218,usr_75293,mobile,14,111.29,False,True,-0.6041
,28d73560-f5da-4ff9-b814-c04530493543,usr_82352,mobile,11,121.27,False,True,-0.6052
,3a472ccd-51b4-434b-a4c7-e3e630ae97c5,usr_53468,desktop,12,120.58,False,True,-0.5978
,20974e9c-e1f1-4791-aac1-33cd1663e8a1,usr_02708,bot_scraper,8,10.75,True,False,0.0
,621c4a03-f18f-4feb-86a2-f5d9f78b58c3,usr_60550,mobile,1,2416.0,True,False,0.0
,62b11fe4-8ef9-4212-82f1-2f0e6b79116a,usr_15999,bot_scraper,2,9.0,True,False,0.0
,563066ef-ce2c-4d3a-93ec-5436477b9c4e,usr_82628,bot_scraper,7,10.86,True,False,0.0
,1a26b00c-87d0-476b-89a8-4a4598769ecd,usr_39636,bot_scraper,8,11.75,True,False,0.0
,bac0dc23-d768-45cc-b785-391bf55f3e0b,usr_04461,bot_scraper,10,9.2,True,False,0.0
,42eee0ba-66d3-45ba-8884-e5f2a66150d3,usr_56900,tablet,13,114.0,False,True,-0.6123
,e1570f51-1f8f-481a-a431-904aa04bf047,usr_48568,tablet,13,123.54,False,True,-0.613
,621c4a03-f18f-4feb-86a2-f5d9f78b58c3,usr_60550,mobile,7,5060.57,True,False,0.0
,a449e4fa-48df-4dce-8568-42d740f1d5d7,usr_53965,tablet,10,137.0,False,True,-0.6469
,53a22d2d-75d6-4f36-992c-19fb7e780903,usr_73173,tablet,12,123.17,False,True,-0.6115
,6b17b88e-5186-45df-a256-f9108ab6e368,usr_35951,mobile,14,125.64,False,True,-0.6164
,034e282b-26b7-455e-b3a3-566e8644c19b,usr_77741,mobile,14,120.93,False,True,-0.6251
,62b11fe4-8ef9-4212-82f1-2f0e6b79116a,usr_15999,bot_scraper,2,12.5,True,False,0.0
,bac0dc23-d768-45cc-b785-391bf55f3e0b,usr_04461,bot_scraper,4,8.5,True,False,0.0
,1398bb86-a42f-42ef-8c84-430814fa6965,usr_76301,tablet,14,127.21,False,True,-0.6397
,07d2f8b2-ea5e-43a1-8a91-de3528db8d9a,usr_42226,bot_scraper,9,7.67,True,False,0.0
,179429be-a529-4a50-a062-aff4f946b8a4,usr_06233,desktop,14,121.64,False,True,-0.6242
,48fcfbd1-fd9b-4c30-a0cd-5af981a299a6,usr_48275,tablet,13,117.54,False,True,-0.6095
,837ccadf-7b46-4412-a312-e1ed5cc9668a,usr_69253,bot_scraper,8,11.38,True,False,0.0
,e3570114-0148-4fc4-8c26-c79753a8d2ef,usr_27579,tablet,12,133.42,False,True,-0.6069
,c03dbc82-65b1-4e06-b173-938c656c1fb8,usr_24202,desktop,11,133.55,False,True,-0.6143
,08f0bca5-6964-4850-b3e8-c7cfe21ac23e,usr_81238,mobile,7,6157.86,True,False,0.0
,c3335adc-5c9e-4b4d-9d1a-9628bb98dc46,usr_22926,bot_scraper,14,8.36,True,False,0.0
,e26d09c2-2efb-40e9-8ebd-33eee46ea60f,usr_42745,tablet,9,116.22,False,True,-0.6248
,4ea5ca25-4f2d-4138-956b-2ab01ba2566c,usr_23457,tablet,13,126.15,False,True,-0.6061
,07d2f8b2-ea5e-43a1-8a91-de3528db8d9a,usr_42226,bot_scraper,2,8.5,True,False,0.0
,ebddaf54-47a5-4f61-b044-475e717e3d62,usr_08735,desktop,14,116.07,False,True,-0.6225
,2f982b3c-7665-4741-8af1-0e8bc4fcdcc2,usr_66042,tablet,14,121.0,False,True,-0.6506
,837ccadf-7b46-4412-a312-e1ed5cc9668a,usr_69253,bot_scraper,3,14.0,True,False,0.0
,f4a1c126-b103-454c-83e8-769ed377760e,usr_18667,bot_scraper,4,8.0,True,False,0.0
,4f791fd9-8f76-4a77-9a9d-7a137eb76b27,usr_88917,bot_scraper,12,7.83,True,False,0.0
,766862ac-d69f-4099-9ae1-8510f5aaf2c0,usr_42908,desktop,13,132.0,False,True,-0.626
,10efd775-6cbd-40c3-acfb-a664e80e9923,usr_05831,tablet,11,126.0,False,True,-0.6075
,314f195a-7c61-4f35-82ff-e3c6b3e98657,usr_43515,tablet,13,119.46,False,True,-0.6058
,0c965868-9343-4168-a62f-a74d0955d483,usr_56571,mobile,13,124.31,False,True,-0.6173
,3b0b9b01-feb4-4b89-a8db-ed612604a149,usr_99764,tablet,11,106.73,False,True,-0.6414
,825bcb8f-d607-42bc-a81d-55c8d0aa41eb,usr_76060,mobile,13,117.85,False,True,-0.6095
,b80cc109-28d3-41ef-b1a3-1aa597bb2630,usr_33719,tablet,13,114.08,False,True,-0.6041
,ee430b38-9468-40b2-b9fa-3e5fbc48fbcb,usr_13872,tablet,13,122.38,False,True,-0.6292
,2b798348-cb77-4ab0-a709-5a8dce0da373,usr_44847,desktop,11,130.45,False,True,-0.6012
,f4a1c126-b103-454c-83e8-769ed377760e,usr_18667,bot_scraper,7,6.0,True,False,0.0
,21bcefdf-8ce1-4061-9584-47986979a4ee,usr_12903,desktop,5,5927.2,True,False,0.0
,66781a01-bcd9-43b9-af4f-d31c5ec18424,usr_97908,tablet,13,114.23,False,True,-0.6123
,83b4ad47-76e4-42a7-8659-bdc6d49da25e,usr_89254,mobile,12,117.33,False,True,-0.6037
,efb76eae-17aa-4211-a3d1-8fa224d97ef2,usr_43759,mobile,12,112.08,False,True,-0.6004
,364cf1dc-c26d-4c22-8075-2060ba61524d,usr_14286,tablet,12,108.83,False,True,-0.6159
,60d8450f-f0f0-497c-9fec-68422fdba4c8,usr_94895,mobile,12,111.0,False,True,-0.619
,74d282d1-db95-4430-9eac-b81ccd1b3466,usr_93735,tablet,11,123.09,False,True,-0.6058
,dadac9ea-b8ed-4b8e-8480-d912c70c91a5,usr_60342,desktop,13,138.23,False,True,-0.6147
,ed1ea7a9-2bc6-4cf7-83c7-3f5d4b5a9977,usr_25393,tablet,14,127.57,False,True,-0.6291
,7cafee6d-d924-45e9-ae71-cdbc2d186e2b,usr_86776,mobile,5,3237.2,True,False,0.0
,c52e87f4-4678-4d52-8aec-04c954eaeac5,usr_58098,desktop,14,134.64,False,True,-0.6297
,7de5374c-52f8-42b5-9c75-f8c3091afb21,usr_45294,mobile,5,3298.2,True,False,0.0
,a1909f66-0929-40c5-9b2f-9046c3606b0f,usr_30944,mobile,12,113.67,False,True,-0.6498
,21bcefdf-8ce1-4061-9584-47986979a4ee,usr_12903,desktop,9,4704.22,True,False,0.0
,142434d8-e580-453c-bee4-e4e2d5ede310,usr_27792,tablet,12,120.5,False,True,-0.6089
,c4813f5c-2bd2-41d6-bd24-5272160a8099,usr_64009,mobile,11,121.36,False,True,-0.6052
,7d339bae-c5a5-404a-b4cd-90302a1a9211,usr_15785,bot_scraper,14,10.07,True,False,0.0
,fdaf2cf3-b998-4636-a6d9-ae63d47bbf50,usr_17995,tablet,12,114.58,False,True,-0.6095
,6cfee1fb-56db-4958-9763-ef13a4c4ed4b,usr_04328,tablet,12,123.42,False,True,-0.6115
,f6fc9165-7724-42b3-9984-dea4d8847bb8,usr_26302,bot_scraper,8,8.5,True,False,0.0
,e799c841-e89a-4d3d-a9b9-001f33a79967,usr_65396,desktop,13,113.0,False,True,-0.6041
,5767a626-fad1-43f6-b17d-bd905d814eb9,usr_79576,mobile,13,119.92,False,True,-0.6265
,7b518199-4e14-4676-bdad-bd15c8caa94e,usr_90779,bot_scraper,10,10.6,True,False,0.0
,e7ddd836-d65d-4aef-8578-20cfaaa23832,usr_95912,tablet,11,112.27,False,True,-0.6066
,8df460ac-c804-4536-8d45-4b900287df26,usr_54452,bot_scraper,9,11.56,True,False,0.0
,c170e816-e63a-4c0f-831e-2f2aa134faba,usr_11540,mobile,7,4956.0,True,False,0.0
,2d681115-cd92-467a-9145-3f2385f80edb,usr_85745,mobile,6,93.0,False,True,-0.5995
,1b45ee61-1728-465e-bc4e-37c9045eca96,usr_10564,tablet,9,128.33,False,True,-0.6011
,c162e3b7-79fd-41df-a003-add4011df1de,usr_80917,mobile,3,5320.67,True,False,0.0
,a6b81371-c064-4ad9-b6a3-c7e565d01903,usr_87959,tablet,13,119.31,False,True,-0.6108
,74a6e3cf-06cd-4517-8198-d4ce622f9915,usr_58449,desktop,12,5756.08,True,True,-0.6403
,1991393a-a672-445c-80f3-59ba51fff8f9,usr_32793,desktop,14,127.29,False,True,-0.5996
,71b9c814-19e6-491e-8511-62f1bb18e588,usr_34689,tablet,12,107.92,False,True,-0.6159
,3e4e8183-9b89-477c-b22c-e4edd47b66c1,usr_85920,bot_scraper,10,10.0,True,False,0.0
,2385195b-11d5-472b-bb87-b773b1c22935,usr_85787,mobile,14,119.29,False,True,-0.6212
,852c3d8a-a5e4-42e7-9e53-4355725321db,usr_35459,desktop,4,2834.25,True,False,0.0
,bf79e26e-3812-4ed0-af0e-7ed6eb43775f,usr_53750,bot_scraper,13,10.92,True,False,0.0
,cd6cbb36-a502-4b3c-9842-49fafaa8c15d,usr_94515,bot_scraper,12,10.67,True,False,0.0
,221f82e8-f6eb-48c4-a16b-66b2a7a11a39,usr_59721,desktop,3,4334.0,True,False,0.0
,e0d23feb-6c71-4dc7-8ee6-56d8fb1154e4,usr_86459,bot_scraper,6,13.17,True,False,0.0
,a4a102ce-550b-4740-858e-bd95e7ddcea1,usr_95339,mobile,11,125.45,False,True,-0.5972
,7f3f73f6-c64d-4a7f-8ee2-5fb36a49c0ea,usr_91136,tablet,2,4443.5,True,False,0.0
,58876fc0-5287-47cb-97dd-d47fe640868f,usr_66020,tablet,12,109.92,False,True,-0.6137
,1fc27973-b9a6-4086-86ed-83ffb6d29f87,usr_39850,tablet,14,137.5,False,True,-0.6012
,f862eeca-3a05-4d2a-89cf-33763a88dd3a,usr_92475,mobile,13,115.38,False,True,-0.6128
,00a2c01b-08bc-488e-9ace-d006c1279794,usr_95362,bot_scraper,6,7.67,True,False,0.0
,8bec5b98-2703-4fc0-a2fd-c7574c3648d4,usr_91032,tablet,13,126.77,False,True,-0.6143
,e9b8afc5-395d-45db-ac8a-43633c090bf7,usr_01860,mobile,10,119.3,False,True,-0.6422
,5a0a4060-d25e-4930-b230-c1cb1367b0ad,usr_59511,desktop,11,109.45,False,True,-0.6101
,12dd5f95-0185-4d41-9514-bb0562400f06,usr_07203,mobile,12,129.92,False,True,-0.6068
,d96e44fb-c026-47ee-be68-bfaa9f3fb030,usr_96407,mobile,11,118.09,False,True,-0.6001
,7f3f73f6-c64d-4a7f-8ee2-5fb36a49c0ea,usr_91136,tablet,5,5347.6,True,False,0.0
,fe2276a5-24d2-44c9-80fd-2b704f839801,usr_29258,tablet,11,140.73,False,True,-0.6144
,c29ce29b-6692-4cf0-bc1a-669e5b7db69e,usr_68721,desktop,10,102.2,False,True,-0.5975
,deaf49b1-5429-4875-8f9b-3329fcb25fc1,usr_81485,desktop,11,111.73,False,True,-0.6066
,d34046da-efca-4018-9c69-73a2887bae47,usr_64826,bot_scraper,8,10.88,True,False,0.0
,822bd89d-fcd0-4079-befe-1a06ebc644f3,usr_17458,tablet,14,123.93,False,True,-0.6158
,c0b1427e-a4c6-4c4c-b873-f6877db11f19,usr_90011,mobile,7,4351.29,True,False,0.0
,a5e4b962-5bca-4c4a-8532-25996723e810,usr_62455,desktop,13,134.15,False,True,-0.6299
,081a2160-b1ff-48b1-8839-b6dbaa6ee40d,usr_89120,mobile,11,4965.09,True,True,-0.6103
,b9731ed7-8ac8-44ca-996f-1cfd22c15fed,usr_97999,desktop,12,4262.67,True,True,-0.6212
,ed7de771-85d8-4835-bfb9-df19354079e7,usr_47207,mobile,13,132.54,False,True,-0.6209
,c9d9ebd8-07bf-4fe9-b061-1238017d2940,usr_04980,bot_scraper,5,8.8,True,False,0.0
,a8179ddd-d114-422f-b48a-b1fb1f670139,usr_08330,mobile,9,105.44,False,True,-0.6051
,e38bc711-5af2-4e4e-8aa2-d2904a3f3bff,usr_93393,desktop,9,140.0,False,True,-0.6134
,ae1fc52f-b554-41f3-99bc-c1167d45d970,usr_35004,tablet,5,3601.4,True,False,0.0
,f8c347cc-5758-4e88-acf7-b3f839a3257a,usr_78112,desktop,12,128.75,False,True,-0.618
,a1a8518a-8255-42ed-ac47-9d88d672fe7a,usr_75950,bot_scraper,3,10.67,True,False,0.0
,fe6f2f35-d36c-4495-8a87-c85c66bccc8f,usr_06174,bot_scraper,7,11.57,True,False,0.0
,f22e414a-91df-4f1a-b75f-169dc5d14920,usr_13198,mobile,14,124.36,False,True,-0.6278
,ae1fc52f-b554-41f3-99bc-c1167d45d970,usr_35004,tablet,5,5502.0,True,False,0.0
,1549e545-4175-4888-88c1-cf7f7e26b6a3,usr_95935,desktop,14,118.71,False,True,-0.6212
,75005815-638d-4867-86ee-39de290ab879,usr_37859,bot_scraper,13,9.54,True,False,0.0
,8bdd33f9-55e1-4026-b0ee-ad92c6bcb18e,usr_02436,desktop,3,5603.33,True,False,0.0
,a1a8518a-8255-42ed-ac47-9d88d672fe7a,usr_75950,bot_scraper,6,10.33,True,False,0.0
,2f798b4a-63ed-4468-ba32-d3c1ab476493,usr_02230,desktop,12,133.67,False,True,-0.6063
,da9fd56e-379c-4650-be36-dd283de84a31,usr_03880,mobile,13,134.77,False,True,-0.6643
,371839a3-2e12-42b3-9098-ef2baad66575,usr_16557,bot_scraper,6,12.83,True,False,0.0
,c454500a-ca26-49a2-a34b-b8ab5077c46c,usr_01103,tablet,14,118.64,False,True,-0.6451
,4b266b97-e972-4762-81b0-edd8508a75bc,usr_45418,desktop,13,120.08,False,True,-0.6121
,f4dd9fdf-4d32-4a31-b4ae-3ecc008243c0,usr_23406,mobile,12,117.42,False,True,-0.6001
,b683fd8d-bf4c-4c47-8538-a7fa8c5c718b,usr_76085,mobile,14,105.21,False,True,-0.6324
,009ef4b2-25e8-4fc3-9e39-30bf39895608,usr_51237,mobile,10,126.9,False,True,-0.611
,695ed31d-f6f8-433d-a622-5299ed0a6746,usr_99094,mobile,11,105.82,False,True,-0.6139
,85ee4b37-26dd-4bec-bdf6-254eef772b54,usr_82835,tablet,13,126.69,False,True,-0.6589
,462973b6-3684-4b42-b47b-ec4de389d8b8,usr_93568,bot_scraper,3,13.67,True,False,0.0
,9ccfa759-fed2-43bb-89a8-23698610f5c0,usr_05244,bot_scraper,1,17.0,True,False,0.0
,4103856a-4163-408f-b239-95a1e8c381a4,usr_38536,bot_scraper,7,9.0,True,False,0.0
,8da55082-6698-4343-a70e-39b6f4c34b08,usr_69845,desktop,11,138.45,False,True,-0.6144
,0eec7c2a-7ec1-4b6d-bc50-7d5176d3b09d,usr_81983,mobile,14,119.36,False,True,-0.6152
,523c81c3-28b5-42dd-9e7f-5d26993a2402,usr_88356,desktop,12,136.75,False,True,-0.6113
,b541baf8-63ac-4022-adb6-02dd5c7b26fe,usr_63293,desktop,12,105.67,False,True,-0.6481
,4a6aed8b-727e-4a61-851f-cbf24f250063,usr_28408,bot_scraper,5,8.8,True,False,0.0
,370a2e8e-b106-4ca6-b143-df79c424a309,usr_74201,desktop,11,118.64,False,True,-0.6439
,a8fdb3dc-454f-490f-8b3d-e3b83fcc6e89,usr_61415,mobile,12,124.33,False,True,-0.6115
,3fa64626-1b2a-41b5-83aa-c35b788fead3,usr_40398,desktop,3,5893.67,True,False,0.0
,56d36874-13c7-4db0-9730-9cd737d1307b,usr_67265,tablet,12,129.67,False,True,-0.618
,aaefb4a7-b7d5-4006-9cfe-8ddfa8a6d5d1,usr_10164,desktop,11,121.45,False,True,-0.6439
,2d55b506-0097-4dcb-a91b-1c1c13c82626,usr_94484,mobile,12,125.33,False,True,-0.5985
,9ccfa759-fed2-43bb-89a8-23698610f5c0,usr_05244,bot_scraper,6,12.0,True,False,0.0
,4103856a-4163-408f-b239-95a1e8c381a4,usr_38536,bot_scraper,4,13.25,True,False,0.0
,8af89127-bd5c-4a2f-bd2a-a226a978bbe1,usr_47072,tablet,13,121.23,False,True,-0.6036
,d9044693-0e0f-46d5-aaa4-33518d264127,usr_50476,bot_scraper,10,8.4,True,False,0.0
,d2cc83ca-44d6-4042-9ee4-56e38753c310,usr_26138,desktop,12,115.58,False,True,-0.6069
,6532212c-831b-4021-b288-904d5d3dc9fd,usr_84440,tablet,14,119.71,False,True,-0.619
,d71bf783-3e18-4f02-bf28-50aee7f2600d,usr_08997,mobile,13,117.54,False,True,-0.6058
,3dab0d19-099c-48d7-993d-684c1f91a247,usr_85645,tablet,5,5407.8,True,False,0.0
,4c06ef0b-24ed-4be5-9793-156ae68a0a2b,usr_67203,tablet,9,6085.44,True,True,-0.6034
,190760a3-97c1-4da5-b68f-db8f85de8467,usr_11657,tablet,12,100.92,False,True,-0.6054
,468d85b5-5bed-4788-9087-ee6c60c8a60e,usr_64131,tablet,13,131.54,False,True,-0.6147
,95bb73fa-f719-40c9-90df-822b855abba4,usr_41946,mobile,9,4928.78,True,False,0.0
,25a4c2b9-519f-4edb-a233-d86d7721a990,usr_84505,mobile,13,124.08,False,True,-0.625
,8806385f-f592-4eec-8e27-8b04ad7811a5,usr_86650,mobile,11,128.27,False,True,-0.5975
,d9044693-0e0f-46d5-aaa4-33518d264127,usr_50476,bot_scraper,2,11.5,True,False,0.0
,46e8c2e0-85d5-4f67-8181-83f8c0557d18,usr_82776,tablet,7,114.57,False,True,-0.6038
,f436d78b-9ef3-4fc4-b1ae-22d67df2a752,usr_02797,bot_scraper,5,10.2,True,False,0.0
,bddeaca3-9375-4d8b-83b9-cd59b8ad24d8,usr_18300,mobile,13,118.92,False,True,-0.6256
,9751abe6-b0d8-43f1-9f40-d28912b847f5,usr_63812,mobile,10,123.7,False,True,-0.6416
,81ad6924-e773-4473-ba9c-95d2adcde728,usr_10251,bot_scraper,7,10.14,True,False,0.0
,b64d5e59-c53a-45d8-9d85-55e2c72b6352,usr_32410,mobile,13,112.0,False,True,-0.6581
,8bb5334f-e586-4125-866e-dc333bec204d,usr_98943,desktop,7,108.86,False,True,-0.6052
,f6f08b1a-2ff1-4744-98f6-72ae1c4aa4ba,usr_27757,mobile,13,125.85,False,True,-0.6173
,80bc84ca-cc2a-437d-bcb3-8b135ac7e4fe,usr_94550,mobile,11,5297.55,True,True,-0.6116
,a78312e0-111c-4e0b-9857-aaa5b9ead650,usr_78221,tablet,14,124.79,False,True,-0.6446
,a066cdf7-54d8-4bdd-9ec2-ef71f3131abe,usr_63729,bot_scraper,14,11.43,True,False,0.0
,b285cf89-4e56-4004-94b7-14a1130c0f1b,usr_99954,desktop,10,133.9,False,True,-0.6469
,e480215a-dc48-4648-8a1f-b04358056b97,usr_02469,tablet,11,111.0,False,True,-0.6066
,229465b7-2bd3-415c-a9c4-45ed317726d6,usr_33537,tablet,8,5365.0,True,False,0.0
,7c7de4c1-e66e-42ef-bbb6-c0fb7f6f9da6,usr_89443,desktop,5,3537.8,True,False,0.0
,465f2d36-776f-4451-b2e8-6ca1570737e6,usr_63601,tablet,14,130.21,False,True,-0.5996
,1fa0c62e-8c9c-42bb-87c4-4feb75153198,usr_10189,tablet,13,115.15,False,True,-0.6097
,f89915f2-eeb7-4e6f-8aa9-fcba84d6de5a,usr_35248,desktop,13,104.31,False,True,-0.6251
,39906a59-cab2-475e-92ed-31322ddc4c90,usr_60882,tablet,9,132.33,False,True,-0.6059
,b41922ec-df4b-45b4-b166-b5ab7171ee1b,usr_78492,tablet,5,4786.8,True,False,0.0
,96524d4e-9850-495a-b435-d1586faf844a,usr_79245,desktop,10,98.5,False,True,-0.6441
,27c81821-6ac8-4fc2-9706-eabdbdd57bff,usr_00140,desktop,11,106.36,False,True,-0.6107
,3af7094f-0f25-42e3-b14e-67d8a4ac7f57,usr_93357,tablet,5,5064.6,True,False,0.0
,bc3b3927-4b7d-4ff0-acd4-81f8f1cf6454,usr_30229,desktop,11,122.55,False,True,-0.6151
,37171d36-565d-4f5f-84a4-78c38dbf8caf,usr_52970,desktop,5,6526.6,True,False,0.0
,b1eea914-2c1e-4bbf-93b3-1030e84da5bd,usr_17863,mobile,10,113.1,False,True,-0.6415
,2478b490-e4e7-438e-873f-0c1530155be8,usr_35650,mobile,13,114.31,False,True,-0.6041
,d4f3a1c9-fafb-4c5b-9db2-db81341e121a,usr_69655,tablet,13,105.62,False,True,-0.631
,17f10c56-8897-4d85-9422-35ddf7d62c6b,usr_03722,tablet,5,5533.0,True,False,0.0
,797ecc52-1b87-4486-a30f-f6aab534e571,usr_78821,mobile,13,105.38,False,True,-0.6085
,37171d36-565d-4f5f-84a4-78c38dbf8caf,usr_52970,desktop,5,6636.4,True,False,0.0
,c53c76b3-3cb1-42dc-9462-6f0ac619f9b9,usr_66512,tablet,12,122.58,False,True,-0.6191
,36261b8d-ecb1-4a35-8b5d-ad33e8969729,usr_20428,desktop,12,114.33,False,True,-0.6107
,fa53d356-1951-4d80-a245-91596d457e47,usr_76229,tablet,11,113.73,False,True,-0.6052
,803cf154-c21e-4bcc-8e8f-84d34080cea4,usr_87314,tablet,11,4855.36,True,True,-0.6103
,3f23d778-d968-4b3d-a558-9422f04d8cf2,usr_95539,mobile,14,120.14,False,True,-0.673
,bd21d131-7133-4ba1-b15c-d2a619233dbc,usr_76415,mobile,10,121.0,False,True,-0.6005
,bf99c256-8b7d-4fb7-9824-6bff8cce7d60,usr_87816,desktop,9,121.33,False,True,-0.6261
,119bf8c4-4c64-4ea2-908f-cd1c5e087329,usr_52946,mobile,12,108.5,False,True,-0.6488
,bbb953ad-0db2-4bed-a92f-6420a513baa6,usr_26022,mobile,11,4103.45,True,False,0.0
,0a79e750-09ef-49de-a646-74360e77b4e8,usr_83939,desktop,7,5589.57,True,False,0.0
,839fa1a1-eec7-4075-8a3e-d06210a73c66,usr_24614,mobile,14,136.36,False,True,-0.5996
,0532bf22-0031-4c9c-97e5-f0a217a6914f,usr_07129,desktop,13,117.77,False,True,-0.6095
,3ce29e5b-6a98-46e1-96ca-11022b817321,usr_63236,tablet,3,4672.0,True,False,0.0
,7e4e181e-1214-471d-bc1a-4ae81f5093cf,usr_89610,mobile,14,128.64,False,True,-0.6345
,20527714-092d-4593-8080-2fe3946c1e36,usr_58753,desktop,11,111.36,False,True,-0.6066
,e7e8eb9f-094e-40b0-b0f0-f8b9e0b903a9,usr_66495,mobile,12,121.75,False,True,-0.6108
,ee4ea72b-afce-4b5a-b407-52b18a5b6e39,usr_42469,bot_scraper,10,9.1,True,False,0.0
,a8fb0aba-38da-4df7-9eb9-0908201ab510,usr_91606,tablet,5,3541.0,True,False,0.0
,b783a3a8-f725-40c6-8aa7-03702d7c766b,usr_80451,mobile,9,124.56,False,True,-0.6143
,3ce29e5b-6a98-46e1-96ca-11022b817321,usr_63236,tablet,9,5308.0,True,False,0.0
,24ae2d50-7435-44ad-ac99-fa43beacfe94,usr_47888,desktop,5,4524.8,True,False,0.0
,71361f38-941b-4612-a322-c25bede97f84,usr_64115,desktop,13,109.38,False,True,-0.6204
,0239366f-10d3-487c-95b4-60921d153af9,usr_24413,desktop,10,5486.6,True,True,-0.598
,f2fed4e3-b23f-43f2-a19c-038f51b9106b,usr_51689,tablet,12,114.92,False,True,-0.6095
,8bd72c0b-ee1c-448a-9dc4-60845d394cd0,usr_01895,mobile,13,107.08,False,True,-0.6181
,4783b138-3665-4fd3-96de-daaec0cf3817,usr_61904,desktop,12,113.17,False,True,-0.6498
,e50e10fc-ebb3-4e64-ba0e-ee86a9e5c099,usr_17398,bot_scraper,11,10.91,True,False,0.0
,a3f8affc-8e42-402a-8f5b-9db29d956cc1,usr_05612,tablet,11,117.91,False,True,-0.5988
,24ae2d50-7435-44ad-ac99-fa43beacfe94,usr_47888,desktop,9,4560.67,True,False,0.0
,e9100c48-f4d6-4e93-b8c6-6055f7e86c39,usr_64531,bot_scraper,2,4.5,True,False,0.0
,b4402892-269d-4f59-b84c-d61cafb59920,usr_49969,tablet,9,4650.0,True,False,0.0
,a1008797-e98d-4bff-a4be-4b5c9c99f569,usr_86874,desktop,13,121.38,False,True,-0.6005
,531c39f9-ac40-4964-86e7-2b71469f92c4,usr_81694,bot_scraper,13,9.92,True,False,0.0
,99e817a0-05ae-4330-8443-80c8eca06ba0,usr_02207,tablet,14,113.93,False,True,-0.6143
,5d60d4aa-3a7f-4546-acdf-3add09b06b95,usr_52409,mobile,10,5475.9,True,True,-0.598
,e4a3bf07-e37d-4c9b-bc72-61c8f57e5abe,usr_44079,desktop,6,133.67,False,True,-0.5994
,90e4fa08-2ac2-4592-83d7-40f749f6eb27,usr_17038,tablet,9,111.0,False,True,-0.6042
,65d0179a-d74e-4919-854d-8943b0617662,usr_07883,desktop,12,124.25,False,True,-0.6115
,b44c4b56-f1ea-49f5-8f9a-a32549a12858,usr_33185,bot_scraper,12,9.42,True,False,0.0
,d60619d4-f4c6-4823-8138-c3bdd5b7b6a5,usr_52238,desktop,6,5145.33,True,False,0.0
,5a01a549-2e18-42f3-8d1d-6de27d3102eb,usr_54977,desktop,13,106.31,False,True,-0.6212
,e9100c48-f4d6-4e93-b8c6-6055f7e86c39,usr_64531,bot_scraper,4,10.0,True,False,0.0
,a4f77363-e92e-4ace-bc5e-c178ed202c13,usr_17346,bot_scraper,6,11.67,True,False,0.0
,3efee209-c606-4535-9129-3db31ff583e3,usr_67072,desktop,13,120.62,False,True,-0.6097
,fbcf8061-ca9b-46f2-adbe-4215248d7612,usr_76164,desktop,13,5027.77,True,True,-0.643
,1abf71ee-50ea-4f81-a7a8-2efe543a0c0e,usr_93326,mobile,9,127.67,False,True,-0.6255
,1b23f48f-ab40-4f2c-a56b-027f4c7ee939,usr_30078,tablet,13,4179.85,True,True,-0.6276
,45aac8ca-236f-44a1-87b6-d5f332fef2ee,usr_60431,tablet,12,116.58,False,True,-0.6057
,790df220-1ffe-49fb-8455-cc24b4a4885d,usr_99698,bot_scraper,8,9.12,True,False,0.0
,83b581ed-37d9-42d1-9ac1-f9827c2e1fcf,usr_78213,desktop,13,117.92,False,True,-0.6095
,84902f4c-caf5-4930-9320-40fdba3bed59,usr_91864,bot_scraper,4,9.75,True,False,0.0
,fcd7a25b-cdbf-4cd3-9c40-21d7acc0102a,usr_05809,mobile,13,134.69,False,True,-0.626
,471ce72d-240a-4c65-a229-57f72b55d590,usr_81425,mobile,10,133.7,False,True,-0.6035
,923f06a2-60c5-489a-a660-1c4078d52808,usr_41726,mobile,12,115.92,False,True,-0.6069
,83eb607c-895f-43ac-a3b7-5ed721baab00,usr_43337,bot_scraper,7,10.0,True,False,0.0
,8ea108a5-6f22-4c46-b473-b71e84e09d8d,usr_01060,mobile,14,129.64,False,True,-0.6501
,a4f77363-e92e-4ace-bc5e-c178ed202c13,usr_17346,bot_scraper,4,6.0,True,False,0.0
,0df2e34c-d187-44fd-9b02-9179fdf63a7b,usr_50910,bot_scraper,1,14.0,True,False,0.0
,b713399f-8b20-4a9c-b94a-efcd616944d1,usr_89895,mobile,11,99.36,False,True,-0.6029
,b103982a-0a5e-499d-a472-782e1bd0b0d9,usr_60649,desktop,11,116.0,False,True,-0.6425
,f0b25c2f-d109-4f9d-a7c5-e88a75d827ef,usr_51544,bot_scraper,5,9.4,True,False,0.0
,18d69757-1fc9-4b8f-83d9-70a4cff06c2c,usr_54783,mobile,12,123.25,False,True,-0.6115
,dfd3c874-c88f-4baa-a5b1-4c74723c85a0,usr_49692,desktop,12,4271.58,True,True,-0.6212
,49a6a956-18af-412c-ba43-72f4faa5e864,usr_05882,desktop,14,103.36,False,True,-0.6249
,2e06bde5-0382-4bc5-8c4b-30ce14da169a,usr_49471,bot_scraper,3,9.33,True,False,0.0
,3c541319-8fe9-46fc-8f04-1300d094040e,usr_30039,desktop,12,5097.0,True,True,-0.6319
,863eecc3-f396-4a77-84c6-e562ff27a53a,usr_62331,mobile,14,129.86,False,True,-0.6512
,e70a4faa-de74-424b-8f4a-8d2ccb1bf9cc,usr_54678,tablet,12,125.5,False,True,-0.6115
,5b42752e-88e6-449e-a341-cad04cd15379,usr_75066,tablet,13,120.31,False,True,-0.598
,d5058660-7b66-407f-910d-9ee8ba74627b,usr_92936,desktop,14,119.64,False,True,-0.6212
,0df2e34c-d187-44fd-9b02-9179fdf63a7b,usr_50910,bot_scraper,5,10.0,True,False,0.0
,72396a9e-c988-408b-bc32-a3438d861c1a,usr_24405,desktop,12,119.83,False,True,-0.6014
,d00c7471-2842-4763-8e13-c0fb63d63deb,usr_81528,desktop,13,127.0,False,True,-0.6074
,54329fe2-023c-4b10-be16-e8c59f6fab67,usr_07237,tablet,12,124.92,False,True,-0.6115
,3bf07634-fb97-4b25-873d-fcad769abd30,usr_54113,mobile,13,123.62,False,True,-0.6061
,3c541319-8fe9-46fc-8f04-1300d094040e,usr_30039,desktop,2,4885.5,True,False,0.0
,f0b25c2f-d109-4f9d-a7c5-e88a75d827ef,usr_51544,bot_scraper,8,7.12,True,False,0.0
,f2e9d62a-600d-4b1b-b6fe-a57d13825c81,usr_84004,bot_scraper,9,9.78,True,False,0.0
,fc686d64-b3c2-40b5-8969-d636975684ac,usr_11086,tablet,13,126.62,False,True,-0.6186
,0120ceac-ed0e-4b74-be15-bf049f7eefea,usr_95727,desktop,13,120.85,False,True,-0.5993
,f7c07c20-6ce7-4b33-8e30-2ec49c2cad67,usr_12295,tablet,12,125.92,False,True,-0.5978
,17f85dd4-744f-4878-977f-c013a5e68d13,usr_27195,bot_scraper,9,8.78,True,False,0.0
,2f32ac58-bddc-4c43-98e7-dbf8b6c6413b,usr_25748,mobile,12,122.75,False,True,-0.6115
,533d1572-476e-4ebd-b14a-e6ba0fe7c0ca,usr_95295,desktop,14,112.29,False,True,-0.6363
,621bb83f-164f-45c3-9e9b-473a3c9e3b9c,usr_35138,desktop,11,119.82,False,True,-0.6065
,db2cacf9-5c3d-49b3-ba6d-de207f61df1c,usr_20024,tablet,11,115.36,False,True,-0.6079
,c08ba48e-afcb-4c84-a230-401636f1f3d9,usr_57518,mobile,14,124.64,False,True,-0.6278
,c7739a8a-6174-42a3-b070-4e3042a2e200,usr_48294,desktop,12,115.67,False,True,-0.6196
,ea4791e0-2aff-4bfc-8b87-20dc35808b94,usr_22935,mobile,11,119.55,False,True,-0.6105
,959edc75-4b4e-4c79-95a4-8ee69bebd54d,usr_21813,tablet,14,127.79,False,True,-0.6298
,abc0b90f-5327-4ec4-b70d-5e298f9a70e9,usr_65413,tablet,14,114.57,False,True,-0.6446
,e182bbbe-61f5-4264-83a9-6088268fd90d,usr_53908,desktop,10,5422.9,True,True,-0.598
,7467ba98-d50a-4f94-8d0d-bff70d6357a9,usr_57696,mobile,13,120.54,False,True,-0.5986
,b4f78ce4-6780-43e6-9b99-689fbfd0f1ea,usr_33498,bot_scraper,1,12.0,True,False,0.0
,5846443b-6c94-48b6-b182-2c3ed65a5da8,usr_96730,tablet,3,5650.67,True,False,0.0
,cd5297b3-df5b-425a-b7da-f9310c9e74f4,usr_48704,mobile,14,116.21,False,True,-0.6225
,7e44a247-c32d-4c6b-9748-2b02b2801672,usr_45848,desktop,5,4659.4,True,False,0.0
,9f812c52-3bde-4bc9-8674-e4882379f629,usr_85860,desktop,14,119.43,False,True,-0.673
,53c9217e-cb32-486e-8f7f-f1c1020a150c,usr_37595,desktop,11,119.18,False,True,-0.6033
,78c86fc4-df75-48d4-a117-0b3a4fd9e99f,usr_71360,desktop,14,137.79,False,True,-0.6119
,b4f78ce4-6780-43e6-9b99-689fbfd0f1ea,usr_33498,bot_scraper,13,8.69,True,False,0.0
,4b1456a5-5dcd-4cc8-b1ab-68413c82778b,usr_11522,bot_scraper,3,13.33,True,False,0.0
,903b2d76-a7aa-463e-a269-cf686cf5c578,usr_40062,desktop,13,115.15,False,True,-0.6128
,8a69864a-0154-4469-b979-f89503df9721,usr_50302,tablet,14,97.5,False,True,-0.5996
,b5e73a04-3485-41b2-bfdb-e2c716219fae,usr_41111,mobile,14,115.07,False,True,-0.6232
,8dbab2f3-0ce7-40a6-8137-ba8cd687976d,usr_45478,mobile,11,128.82,False,True,-0.6123
,86388e5e-16eb-49f0-8e69-79bfc4cd9efe,usr_12201,desktop,12,129.92,False,True,-0.6233
,218a2021-f98a-4cdb-913e-7433437def44,usr_10261,bot_scraper,8,8.25,True,False,0.0
,c89ae099-3d8c-45d0-8556-edc39faff426,usr_73681,desktop,11,118.09,False,True,-0.6001
,f26c785d-df32-4e95-952c-6ace502601be,usr_99175,desktop,12,121.0,False,True,-0.6089
,5846443b-6c94-48b6-b182-2c3ed65a5da8,usr_96730,tablet,6,5483.17,True,False,0.0
,619b55ac-5825-4f85-a9cf-04650d06cae6,usr_89608,tablet,11,123.0,False,True,-0.6085
,901755f3-aa4e-4abe-a000-5b8048010d0f,usr_33289,mobile,12,115.25,False,True,-0.6491
,522cbe37-c0f1-4fb7-86f9-6daf00973013,usr_81608,desktop,13,110.0,False,True,-0.6189
,20665c03-6f5f-4a5c-a614-90a959ef3aa7,usr_92040,tablet,14,105.57,False,True,-0.6317
,4b1456a5-5dcd-4cc8-b1ab-68413c82778b,usr_11522,bot_scraper,9,10.22,True,False,0.0
,38ac3555-2f4b-4300-a44d-4ae1b5245939,usr_81032,bot_scraper,3,5.0,True,False,0.0
,5fb799c0-e2c0-44f3-bfa2-9fcb1141c827,usr_14404,bot_scraper,8,8.12,True,False,0.0
,62fa6803-1597-4442-9329-d7ddfe171b85,usr_82982,desktop,13,104.46,False,True,-0.6104
,0e7329cc-ca66-4a3d-bf58-b74b2e8412d3,usr_89469,mobile,14,120.79,False,True,-0.6245
,d5a0546a-6867-41dd-887f-e754758baf33,usr_96393,bot_scraper,3,11.0,True,False,0.0
,91eb03bb-5802-4718-9ca0-e4c6acc594ec,usr_71693,desktop,12,124.83,False,True,-0.6004
,d3850cfb-48a1-45bf-ada6-bd62132bd848,usr_87032,bot_scraper,1,7.0,True,False,0.0
,792701b8-33af-4b68-ae21-aa7b9b1bd884,usr_10711,mobile,11,127.55,False,True,-0.6071
,57a149ed-51ce-4309-bc2c-348c3db21c9c,usr_50301,mobile,3,4989.33,True,False,0.0
,067fcbd5-3d99-4ded-bb2b-280ee69add68,usr_90017,desktop,13,121.77,False,True,-0.6117
,bfd71cd6-fe28-4ffe-9cd1-134d0d53ac8c,usr_98253,bot_scraper,7,9.14,True,False,0.0
,c94e73ae-256f-47e2-a0e8-69a6f56ea8e8,usr_28862,mobile,14,127.57,False,True,-0.6081
,fbaaad8f-eed9-42fd-96f0-c063856afd74,usr_49332,bot_scraper,14,10.07,True,False,0.0
,38ac3555-2f4b-4300-a44d-4ae1b5245939,usr_81032,bot_scraper,6,9.0,True,False,0.0
,5fb799c0-e2c0-44f3-bfa2-9fcb1141c827,usr_14404,bot_scraper,3,8.33,True,False,0.0
,d9596349-cda0-472d-a66e-793ea9959bf2,usr_29378,tablet,3,6003.0,True,False,0.0
,769ff4ab-f142-49f6-b197-ef2957330b54,usr_22346,mobile,9,5875.44,True,True,-0.6015
,0c384cc9-ae86-4bca-88e3-bc85eebdf856,usr_04051,mobile,12,124.25,False,True,-0.6191
,ce8eb87f-14b4-403b-a066-caea4713b233,usr_06383,mobile,14,115.43,False,True,-0.6047
,1cd5163b-b993-4657-b10f-b0f50c377f0f,usr_65658,tablet,8,5291.38,True,False,0.0
,96a92716-ebf0-468c-b2e6-82cac52c5355,usr_84393,tablet,14,127.57,False,True,-0.6731
,d3850cfb-48a1-45bf-ada6-bd62132bd848,usr_87032,bot_scraper,9,6.56,True,False,0.0
,bbbe3996-efb2-4511-b8be-85b7d54e28d2,usr_28978,bot_scraper,2,10.5,True,False,0.0
,5a521282-a9d6-4191-99fd-9f0d8d1bba2e,usr_39942,bot_scraper,5,6.8,True,False,0.0
,4e629c00-b13c-4954-8fa5-89198c6818d9,usr_69209,tablet,13,115.08,False,True,-0.6097
,dd71c2dc-5442-4a45-b2aa-d7fe5b4f51c9,usr_75639,tablet,11,124.73,False,True,-0.6058
,74613d12-dc21-4e9c-a5e3-1578c1ae3ffa,usr_89419,mobile,11,113.91,False,True,-0.6052
,e7c4dd6f-0c29-4f77-883e-689e30d3c1fa,usr_07515,desktop,13,119.69,False,True,-0.6115
,15ba6cd5-afcb-48ad-a238-4e4da9042697,usr_31549,bot_scraper,8,7.62,True,False,0.0
,2e202ede-4b32-4c2d-840a-306d78a3ba60,usr_18199,desktop,9,139.89,False,True,-0.6322
,d9596349-cda0-472d-a66e-793ea9959bf2,usr_29378,tablet,7,6073.86,True,False,0.0
,97a0d4e8-d778-4948-a986-2ce3a7420fac,usr_96708,mobile,10,5614.3,True,True,-0.5999
,bbbe3996-efb2-4511-b8be-85b7d54e28d2,usr_28978,bot_scraper,6,14.83,True,False,0.0
,0f61e982-5afa-4598-9b08-a41bccaa25c9,usr_92861,desktop,13,108.31,False,True,-0.6044
,40371083-7c2e-498a-8599-b82a3fe54d6f,usr_45269,bot_scraper,4,4.75,True,False,0.0
,e4a0b582-8de3-4e0b-9759-d3c0a3acc99a,usr_75283,bot_scraper,6,8.33,True,False,0.0
,a08b01f1-206a-4e6c-a2da-e34cd71bf6e5,usr_02289,mobile,14,112.79,False,True,-0.6258
,c210726b-0734-4886-8518-c7a22cad05f8,usr_25608,desktop,14,113.07,False,True,-0.6258
,cec93bcc-d5a3-4b3f-9776-4b8152d4740a,usr_30794,mobile,13,127.69,False,True,-0.6398
,24e01b18-1119-4d7a-8e7e-275782e87e22,usr_37591,desktop,14,5140.07,True,True,-0.6591
,e1189f4b-9021-4b26-b1cb-2563f860c8ed,usr_17224,desktop,8,139.75,False,True,-0.619
,e0e79671-e18f-447e-a080-fb99ef3da640,usr_54907,tablet,7,5283.29,True,False,0.0
,c4693006-479f-43e7-92de-b2a3f0ed5994,usr_72653,tablet,12,118.83,False,True,-0.605
,40371083-7c2e-498a-8599-b82a3fe54d6f,usr_45269,bot_scraper,4,12.0,True,False,0.0
,3f480a18-aa29-48c2-bbde-6a02d530bee2,usr_99728,desktop,10,124.7,False,True,-0.6416
,f561eb17-33c4-4c8b-99c5-f5f3ba7551f8,usr_07853,bot_scraper,10,10.2,True,False,0.0
,3a61e15d-ced9-4c93-8d53-19655e6019a3,usr_82081,mobile,14,118.43,False,True,-0.673
,217fe827-55db-4706-9462-106061647f93,usr_06170,desktop,10,133.5,False,True,-0.6095
,f199d920-f69b-4047-a83e-828c728bd6e8,usr_42856,tablet,3,4772.67,True,False,0.0
,cf4ee053-fd07-444e-b907-d699fab109bd,usr_28410,tablet,14,128.43,False,True,-0.6345
,f561eb17-33c4-4c8b-99c5-f5f3ba7551f8,usr_07853,bot_scraper,3,13.0,True,False,0.0
,f5a8fda3-7407-4c6c-b8dc-d749d021def9,usr_32700,tablet,11,104.18,False,True,-0.6148
,c43f8ef5-b1c6-4a13-9f20-e764d7f577dd,usr_68986,tablet,11,102.55,False,True,-0.6154
,8f8b6f0d-6ed2-43f4-8d6d-ec75c272b64d,usr_15914,mobile,8,128.12,False,True,-0.6156
,80b41f6a-6c51-4a6a-97df-3c25b0f636bd,usr_23974,desktop,4,4694.25,True,False,0.0
,42eadb7f-2870-4584-8a90-841ccc23965f,usr_74192,bot_scraper,6,11.67,True,False,0.0
,0028d1ca-40dd-448a-ac49-e6ea36d24ef1,usr_15723,desktop,4,5115.75,True,False,0.0
,34939b22-be6c-4ada-a326-aca9cfd65107,usr_25691,desktop,9,4493.0,True,False,0.0
,dc61bba0-8930-488d-8f8a-d085ac0a16ab,usr_66714,bot_scraper,5,12.0,True,False,0.0
,1c7f443c-c331-4d5a-be9b-1cb70f8e295e,usr_09650,mobile,13,119.15,False,True,-0.6108
,2d1d9716-f7fc-49d8-bb00-64beffb1919e,usr_87170,mobile,13,121.69,False,True,-0.6167
,12ac2aff-d604-4b43-a9aa-4b4e6e6c244b,usr_37264,mobile,11,122.27,False,True,-0.6433
,a9f38634-a880-4841-8de5-74260fe82ed7,usr_75027,tablet,14,120.71,False,True,-0.6251
,72e6e710-f6bc-467e-80f5-a7a2af0b3d31,usr_08378,desktop,12,113.67,False,True,-0.6102
,1d86e773-2ea3-4171-98fd-c664e7f460c3,usr_56433,desktop,11,107.64,False,True,-0.6075
,a01f3bab-7d5c-4024-80fd-581e42ebce19,usr_60542,mobile,10,104.8,False,True,-0.6072
,ebebbfb2-4e7e-4c3c-a10e-7157e638b296,usr_87078,bot_scraper,8,8.5,True,False,0.0
,80f79527-3958-491c-85e7-7c0beeba415d,usr_05482,bot_scraper,11,6.91,True,False,0.0
,6f69eeb1-3bc3-4be9-a9ec-119d89cf4136,usr_27794,bot_scraper,6,8.83,True,False,0.0
,bff9e212-3ece-4d8e-86c3-82fd4efbcfb4,usr_52246,tablet,14,96.86,False,True,-0.6357
,86744344-06a6-4906-99cf-61a392a358f7,usr_07983,tablet,13,100.23,False,True,-0.6252
,8387ceb0-47dc-493b-87e6-18ee58576635,usr_67298,desktop,13,121.54,False,True,-0.6167
,a1ca8990-fc28-4612-be97-a283ba3430a1,usr_79388,tablet,11,129.91,False,True,-0.6012
,34939b22-be6c-4ada-a326-aca9cfd65107,usr_25691,desktop,1,2111.0,True,False,0.0
,72f435b3-5bb5-49b2-a24b-319c5b0539e3,usr_42578,mobile,13,121.0,False,True,-0.6147
,737bf247-1ce3-4449-964e-a75c4446f394,usr_58384,mobile,13,120.92,False,True,-0.6225
,b9d6baf1-08bc-45e8-9543-b585af6850b0,usr_54578,bot_scraper,8,12.5,True,False,0.0
,dff2dbef-79d1-42ec-929c-4b90946cbee0,usr_07889,tablet,11,116.36,False,True,-0.6007
,b8e37ed3-b83d-4523-8d1b-3039ab9e2090,usr_39759,bot_scraper,11,6.09,True,False,0.0
,ebebbfb2-4e7e-4c3c-a10e-7157e638b296,usr_87078,bot_scraper,6,10.67,True,False,0.0
,b91fa225-bd97-4fc7-9b2f-88abedb1187a,usr_93268,desktop,14,126.43,False,True,-0.6278
,9c1980e8-2bcc-4344-b54a-20159be2f67c,usr_20836,bot_scraper,11,7.09,True,False,0.0
,8b745945-bf9a-4c94-b385-cf04df5bb9e4,usr_04393,mobile,4,5646.5,True,False,0.0
,a875ac1a-a320-49ad-90ad-e69ac1781cb0,usr_76727,bot_scraper,6,9.17,True,False,0.0
,ad7f2925-01a9-4d58-b414-8c5cbb504453,usr_03625,tablet,13,135.08,False,True,-0.6209
,2c3c92c0-eb27-4ae2-8975-aae3094e5e57,usr_06102,desktop,7,4936.0,True,False,0.0
,ea63b01d-ef42-4268-8a51-d677808f4b54,usr_98581,tablet,14,119.64,False,True,-0.6027
,8b745945-bf9a-4c94-b385-cf04df5bb9e4,usr_04393,mobile,8,5586.62,True,False,0.0
,c606e993-73b6-410b-b348-01b332f2263a,usr_41898,mobile,14,118.21,False,True,-0.5985
,639d7ab5-6bf9-4644-8f23-a19661980b15,usr_39647,tablet,11,115.73,False,True,-0.6425
,e6adefdb-a464-4146-b2fe-f0acf8ef07f0,usr_71239,bot_scraper,3,12.67,True,False,0.0
,813d428f-6d85-47cd-86b3-288c790b4235,usr_81374,desktop,14,124.43,False,True,-0.6526
,2782ceca-610a-4755-be63-bbf80c669d1a,usr_82091,mobile,10,97.0,False,True,-0.6029
,ee7bcfa2-1f97-417e-9a52-0ba6027d3b4b,usr_11307,desktop,12,125.25,False,True,-0.5978
,4059b06c-de52-4cc6-924d-6f9d4ceca761,usr_83824,desktop,14,106.93,False,True,-0.6547
,15036ca1-7f24-4bc6-a5ad-76c170754b41,usr_71629,mobile,12,118.42,False,True,-0.6505
,322c9d12-c789-413b-bcda-975b172e6701,usr_89486,bot_scraper,1,9.0,True,False,0.0
,f2bb3a6b-c347-4fd6-b8fb-0b9a7fc7b484,usr_98007,desktop,7,4259.71,True,False,0.0
,f2c55d3f-c223-4ffc-b988-4173dee2359e,usr_36190,tablet,11,138.64,False,True,-0.6144
,fee80499-3d6f-4d63-85c0-c1b8ef61d4bf,usr_74138,bot_scraper,3,16.0,True,False,0.0
,faed0495-af3f-4744-b5c2-5c2e493cd712,usr_22563,mobile,7,4899.0,True,False,0.0
,35911822-37ed-43d3-b3ee-0f744f4a5f4d,usr_29721,tablet,14,114.64,False,True,-0.6137
,67ff0fac-f3b1-4faa-b4f4-20ac301e05e0,usr_75118,tablet,9,141.56,False,True,-0.6322
,322c9d12-c789-413b-bcda-975b172e6701,usr_89486,bot_scraper,8,6.75,True,False,0.0
,41195593-8b6d-4c5f-9a25-34f64a89a2af,usr_27308,mobile,14,123.64,False,True,-0.6731
,4fc870a1-03af-4d57-b758-91b1083c165f,usr_02961,tablet,13,126.0,False,True,-0.6239
,fef0b5bd-6be9-4068-92ed-2a6fc0335da1,usr_23729,bot_scraper,9,9.11,True,False,0.0
,e2652aa7-11d4-4c0b-84f6-48d10f5b3d67,usr_67479,bot_scraper,13,10.31,True,False,0.0
,8419acb3-ab91-4e89-9b37-46210f2902e2,usr_69706,desktop,13,5150.69,True,True,-0.6437
,7b2e3a17-204b-4ad7-830f-3f8b3881fb30,usr_97594,bot_scraper,3,11.33,True,False,0.0
,3175db50-2dfe-44ca-92f9-615e287dfabd,usr_25591,desktop,10,104.9,False,True,-0.5988
,889b0933-4844-47e3-9bb8-aebb61fdfc4f,usr_15196,mobile,9,128.44,False,True,-0.6255
,b7110681-7987-47fa-b5f8-6ee9f8309c3d,usr_44799,tablet,14,116.29,False,True,-0.6218
,5bea1113-7196-4b91-b29c-113a0739a570,usr_97675,tablet,14,127.64,False,True,-0.6547
,0cdc3fce-b8c2-45d7-8cfa-5310389565f9,usr_58161,tablet,11,113.73,False,True,-0.6052
,9be55e1b-e865-4d34-b799-a17ce9c15d05,usr_12627,desktop,12,108.17,False,True,-0.6159
,9f7afc93-ccc9-47bf-8674-e16323f8ece4,usr_36170,bot_scraper,3,5.67,True,False,0.0
,dfe26a96-d170-427b-bbbb-db8c2b568522,usr_66012,mobile,8,5926.75,True,False,0.0
,927da866-68e8-48f5-b2a1-e421ea2d2a54,usr_85541,mobile,11,142.27,False,True,-0.6486
,25188fe5-8c35-481e-b5a8-e96a1ad0419f,usr_01218,mobile,14,121.36,False,True,-0.6265
,a9e71f08-de0d-4762-857c-fd9efb4c3c30,usr_04087,mobile,14,107.79,False,True,-0.6461
,f9c859b4-f215-46e3-a6a4-fc2b02d7606f,usr_64588,desktop,12,127.5,False,True,-0.6506
,ca848137-b744-4a37-af48-d0caa97f728c,usr_67009,mobile,14,134.29,False,True,-0.6156
,ae5686fd-0092-45cd-85c0-be9393397a83,usr_61973,bot_scraper,10,10.0,True,False,0.0
,32b229fe-208b-4cd7-8bd8-28e0908bc72d,usr_84516,desktop,6,4554.67,True,False,0.0
,3597e87b-05dc-43df-b036-aee13e3c95a0,usr_86709,tablet,1,2266.0,True,False,0.0
,66a1e9a4-8614-48b3-82e9-10289116f770,usr_15039,bot_scraper,3,14.0,True,False,0.0
,83fd8548-841c-47d0-9484-c161497d6d95,usr_33539,tablet,7,5005.0,True,False,0.0
,e5f7d529-2dda-46fe-9604-bf19d67168fc,usr_01761,desktop,13,126.23,False,True,-0.6042
,e4b4c5e3-e532-46a6-b517-8c6403f878c0,usr_67339,bot_scraper,3,12.0,True,False,0.0
,dca3baac-b65d-416f-9c8a-271505851f6d,usr_41436,desktop,12,122.92,False,True,-0.6065
,748e06c4-89e5-4959-8182-69ab98372296,usr_12943,desktop,12,121.58,False,True,-0.5997
,bf9d24d6-2901-412b-b896-72c7fd160cca,usr_73076,desktop,12,5095.25,True,True,-0.6319
,f78210c8-0caa-412f-a284-addb8acf0f25,usr_17686,desktop,13,116.54,False,True,-0.6071
,66a1e9a4-8614-48b3-82e9-10289116f770,usr_15039,bot_scraper,6,8.33,True,False,0.0
,a02c4fc1-cddf-4a01-9dd8-b6564ae90c4c,usr_08520,mobile,11,5340.64,True,True,-0.6135
,7fe7b605-c7ea-4fbb-ac1b-74b21846de0c,usr_56544,tablet,11,131.27,False,True,-0.613
,3597e87b-05dc-43df-b036-aee13e3c95a0,usr_86709,tablet,4,5370.5,True,False,0.0
,83fd8548-841c-47d0-9484-c161497d6d95,usr_33539,tablet,1,4371.0,True,False,0.0
,e67d9fcd-6d94-4d12-822f-97ca94bbfa63,usr_64934,desktop,14,125.07,False,True,-0.5975
,bb7ee1d8-1d6d-4c2d-a8a5-088db6b62942,usr_91980,tablet,13,126.23,False,True,-0.6589
,cf40ebee-aff1-4379-912a-801d5b1c84e2,usr_99636,desktop,13,120.15,False,True,-0.6078
,a319fdb1-556a-42cc-89fa-4933b5f83d3a,usr_91019,tablet,12,115.33,False,True,-0.6491
,4602d06b-bf11-4e47-8f95-715de5dd8e84,usr_82435,tablet,14,109.93,False,True,-0.6294
,032d2481-4432-4d55-8dc1-38b63c96b5b3,usr_06421,tablet,12,113.92,False,True,-0.599
,cff693fc-76a9-4bab-911c-a5c214f80608,usr_93365,bot_scraper,8,11.75,True,False,0.0
,9ddcc2cb-147d-4420-a1f1-dd06b621a572,usr_42449,desktop,13,115.38,False,True,-0.6574
,3c4a33f3-a26d-4399-8f8a-77da8e496c3b,usr_56423,bot_scraper,9,9.56,True,False,0.0
,f737372b-522d-4dfa-88aa-31122d8d3f59,usr_42491,tablet,13,119.54,False,True,-0.6065
,8a90fb3d-0cdc-4c59-af7a-182d42b4b147,usr_95558,bot_scraper,10,11.2,True,False,0.0
,7b91c252-87cf-403d-a489-4d6ae0abafbb,usr_42116,bot_scraper,6,6.67,True,False,0.0
,507f9103-9097-40a5-8644-bac5ea152664,usr_75900,tablet,14,124.29,False,True,-0.6184
,a45f6806-7959-47ea-ac07-53e4e60469fa,usr_83667,desktop,14,5010.71,True,True,-0.6584
,b3f1c9a9-01c6-48c3-a66a-5f7de80b8763,usr_67487,bot_scraper,5,7.8,True,False,0.0
,3c4a33f3-a26d-4399-8f8a-77da8e496c3b,usr_56423,bot_scraper,2,3.0,True,False,0.0
,09709230-d8bd-4569-b664-7eb06866e8c5,usr_49147,bot_scraper,8,7.88,True,False,0.0
,73982467-1dea-4e4e-813b-f775e9986e00,usr_40898,desktop,12,118.92,False,True,-0.605
,616361a0-df5a-49c8-9e6a-af779e3de507,usr_18378,desktop,12,118.17,False,True,-0.6001
,e189f8d4-035d-4091-8fd6-5068e36c0ac0,usr_45537,desktop,11,116.0,False,True,-0.5984
,b4a37a00-1c0e-4f28-8e2e-e41fb98f58fc,usr_99228,tablet,13,115.0,False,True,-0.6104
,09709230-d8bd-4569-b664-7eb06866e8c5,usr_49147,bot_scraper,2,1.5,True,False,0.0
,dbc8685f-9fac-41e6-93e6-22cf11069635,usr_05790,bot_scraper,3,6.33,True,False,0.0
,d3be5f87-6130-46be-8e6c-16cffa200442,usr_14844,tablet,2,3873.5,True,False,0.0
,d2b7f1b0-b013-492b-b2f4-818578737227,usr_20188,mobile,11,111.73,False,True,-0.6066
,96cdcdf0-c3ce-49ac-8607-4c54d6558aa5,usr_37359,bot_scraper,4,9.5,True,False,0.0
,ed0efd59-6246-4319-8256-7e674d778b81,usr_64867,tablet,13,121.69,False,True,-0.6595
,631a39b1-3f27-4e9c-b246-b852a857e2c3,usr_01182,desktop,8,131.12,False,True,-0.6007
,c64c8ed5-8747-4776-845e-e47b687dfcba,usr_68674,mobile,12,136.25,False,True,-0.656
,dbc8685f-9fac-41e6-93e6-22cf11069635,usr_05790,bot_scraper,5,10.8,True,False,0.0
,d3be5f87-6130-46be-8e6c-16cffa200442,usr_14844,tablet,1,7577.0,True,False,0.0
,5021434c-ace7-48e7-b3c5-c7f468c647fa,usr_82764,bot_scraper,4,10.75,True,False,0.0
,e12c82be-06a7-434b-a505-36b3b27a5283,usr_93808,tablet,11,119.73,False,True,-0.6119
,c0c95aa6-c84d-498a-b9a7-e374820cc284,usr_38230,desktop,14,123.79,False,True,-0.6055
,0dd16ad1-2f67-4eef-ad3c-cd93c1e46b9f,usr_71836,tablet,8,4860.38,True,False,0.0
,ba4087da-0bda-4c36-8999-3271f23326dc,usr_13444,desktop,13,124.69,False,True,-0.6061
,0ffa612e-fa65-4542-9d61-d749c66ea387,usr_04911,tablet,3,4613.33,True,False,0.0
,816e44f6-829c-4039-a258-f98f3172e910,usr_91835,tablet,6,5257.33,True,False,0.0
,cf2103d8-c587-43d3-bdcb-0d567efb968a,usr_47695,mobile,12,124.17,False,True,-0.6004
,85ae766c-6071-4a8b-b6d3-65803ff31219,usr_06185,bot_scraper,1,16.0,True,False,0.0
,eb585819-35f2-4b73-9516-b85881c20090,usr_99109,tablet,14,129.86,False,True,-0.6763
,f33d4a03-57f7-486b-aaf8-00f2deb227c4,usr_05611,tablet,11,117.36,False,True,-0.5988
,f2bb49f6-7d44-4274-9571-909e87cfe8cf,usr_50639,desktop,10,141.2,False,True,-0.6035
,9b003475-847e-4adf-a794-2fdc427e5b5e,usr_81813,desktop,13,114.38,False,True,-0.5999
,9a583c6f-6af3-4550-9a54-1ff07cca0eb5,usr_62516,mobile,7,4271.43,True,False,0.0
,62b16b4c-15e0-4eb6-afd3-f62937a58a5d,usr_68715,mobile,14,111.71,False,True,-0.6273
,25ba0817-3898-4da7-9ac5-73b33417d24b,usr_21527,bot_scraper,12,8.08,True,False,0.0
,a257b181-534c-4423-83ea-56f9f933991d,usr_36563,tablet,6,100.67,False,True,-0.5994
,85ae766c-6071-4a8b-b6d3-65803ff31219,usr_06185,bot_scraper,10,10.0,True,False,0.0
,f3a633ce-f232-4203-b3c2-64b93f567a8b,usr_43646,tablet,14,116.29,False,True,-0.6433
,04c98f3f-6fce-4f8f-ab80-a76af0896744,usr_28577,mobile,10,122.4,False,True,-0.6037
,72c2e5cc-877f-4676-9727-4555f62e5823,usr_31412,tablet,12,125.17,False,True,-0.6065
,adbced2f-7d7b-4ab3-a8f1-198327dac9a5,usr_21630,bot_scraper,14,10.07,True,False,0.0
,e5202a46-c137-4c81-b19e-e177572a6772,usr_61036,tablet,8,139.0,False,True,-0.6001
,e09a53bb-4640-424a-a4be-5aba6692b4a0,usr_59524,desktop,13,121.08,False,True,-0.6147
,2a0e55aa-90c9-44c9-80ad-bd7d02acda9d,usr_21997,tablet,14,121.43,False,True,-0.6308
,3d07b20c-f359-4a1e-895d-57fe251843ef,usr_30411,mobile,14,141.0,False,True,-0.6367
,6c94fdad-9d5e-4fcd-a902-4e1f1f657573,usr_06482,mobile,5,5413.0,True,False,0.0
,39c44c51-d7dd-42eb-88c2-efbc233b29bc,usr_67173,desktop,5,5118.8,True,False,0.0
,18d2a545-56e3-4677-b539-352d23bacf42,usr_71711,desktop,10,131.5,False,True,-0.6035
,cfc1d3e7-a6ad-4e95-8dd3-a7cb40ff2c56,usr_15862,bot_scraper,5,13.4,True,False,0.0
,fbab1ab2-808e-4bce-8369-12f777d68914,usr_69036,desktop,10,139.0,False,True,-0.6035
,52b392e5-f535-48f5-9627-b455bd879f71,usr_72338,desktop,13,131.23,False,True,-0.6246
,39c44c51-d7dd-42eb-88c2-efbc233b29bc,usr_67173,desktop,1,4309.0,True,False,0.0
,781f093e-5cf5-4640-a7d8-db7bb40f2fd1,usr_01302,mobile,13,118.62,False,True,-0.6238
,bd90bdec-c84a-4fa6-8b41-59d92ba05062,usr_57939,bot_scraper,5,9.6,True,False,0.0
,b2792a82-86c7-4fe4-8719-3773681b1d53,usr_79159,desktop,8,6237.38,True,False,0.0
,ebd45453-7453-4cbd-8782-0c472b257561,usr_58238,desktop,7,5510.86,True,False,0.0
,78c25b68-e1b4-40ec-8a4b-d3430064c603,usr_89007,desktop,11,5114.0,True,True,-0.6116
,706411bc-20e7-40a3-a7fa-56d9066be47f,usr_75963,tablet,10,133.8,False,True,-0.6035
,58415c8c-22ef-4e6b-91f4-fb3d67967c90,usr_72485,desktop,11,5011.36,True,True,-0.6103
,b88bc809-e88d-447b-89c8-5372f7531ff0,usr_51931,mobile,13,126.69,False,True,-0.6186
,043eccb0-3e11-4de1-954f-2e130094b301,usr_44665,bot_scraper,3,8.67,True,False,0.0
,c0312d6d-7631-4f7a-aa32-e7c49b936443,usr_74246,mobile,14,127.36,False,True,-0.604
,60169c35-f506-4a7c-a9a5-702eca65a93f,usr_68882,tablet,9,114.89,False,True,-0.5979
,7d8eda75-aa03-4b04-a7cd-7df4552bb428,usr_02342,mobile,10,104.7,False,True,-0.5981
,86290445-62d1-40fd-9840-d8d7aed4f781,usr_42192,bot_scraper,3,11.33,True,False,0.0
,ebf4d60b-f6c9-448b-9b56-d445b81b3cd1,usr_77128,tablet,10,112.7,False,True,-0.6024
,9b62aca8-fe06-4425-a104-c30eff70b1b7,usr_50257,desktop,1,5368.0,True,False,0.0
,a67203d3-c41d-4993-b85c-182029f447ef,usr_79394,desktop,7,4200.29,True,False,0.0
,0a104ef5-232c-4e95-93d2-c3faf385dd37,usr_82659,tablet,14,116.79,False,True,-0.6268
,9fa9a181-b111-4ceb-bc32-349c43944b83,usr_04079,desktop,12,106.92,False,True,-0.6004
,7bb0eb98-cb62-4f04-ab91-446e53f20bff,usr_47932,desktop,11,115.91,False,True,-0.602
,27754d7d-b82d-4220-bdd8-a5a4daf433b5,usr_55970,desktop,13,121.0,False,True,-0.6302
,c201f979-85b3-4ae1-b275-9b8cfc02c32c,usr_29405,mobile,12,146.17,False,True,-0.6063
,4722bc87-d397-4328-a722-631157dc6057,usr_94501,desktop,7,132.43,False,True,-0.6125
,34c9485e-93e4-4a43-aaa4-5b9cebd10ab0,usr_56742,desktop,6,4578.33,True,False,0.0
,3478f42c-6e0d-4b7a-8945-65e4e05fa2df,usr_50988,mobile,14,129.07,False,True,-0.637
,962103a6-e328-4001-88e2-40a084cffdf9,usr_11168,tablet,14,119.71,False,True,-0.6195
,4b2035ba-c229-4e1d-95b8-39af9f2f6aad,usr_50407,mobile,14,134.93,False,True,-0.6072
,08da9cd7-9f70-49fb-aabe-689fe6db32a5,usr_82196,tablet,7,107.86,False,True,-0.6052
,9b62aca8-fe06-4425-a104-c30eff70b1b7,usr_50257,desktop,7,5085.0,True,False,0.0
,a67203d3-c41d-4993-b85c-182029f447ef,usr_79394,desktop,1,3615.0,True,False,0.0
,7d01f9bf-1cf3-45b8-bab7-d5ea01de6d6e,usr_85621,desktop,10,4895.8,True,False,0.0
,34c9485e-93e4-4a43-aaa4-5b9cebd10ab0,usr_56742,desktop,7,5223.0,True,False,0.0
,a325d547-5a04-4d74-ad4d-4d666ab27a15,usr_87297,mobile,1,3268.0,True,False,0.0
,83658654-0c0e-4449-9008-6ca5938893f9,usr_58814,desktop,10,98.0,False,True,-0.5981
,bc5dd967-8e1b-47b0-aa84-751cf751404a,usr_93334,bot_scraper,6,8.67,True,False,0.0
,bad6e321-8c59-43be-b2f4-fbec752888a6,usr_53135,bot_scraper,14,9.21,True,False,0.0
,d4bc1314-0b66-4b52-af65-759a1cfe715b,usr_76652,mobile,11,93.45,False,True,-0.6061
,65dbece8-db8f-4eb7-9e31-6e5a5c9baed7,usr_67984,desktop,13,114.38,False,True,-0.6117
,64637689-4026-476c-a7f6-35a46ab4cd0f,usr_17685,desktop,5,5406.6,True,False,0.0
,a325d547-5a04-4d74-ad4d-4d666ab27a15,usr_87297,mobile,9,5628.89,True,False,0.0
,53827791-8873-4bec-93fc-79a628582f6a,usr_75464,mobile,10,112.6,False,True,-0.6031
,a2cee111-2091-4bce-8a3f-3564e0119148,usr_39797,tablet,10,108.1,False,True,-0.6404
,58a70a63-8d0e-4bd4-b140-43ced509c63f,usr_29030,tablet,11,118.27,False,True,-0.6001
,bb64fd14-c41b-4fd3-a39c-7be60ff846af,usr_20396,desktop,13,113.23,False,True,-0.6154
,edbca5c1-9bc2-4081-a83a-f6426cb92f05,usr_25718,mobile,12,111.92,False,True,-0.602
,b49cca7a-2905-43aa-a5f8-24a1e9b24620,usr_13323,desktop,14,127.79,False,True,-0.6291
,fbc6e25f-168d-4d2e-ad0a-0f991d23bdad,usr_44300,bot_scraper,8,12.0,True,False,0.0
,f8794fef-0355-4957-b8fb-ee0c194d6c8d,usr_79714,tablet,11,5333.18,True,True,-0.6135
,da4e1375-8cda-48e1-b7ad-a1dd1bcacf50,usr_18978,desktop,14,128.79,False,True,-0.6321
,3215f132-9089-4952-9a9e-1c48055e3acc,usr_97293,desktop,11,118.64,False,True,-0.6001
,a894bbd1-c929-4a96-b11c-cd82d88eb682,usr_08544,desktop,4,6215.0,True,False,0.0
,2e32b37b-7536-4d02-8cf8-b61c65c6e89a,usr_12081,desktop,14,121.64,False,True,-0.6271
,48b9a794-f2b1-4253-b935-2d5c50483492,usr_35072,mobile,14,114.36,False,True,-0.6177
,130b2726-f106-4e50-ab1e-68484d9807ac,usr_82237,desktop,13,110.15,False,True,-0.6168
,8458e190-e9ef-4ca1-a9a1-b4fe97d6cf8c,usr_58338,desktop,12,122.92,False,True,-0.6115
,fc87172e-9769-42fc-a592-c1588dc7778e,usr_60935,desktop,10,4340.9,True,False,0.0
,55da7885-20ab-48f4-9ead-e46a439f9bd2,usr_39318,mobile,13,131.69,False,True,-0.6127
,f0f3aeb4-4488-4d01-abef-8268a3547d35,usr_34153,tablet,11,127.09,False,True,-0.6071
,6957c574-8836-41c9-b005-ad5d1e70c66f,usr_50113,mobile,9,105.78,False,True,-0.6259
,4e5c9bce-d788-4901-a9d2-41a72285d4a1,usr_96958,tablet,12,108.67,False,True,-0.6004
,937f8435-a69f-4feb-ab10-89bd2532f86c,usr_70120,mobile,14,133.5,False,True,-0.6367
,b1aa3bcb-c5e0-43e0-a956-37acfd131f0c,usr_82483,bot_scraper,7,8.71,True,False,0.0
,a894bbd1-c929-4a96-b11c-cd82d88eb682,usr_08544,desktop,1,5275.0,True,False,0.0
,da577b8f-e0fe-4633-8290-83a88cd36a04,usr_06540,bot_scraper,3,13.0,True,False,0.0
,7abae783-0598-49a2-9b63-c5538ef5b428,usr_72163,mobile,4,4756.0,True,False,0.0
,63648b05-1ae7-4290-90cf-ec3ab3e88532,usr_66480,mobile,11,113.18,False,True,-0.6432
,102a993b-39a4-41dc-ab1e-1b4c6fec155e,usr_86180,mobile,12,109.67,False,True,-0.6024
,9ced468a-969e-4b2b-839a-17f9b3e561ea,usr_84095,bot_scraper,10,9.9,True,False,0.0
,57ce5a82-bdf9-4a6b-a409-4236c6ad60b5,usr_76736,mobile,13,119.62,False,True,-0.6065
,8f35a63a-1d79-4a5f-b134-831331984bda,usr_62298,mobile,13,92.77,False,True,-0.6379
,af469482-ca3e-4a98-baa4-9ed8cb2b00ba,usr_93932,mobile,9,4188.67,True,False,0.0
,84ba2597-2c55-44ec-b45f-f624b6c604c3,usr_02319,bot_scraper,10,10.6,True,False,0.0
,b85bf912-0ae0-4de6-a3c6-7ab447a09d3d,usr_41285,mobile,14,103.21,False,True,-0.6404
,04ae348e-e3bf-4886-a858-3226ede300cd,usr_23572,desktop,9,110.22,False,True,-0.6122
,83d0d59c-ca4e-4c0c-a8fb-1dd81c230eb7,usr_96213,desktop,12,119.5,False,True,-0.605
,b07fd3c5-34c1-43c8-8014-a9d82f0a2930,usr_90947,tablet,13,123.92,False,True,-0.6166
,415de5f1-f36f-439c-bde7-d8c16acb81a7,usr_91527,desktop,14,4824.29,True,True,-0.6528
,88bd9ece-42d5-4d04-9aa4-549da05fe730,usr_10543,mobile,14,127.43,False,True,-0.6262
,7abae783-0598-49a2-9b63-c5538ef5b428,usr_72163,mobile,4,5500.0,True,False,0.0
,da577b8f-e0fe-4633-8290-83a88cd36a04,usr_06540,bot_scraper,3,8.33,True,False,0.0
,541f3461-4619-4a1d-b110-0dd951572c58,usr_38089,bot_scraper,7,9.29,True,False,0.0
,637d0dfb-3b3a-4888-927a-6a58a5a86fb0,usr_90060,desktop,14,130.29,False,True,-0.6074
,2fa2a308-9275-4b11-8504-bc77c9ec0f67,usr_61970,tablet,11,111.55,False,True,-0.5988
,61c928e3-d4a7-4bb0-8a4a-b0425202a5e5,usr_98339,tablet,9,110.11,False,True,-0.6254
,71d84f00-d310-4cff-8cc0-460dccd32ff0,usr_10757,tablet,6,5903.67,True,False,0.0
,e4238c56-11d3-41da-bb10-1329df488848,usr_36682,bot_scraper,11,9.91,True,False,0.0
,b7103bd1-95ea-4d06-b459-8e2c84329338,usr_14164,desktop,12,119.0,False,True,-0.6137
,4649586b-13a6-4c0c-bb10-bef9a27eff36,usr_73049,desktop,6,3396.17,True,False,0.0
,aefc5d2b-7def-4bf2-969b-db3a241c8bea,usr_76120,tablet,11,127.82,False,True,-0.6091
,7dbce518-d1e5-42fe-80b0-b0b476b245e3,usr_30074,mobile,14,111.0,False,True,-0.6723
,c24ea0ac-764d-4212-a092-be198cda7ddb,usr_77804,tablet,9,123.78,False,True,-0.6255
,5617ca2b-a728-49a9-a9d6-715dab1b8579,usr_99796,bot_scraper,5,7.8,True,False,0.0
,1ace4d9e-26ad-4a9d-8fc7-eceb17bed19d,usr_77789,desktop,10,105.3,False,True,-0.5969
,7ba0bd5d-3371-425e-bef5-f6c636fe5d7e,usr_37993,tablet,13,121.46,False,True,-0.6
,d49c5da7-34cb-4467-a667-1307a69bf0ae,usr_59333,desktop,14,114.5,False,True,-0.6041
,d08db70f-e90a-481b-bfbc-cf8bb9c066f9,usr_40243,mobile,13,134.77,False,True,-0.602
,12a7cb8e-0cb8-443c-ac2b-894811e78b8a,usr_79821,desktop,11,108.0,False,True,-0.6421
,e02e0a38-f686-4636-957b-29fd21692896,usr_61766,bot_scraper,4,8.5,True,False,0.0
,397b070f-7552-49ed-956f-af7a70fa172f,usr_03975,tablet,13,4321.15,True,True,-0.6328
,58e6a78a-a3af-430d-aec3-9bcc555164f9,usr_11401,tablet,14,118.79,False,True,-0.673
,58a23a1b-dfdc-423e-957b-8219f54cc16b,usr_85152,mobile,9,99.0,False,True,-0.6061
,7dcb8d36-506a-438b-a7a1-67656e77436d,usr_66913,mobile,11,124.55,False,True,-0.6058
,85cebdde-ef96-4544-a448-1e97cc3db004,usr_64715,desktop,13,108.08,False,True,-0.6181
,b256a6f4-5a08-441a-ba23-0c4014db8d2a,usr_48627,mobile,12,114.83,False,True,-0.6095
,caf0c0de-95b1-4678-8ad2-dd00e1e36260,usr_41451,desktop,4,3716.5,True,False,0.0
,d8810b29-19bb-40aa-a808-18037f812c28,usr_33004,mobile,10,133.4,False,True,-0.6095
,81752ef3-f681-4b4c-a4dc-afab4a88aeb3,usr_67937,mobile,2,5350.5,True,False,0.0
,1b3e411b-0173-4c52-8268-f3a27371766b,usr_89601,desktop,2,6376.5,True,False,0.0
,796a4a6f-e7d5-4967-850f-24190e898ee8,usr_30415,tablet,14,121.21,False,True,-0.6251
,67474ebf-be98-4230-b54d-1b27997c6afb,usr_61010,tablet,14,121.29,False,True,-0.6241
,aa60f876-b7ac-41b5-80d3-b38dead1d5c2,usr_87312,mobile,12,106.83,False,True,-0.6159
,74d2877b-a06f-4db7-b5de-00e81918c127,usr_05653,tablet,14,128.79,False,True,-0.6731
,76d7361c-cb10-462c-9031-ca17c01ffe4f,usr_39623,tablet,13,125.54,False,True,-0.6299
,81752ef3-f681-4b4c-a4dc-afab4a88aeb3,usr_67937,mobile,6,5295.67,True,False,0.0
,bd7b9651-907f-4336-82cd-1e197b48d559,usr_89132,mobile,12,128.42,False,True,-0.6233
,40fa9df2-a6c2-4a70-a058-064bb8b6395c,usr_65342,desktop,9,127.0,False,True,-0.6255
,43a940a1-26f3-4588-9a28-79246943e713,usr_75222,bot_scraper,3,11.0,True,False,0.0
,d1b26e30-a810-40fa-97d2-c1976326093d,usr_51949,bot_scraper,9,8.89,True,False,0.0
,ff570f7a-6838-44f3-ba9f-7e2467a3fcdd,usr_37592,tablet,11,106.18,False,True,-0.6024
,e27dad05-080d-436c-8681-826b3e67a28f,usr_69725,desktop,11,118.64,False,True,-0.6001
,03b5cf20-cbd7-4a45-a3bb-3fff8a29a806,usr_06014,bot_scraper,6,11.17,True,False,0.0
,7a59ff0f-ba83-421a-afff-50811bdd73e1,usr_34470,bot_scraper,9,8.89,True,False,0.0
,8e7a4376-f175-467a-b688-5282da4e25f7,usr_29607,desktop,12,125.0,False,True,-0.6004
,1b3e411b-0173-4c52-8268-f3a27371766b,usr_89601,desktop,11,5340.64,True,True,-0.6135
,0f928c53-f9eb-4389-94f6-efb8665822e9,usr_52588,tablet,4,5666.25,True,False,0.0
,df99b451-d756-4b3e-8828-668a49621c34,usr_95076,mobile,11,4570.27,True,True,-0.6007
,6b6bf6c0-a0e6-45fd-9c9f-cec0e9c3828d,usr_00154,tablet,3,5543.33,True,False,0.0
,d23d9eb0-095b-4ce9-9f9b-956057cfdee7,usr_76312,desktop,6,4251.33,True,False,0.0
,155c9d2e-d401-4c85-87cc-155b62dff943,usr_37782,desktop,12,5085.83,True,True,-0.6313
,b7572098-1cec-4aa7-b8b0-c16a553ab569,usr_03278,tablet,14,116.36,False,True,-0.6218
,3f518d33-9b13-4ff5-89e7-ca553f368446,usr_69336,mobile,11,125.36,False,True,-0.6085
,9c635b35-7752-412f-ae3e-79c3f9d4d5bb,usr_90675,mobile,12,123.08,False,True,-0.6065
,f179ca80-e73e-4257-8193-765755b39f2d,usr_17089,desktop,11,107.64,False,True,-0.6109
,392ba3fb-45ab-420c-8787-e98d0957d638,usr_76434,mobile,11,96.36,False,True,-0.6154
,f32ac19a-ba5d-4b73-a308-8ec223757c23,usr_36689,tablet,13,123.92,False,True,-0.6173
,0f928c53-f9eb-4389-94f6-efb8665822e9,usr_52588,tablet,1,6207.0,True,False,0.0
,155c9d2e-d401-4c85-87cc-155b62dff943,usr_37782,desktop,1,7241.0,True,False,0.0
,df99b451-d756-4b3e-8828-668a49621c34,usr_95076,mobile,1,3309.0,True,False,0.0
,69c52dcc-ddf7-419f-bc65-bed6bbfd4882,usr_41751,mobile,14,134.0,False,True,-0.6119
,56c4b48b-e2d7-4177-a153-7cb0acff7be4,usr_37219,tablet,14,127.86,False,True,-0.6087
,879aa2fa-1472-4743-9bf3-3cb475c65dac,usr_42595,tablet,10,4898.4,True,False,0.0
,2a1c0bc7-b9cd-460a-a899-6f7f516db8e8,usr_46402,desktop,12,109.08,False,True,-0.6096
,2da27f75-02da-4a39-97a8-1830c18d7000,usr_55273,desktop,9,4752.44,True,False,0.0
,df38aa0d-fd63-45e2-9c45-1e44da54a4da,usr_97218,tablet,12,123.58,False,True,-0.6506
,053193d8-18f8-4f05-b751-70b7b27c7d16,usr_65308,bot_scraper,12,8.75,True,False,0.0
,21f11db7-e3c0-4f97-ae51-6a9cdf94ba65,usr_68851,tablet,13,135.15,False,True,-0.6147
,98fda712-f0c8-4760-ad26-d9c437525016,usr_68933,desktop,10,129.4,False,True,-0.6015
,07732f44-96b3-4ac3-9c2d-e8027f47696e,usr_55990,mobile,10,109.1,False,True,-0.64
,f3524406-2be5-4223-8690-29eb7c0499e8,usr_78632,mobile,14,105.79,False,True,-0.6521
,ba19a087-d6dd-46a4-9288-d8abb6b2513d,usr_37237,tablet,14,131.36,False,True,-0.6133
,c7843935-39a8-4ae7-986d-9e8312d41ee3,usr_94507,tablet,14,5006.43,True,True,-0.6584
,1931364c-3473-4bf3-969b-a0d00c8d3a00,usr_71477,bot_scraper,3,4.67,True,False,0.0
,6510032f-0f3f-456a-acb9-d592c0fd753d,usr_52882,bot_scraper,4,9.5,True,False,0.0
,48d72e30-4f0b-404f-adde-4848443e4777,usr_53070,desktop,11,119.36,False,True,-0.6001
,3175e24f-e5f6-4da1-ac1b-046ccf7e3565,usr_33704,mobile,5,3864.0,True,False,0.0
,96392903-fa06-462d-9ce2-5f6362dca70a,usr_03837,bot_scraper,7,9.29,True,False,0.0
,3175e24f-e5f6-4da1-ac1b-046ccf7e3565,usr_33704,mobile,3,4872.67,True,False,0.0
,53abc8b6-f692-4e9f-8892-a01a326f3b9e,usr_25542,tablet,9,111.89,False,True,-0.6254
,d8796aa7-e9b0-4145-b543-bbc19a49fe8e,usr_63181,bot_scraper,12,9.58,True,False,0.0
,b2e85932-ed4a-4956-8aff-b451c6441748,usr_94536,tablet,2,4344.0,True,False,0.0
,4e8ee58d-680c-4854-ab7b-0a64e49929fa,usr_87198,bot_scraper,6,8.17,True,False,0.0
,5a8c090c-32a1-4d77-8e0c-0339004eb134,usr_35910,mobile,11,119.91,False,True,-0.6065
,56f6e7cb-d1d4-43a3-87c7-467d95735406,usr_61131,bot_scraper,12,8.25,True,False,0.0
,8c497e08-8da1-4c8a-9b60-210ee3dcd95d,usr_21849,tablet,14,123.79,False,True,-0.6164
,0ef67f6a-06da-4c9a-96bb-8c0e8348031f,usr_31617,mobile,13,122.77,False,True,-0.631
,4b939d0e-2c9a-49bd-a72e-06939467e1e1,usr_83796,tablet,9,113.89,False,True,-0.6254
,fa7c3763-08f5-443b-a4f6-23df061d091d,usr_33492,desktop,11,116.55,False,True,-0.6007
,4d323b8c-dbfd-4e82-963b-8bdbf293e8a4,usr_98787,tablet,12,4599.17,True,True,-0.6239
,bd1f4d46-655e-4206-986d-ef292f662003,usr_02655,desktop,11,4599.27,True,True,-0.6007
,10ac9001-86c1-491c-9f38-4eeb6c20b5d1,usr_77379,mobile,11,136.73,False,True,-0.6007
,35c8b96a-f3bf-4a59-b446-84baf2abb9ea,usr_35224,mobile,13,5519.31,True,True,-0.6487
,d5f2163e-3e37-4ac7-8b0b-9d029b562016,usr_39855,tablet,14,115.43,False,True,-0.6111
,6e7ff137-38ff-4621-b5be-6b8baf67c357,usr_94849,mobile,14,129.57,False,True,-0.6074
,915a986e-b8e3-4fd3-9489-64d482386d2d,usr_92503,bot_scraper,6,10.5,True,False,0.0
,9519d822-cf49-49b7-b8bc-59ebbdd9d1d9,usr_57353,tablet,12,128.08,False,True,-0.616
,4e8ee58d-680c-4854-ab7b-0a64e49929fa,usr_87198,bot_scraper,3,8.0,True,False,0.0
,b2e85932-ed4a-4956-8aff-b451c6441748,usr_94536,tablet,10,5893.3,True,True,-0.6098
,ee3c7e28-88f1-4d3a-9f80-968d57646452,usr_66707,mobile,6,4590.0,True,False,0.0
,f12d32f1-4406-4b31-a57a-0295eb2f46ba,usr_45263,tablet,13,116.54,False,True,-0.6108
,8116eda1-5ffc-4aa4-9617-32cc35dc8103,usr_96874,desktop,14,122.21,False,True,-0.6237
,24804ce0-24ff-47b4-b25f-4d8a30f2c946,usr_02194,mobile,14,123.29,False,True,-0.6278
,bd1f4d46-655e-4206-986d-ef292f662003,usr_02655,desktop,1,3014.0,True,False,0.0
,4d323b8c-dbfd-4e82-963b-8bdbf293e8a4,usr_98787,tablet,2,2611.5,True,False,0.0
,355f3b1d-258d-4e72-b7d6-5acb89eb5032,usr_44031,tablet,1,5227.0,True,False,0.0
,bd37bebe-2639-4744-b45d-213fd8ddcc3f,usr_41849,tablet,6,4065.33,True,False,0.0
,7406ed12-5267-48c0-9d73-fc99d890b7ff,usr_37297,mobile,11,123.18,False,True,-0.6433
,c3b84ef4-7007-4b4e-8abe-2409fff46c8a,usr_08494,mobile,14,105.93,False,True,-0.619
,528d88dc-8de5-453e-aab4-1c900066d51e,usr_24677,mobile,14,127.93,False,True,-0.6197
,4b09c6fe-c788-430c-8d2b-6c9771e823ec,usr_35161,tablet,12,122.08,False,True,-0.5997
,ee4c7b91-d3b7-4545-83d3-68ab5fc9deaa,usr_65449,mobile,13,118.46,False,True,-0.631
,0b2036f4-5ffc-4bbe-9cca-d10021160d17,usr_25130,mobile,14,113.29,False,True,-0.6258
,ee3c7e28-88f1-4d3a-9f80-968d57646452,usr_66707,mobile,3,4832.0,True,False,0.0
,db1fef1c-f011-411a-8dbe-6aa78e509ced,usr_77782,mobile,10,134.8,False,True,-0.6095
,cdec9f74-1b68-4bb3-892c-8488eae1c475,usr_27254,desktop,10,110.6,False,True,-0.6415
,cc851d00-72e6-4fdd-b86b-0c079e67e009,usr_05377,mobile,12,4786.0,True,True,-0.6259
,32ac4cac-0201-4ee0-b273-e2514476d509,usr_37451,mobile,13,126.0,False,True,-0.6589
,bc4fd593-29cc-4bfb-95d2-75ded4d7944c,usr_61818,mobile,13,122.69,False,True,-0.6042
,355f3b1d-258d-4e72-b7d6-5acb89eb5032,usr_44031,tablet,13,5422.38,True,True,-0.6473
,bd37bebe-2639-4744-b45d-213fd8ddcc3f,usr_41849,tablet,2,4116.5,True,False,0.0
,6f787ecf-5f34-41f8-a5a0-9a4bcdb645ae,usr_79457,mobile,14,130.57,False,True,-0.6345
,726b990a-96d5-43f0-9aca-5ed5ec3d529d,usr_45599,desktop,12,5229.58,True,True,-0.6319
,214a013e-1622-4831-bac3-6ce7725cf269,usr_09283,tablet,12,102.33,False,True,-0.6204
,35cfd9ba-0729-4be0-a83e-7baef1b7894d,usr_46753,tablet,11,109.45,False,True,-0.5977
,6b3b4c1a-d8c4-4ed2-90ed-9379e06d47c2,usr_42847,tablet,12,113.08,False,True,-0.619
,cc69dd08-cf8b-44eb-87b8-666ab237c6c7,usr_75965,mobile,11,106.27,False,True,-0.5978
,18b6ba48-d0e0-4f74-9ad3-de631dae1d26,usr_13327,mobile,13,130.54,False,True,-0.6188
,28efa835-18e7-4a5f-b244-e16be7a2f372,usr_13511,tablet,13,123.15,False,True,-0.6042
,2983089c-8c5e-41f5-8071-41b74eb0d7a2,usr_50762,mobile,12,116.67,False,True,-0.6057
,e454a130-427b-4071-8b5b-f1cabdba0318,usr_94794,tablet,13,115.69,False,True,-0.6121
,12631c2f-2e0e-42ae-b896-7f979f4215f8,usr_92244,desktop,10,122.7,False,True,-0.6028
,63d24b73-fad3-49d4-a95a-968ebc26f1a6,usr_72012,desktop,13,4930.23,True,True,-0.643
,02ad3de9-fbdb-456e-8bb9-60ba257551ad,usr_76809,mobile,11,117.64,False,True,-0.6008
,41387c10-4818-4855-9876-08588706b604,usr_67923,bot_scraper,11,10.09,True,False,0.0
,60b63b63-14a5-428d-9976-49489d8879bc,usr_48597,bot_scraper,10,7.4,True,False,0.0
,fb1ddafd-acf4-426c-baee-ca1947c276e4,usr_79979,mobile,14,4624.5,True,True,-0.6507
,f7ea0453-72a9-4b64-bf4e-d85e8408ab22,usr_49828,tablet,6,4271.83,True,False,0.0
,299e99d6-8e8d-472e-b890-754f6b2819a8,usr_10225,tablet,10,5515.6,True,True,-0.5999
,24787f83-e073-4ced-8f04-2cb81b9494c8,usr_96821,bot_scraper,6,11.67,True,False,0.0
,e9b2ff97-d461-4cbc-8345-d7353305550b,usr_18792,tablet,12,115.5,False,True,-0.6491
,7392902c-be11-4332-ade3-46ab38cab8dc,usr_46189,mobile,8,104.75,False,True,-0.613
,6ffbfb47-f895-4ef4-8648-6f48781e7fe7,usr_71970,tablet,11,129.55,False,True,-0.6204
,0de956b5-e113-40c5-a885-b8ab104f8b59,usr_46999,tablet,9,106.44,False,True,-0.6014
,3733033e-b8aa-44d7-99f4-f2be834e1685,usr_57660,mobile,13,121.08,False,True,-0.6036
,419dcce2-218d-4159-88ab-08f8f71a791a,usr_48201,bot_scraper,2,10.5,True,False,0.0
,357cb93d-c1ce-49a5-92a6-e61475e29729,usr_44196,mobile,13,117.0,False,True,-0.6574
,66bc4a53-c7bc-4d78-b353-e61c335598cb,usr_30405,bot_scraper,14,11.0,True,False,0.0
,576e192c-4855-4e29-bd0e-efb2978287a1,usr_56024,desktop,12,122.25,False,True,-0.6506
,9ae7ab8a-9e91-4f6f-b033-af33c4af984e,usr_58961,desktop,6,3603.33,True,False,0.0
,e1146bd8-eb07-4600-9159-2179b41b5ce7,usr_28314,tablet,11,104.45,False,True,-0.6135
,1593e462-3a4d-4d6e-bfaf-8fff5ea54c1e,usr_20362,mobile,14,111.21,False,True,-0.6451
,d5dc5fc8-e95f-46c0-a5b1-3cbbbc42621e,usr_74319,desktop,12,108.83,False,True,-0.6159
,f26ce4ca-3e82-4574-8ca4-65c22edf16cd,usr_35832,bot_scraper,12,8.17,True,False,0.0
,419dcce2-218d-4159-88ab-08f8f71a791a,usr_48201,bot_scraper,7,10.43,True,False,0.0
,d900919c-5119-4cf2-b1be-680d352932d7,usr_58077,tablet,12,101.0,False,True,-0.6054
,3bfeb981-e927-4927-845c-48063d82e5e9,usr_51050,desktop,13,4660.92,True,True,-0.6354
,f1dc4629-525b-41a6-abd7-174da85c844e,usr_88444,tablet,12,128.42,False,True,-0.6048
,4f52a3b8-8437-4de7-a71e-78dc58b66e23,usr_27059,bot_scraper,1,13.0,True,False,0.0
,1f4bc3cf-d154-4e49-b397-ccfee4614197,usr_65444,desktop,3,5083.33,True,False,0.0
,681f6728-4726-4ed1-adc6-fc538e89c8fd,usr_87110,tablet,10,111.2,False,True,-0.6415
,0873958d-0e47-4531-a07a-10010f89bb69,usr_41814,mobile,14,106.86,False,True,-0.6324
,2f24865e-8a1c-4bfd-8045-1bc6a0766942,usr_29144,tablet,12,107.33,False,True,-0.6159
,1cc02760-a2ad-4592-ad7c-fbb7a95f1924,usr_76486,mobile,14,113.64,False,True,-0.6271
,2288bc2f-f1a6-46d2-ad09-522afcd8082b,usr_06268,tablet,10,4724.0,True,False,0.0
,328de9e0-ecd6-4644-90a8-2eb83933dc7f,usr_84930,tablet,9,4866.56,True,False,0.0
,16134900-636f-4a88-8cc6-9e7e17322882,usr_18544,tablet,10,121.9,False,True,-0.6018
,05a607f2-9d8f-4bfa-8b01-9b44e027e1e6,usr_40305,tablet,7,5555.29,True,False,0.0
,feabb32d-1f46-4071-a82c-85d2355dfef5,usr_45159,tablet,11,115.55,False,True,-0.602
,b4291379-737b-4780-b661-53455a3b12c9,usr_73329,tablet,13,120.23,False,True,-0.6078
,31661eed-2850-45e3-a7c3-71dbbda974ef,usr_77418,mobile,12,122.58,False,True,-0.5978
,4f52a3b8-8437-4de7-a71e-78dc58b66e23,usr_27059,bot_scraper,5,8.2,True,False,0.0
,1f4bc3cf-d154-4e49-b397-ccfee4614197,usr_65444,desktop,8,6069.12,True,False,0.0
,206522e6-e67d-4a29-8e10-e5c4de0446bc,usr_92871,bot_scraper,5,9.8,True,False,0.0
,0669f7ab-b789-4bab-9dc5-dd79bae4778b,usr_59112,mobile,11,129.18,False,True,-0.6433
,0a602349-9aff-49a4-9e44-d994504db714,usr_78132,mobile,9,5202.89,True,False,0.0
,72267dc6-e615-45dd-9b60-0d13abfaf200,usr_36561,mobile,13,107.46,False,True,-0.6174
,5869f2e8-d678-4557-a445-99123c5a2e84,usr_83810,tablet,14,131.0,False,True,-0.5996
,fcda5e4e-7419-4773-970e-de46e959a3a9,usr_51328,desktop,14,130.71,False,True,-0.6345
,c385369f-e1cc-490a-85e4-3d9a83da60e0,usr_78570,bot_scraper,12,10.33,True,False,0.0
,58f7e970-b2d9-4fd1-b8e7-ab27b1c75e2c,usr_31593,mobile,13,121.77,False,True,-0.631
,c16ce3c0-4e27-48cd-952f-e3db1f1f0a1f,usr_39554,mobile,14,134.43,False,True,-0.6119
,28da9456-39aa-47ec-8896-514846115160,usr_56291,desktop,11,115.73,False,True,-0.6085
,b9550413-d0d8-4bbf-8bdb-bd1f970fa088,usr_31727,desktop,13,127.62,False,True,-0.6323
,c90769aa-d508-4e43-9faf-0d7d9e609e90,usr_89325,tablet,10,132.9,False,True,-0.6083
,05a607f2-9d8f-4bfa-8b01-9b44e027e1e6,usr_40305,tablet,4,3706.5,True,False,0.0
,f05a47e5-261d-4f90-aac4-3c9b91f15b91,usr_15525,desktop,7,6035.14,True,False,0.0
,7a386b65-cb1e-4978-9d5e-e8ad92ced455,usr_64289,mobile,3,5024.33,True,False,0.0
,cb230a33-0ac6-41a0-9cb9-c8ee8939b0ea,usr_90532,desktop,11,133.64,False,True,-0.6032
,06503edb-c4f7-4813-81d1-71f3d437114f,usr_99584,tablet,12,120.17,False,True,-0.6069
,a500618a-59ff-4faa-becd-8f4c9cf4e347,usr_44345,tablet,13,111.54,False,True,-0.6304
,da49b9c4-79f9-45f4-8818-153ee48329ac,usr_52563,tablet,11,105.0,False,True,-0.6075
,18052222-283b-46f8-8280-443691bd0719,usr_63777,tablet,3,4096.67,True,False,0.0
,206522e6-e67d-4a29-8e10-e5c4de0446bc,usr_92871,bot_scraper,6,12.33,True,False,0.0
,a3977f83-2b62-4491-82ef-e58cd9ae3465,usr_24304,mobile,14,108.57,False,True,-0.6317
,72eeae26-3357-46ec-bfd6-cba0c84902dc,usr_28557,tablet,10,120.6,False,True,-0.6015
,f05a47e5-261d-4f90-aac4-3c9b91f15b91,usr_15525,desktop,4,5702.75,True,False,0.0
,0f45ad50-a857-4cd1-b281-e56ba1c02b41,usr_72253,bot_scraper,2,12.5,True,False,0.0
,c4373ed3-2b17-4deb-9752-28a3cf8334cf,usr_18827,desktop,5,5033.6,True,False,0.0
,20a798fc-de43-4b9e-9be9-03eb3bc1acde,usr_93053,tablet,4,5905.75,True,False,0.0
,66a6664c-b585-4429-9e17-19a74acc963c,usr_20970,desktop,11,124.73,False,True,-0.6045
,b3662eb2-7170-4ffb-8d45-9c080e6ab4e5,usr_96759,desktop,10,139.4,False,True,-0.6035
,4cb9131f-2609-4297-9309-7b55e420dabc,usr_65567,tablet,13,118.85,False,True,-0.5996
,8cb69bfd-ca0b-431c-a346-a3518f7225a0,usr_38947,desktop,9,107.67,False,True,-0.6259
,0f45ad50-a857-4cd1-b281-e56ba1c02b41,usr_72253,bot_scraper,6,6.33,True,False,0.0
,68c71d5f-645a-4abe-baff-217f82c56cd4,usr_87620,tablet,10,128.7,False,True,-0.5991
,9be1433b-0f85-4e74-9429-3031d13565bc,usr_39710,desktop,12,110.67,False,True,-0.6116
,878c8c17-ea5a-4a23-927b-702871d4b787,usr_67173,mobile,4,4018.75,True,False,0.0
,cc88dbd1-a929-4728-a4bb-b1a9d299aa3b,usr_47058,desktop,12,109.25,False,True,-0.6088
,ddff7d6c-1f0e-440a-bac9-dcb4c309c2f0,usr_36134,desktop,14,121.79,False,True,-0.658
,4ac0677e-19d9-482e-be96-bed8d2119745,usr_43439,bot_scraper,11,9.27,True,False,0.0
,9b324b47-d06b-4f2a-9201-5d7919b50c6a,usr_59911,mobile,14,113.29,False,True,-0.6723
,e6cc1bab-a8fb-4799-8f05-a31b906192de,usr_23376,mobile,9,5813.56,True,True,-0.5978
,29981dae-02f4-4e11-8399-401e3fcdb41c,usr_44992,desktop,8,5183.25,True,False,0.0
,6e6493f9-ec21-463e-bdd5-0c15a5e962f5,usr_19700,desktop,14,113.21,False,True,-0.6143
,fead4fee-70e3-4b70-a682-773ce2e5c603,usr_06179,tablet,14,121.57,False,True,-0.6145
,fa16cc4f-9392-4180-bcad-dede7ab91653,usr_65638,mobile,14,118.29,False,True,-0.6118
,413dab8e-7444-4f43-900f-84491dba2341,usr_08409,mobile,10,3381.8,True,False,0.0
,3de5420a-c6ac-46c4-bfc8-7c7f12520464,usr_95732,mobile,14,108.93,False,True,-0.608
,adcef38b-cf79-474d-ab12-c28246be288a,usr_72393,mobile,14,125.21,False,True,-0.6184
,827d5b87-9691-4a23-9d74-149ab8e255a0,usr_06459,mobile,10,140.0,False,True,-0.6035
,f3e377f6-910a-4580-b465-25c7c6f99132,usr_68096,desktop,13,109.15,False,True,-0.6044
,29625978-1345-4ad4-bafb-20cb9402e8e7,usr_21009,tablet,10,4987.3,True,False,0.0
,850060a3-aab0-4f9c-95ae-bfc8d023a312,usr_83904,bot_scraper,9,11.11,True,False,0.0
,8cb353c5-a978-438b-af8b-be4a2740219b,usr_27731,desktop,4,4563.0,True,False,0.0
,5ce6b241-0e64-4600-8b2b-760e1c57560b,usr_48877,mobile,11,115.18,False,True,-0.6425
,d350c2da-6cc1-47b1-bf75-7a1def106744,usr_38574,desktop,14,123.5,False,True,-0.6032
,02e32c25-b6c1-4f2f-a7ba-7ccd8bb88c5a,usr_56582,mobile,3,3413.33,True,False,0.0
,aca3d5ee-8469-4c66-968f-8361dcf2d734,usr_44467,tablet,14,5249.93,True,True,-0.6591
,b206d489-e745-4ca1-93e8-fe970e7d0c0a,usr_83123,mobile,11,116.55,False,True,-0.6007
,1ff6e086-58dc-4eb9-b86b-acd2462dad7e,usr_92948,desktop,11,128.36,False,True,-0.6117
,2837b885-f21d-4c28-a1c1-306dffc7e35a,usr_74351,tablet,11,5056.64,True,True,-0.6109
,eaa4a3f0-7a45-4389-993f-c2bd5e26699b,usr_81054,mobile,12,128.33,False,True,-0.6173
,775f7757-c129-4f00-9f2d-0ff215621148,usr_89393,tablet,13,142.69,False,True,-0.636
,4179c453-d3b8-46ae-8c2b-77dd1ae9c53d,usr_48941,mobile,5,5418.0,True,False,0.0
,f1baa781-db9b-4074-9642-d7dfe4abece4,usr_99794,tablet,11,100.27,False,True,-0.6028
,2ede880d-973b-4388-9a93-4b48c73a265b,usr_46076,mobile,14,118.57,False,True,-0.6212
,582cc166-211c-41cf-a1c8-84fd4712214e,usr_53192,mobile,7,131.29,False,True,-0.611
,56b7888f-232a-4bea-917f-d6e3b1351351,usr_40893,desktop,11,119.82,False,True,-0.6014
,266e8544-95a6-4624-8749-dc4bbfcd81e2,usr_95504,tablet,8,4589.0,True,False,0.0
,a93bd14f-e674-49b9-a115-3af365ccf866,usr_46522,tablet,14,106.29,False,True,-0.6181
,4f28d81f-f838-468a-a1cd-7fb7e7cc4305,usr_36035,desktop,12,5349.92,True,True,-0.6376
,9d0cf366-eb37-4824-b497-faf7e55a19a3,usr_80313,desktop,13,114.15,False,True,-0.6117
,2837b885-f21d-4c28-a1c1-306dffc7e35a,usr_74351,tablet,3,4927.0,True,False,0.0
,d9f63cac-082a-4670-999d-1693d76c29b8,usr_23804,bot_scraper,4,11.25,True,False,0.0
,5fb8e2f4-a84f-4b89-80fa-0405bbd074ea,usr_46929,desktop,10,134.0,False,True,-0.6469
,e5af80b2-89fb-4343-8222-5e96aefc3302,usr_59478,mobile,14,120.93,False,True,-0.6251
,2665212d-bddc-40e1-9931-1128c69ac38f,usr_28204,mobile,9,102.33,False,True,-0.6224
,cd64e1b5-2691-4d87-93c2-c6bf6058b565,usr_67640,bot_scraper,3,7.0,True,False,0.0
,084e66b2-5911-4d26-a74e-07e8a1be0397,usr_65232,bot_scraper,7,6.57,True,False,0.0
,2224f502-bdb5-4689-977c-c938482f339c,usr_31442,mobile,14,128.14,False,True,-0.6325
,ef6fb619-4b09-42f5-bf46-fb47b14ac6d5,usr_56511,bot_scraper,8,7.38,True,False,0.0
,a531321f-d529-4d3a-86a6-63c0563aec64,usr_19279,desktop,13,122.77,False,True,-0.6292
,c056c2f0-fbd0-4afd-be94-394214939011,usr_12779,tablet,14,113.93,False,True,-0.61
,b82fe3a9-b89d-437e-aa34-d1917b272c5f,usr_50220,tablet,11,121.45,False,True,-0.6052
,86bcd9f3-ca96-4165-ac6c-644d2cbad05c,usr_80968,desktop,14,132.36,False,True,-0.665
,1ac39594-00c5-4b21-999d-5534b2ffe5bb,usr_49803,bot_scraper,8,10.62,True,False,0.0
,97327140-165e-404c-9742-b5f6e64bc69c,usr_40878,tablet,12,128.42,False,True,-0.6042
,10f9dabe-1cd5-4ef3-b6d4-a2230985bf06,usr_91086,desktop,13,120.15,False,True,-0.5973
,b5f171ff-a709-4171-b2a0-7202fec64927,usr_44472,mobile,11,6246.64,True,True,-0.6254
,3c92c886-0ea9-415f-a62d-b4c5a75db187,usr_05146,desktop,13,119.62,False,True,-0.6058
,1f467fb8-7b0d-4e4b-a063-334e3db53ef6,usr_68415,bot_scraper,3,10.0,True,False,0.0
,34cf054a-23f1-49f9-bef5-d020213c7369,usr_46984,tablet,11,109.18,False,True,-0.6109
,e185cc72-fa39-4d26-8022-8ab6fb5d09bf,usr_58648,mobile,11,127.18,False,True,-0.5985
,2cebe9cd-eaaf-441e-a2e0-a2034e5b1c49,usr_46220,mobile,13,114.38,False,True,-0.6238
,0636bff2-20da-4d2c-97b6-782511b50581,usr_53414,mobile,14,115.21,False,True,-0.6232
,1ac39594-00c5-4b21-999d-5534b2ffe5bb,usr_49803,bot_scraper,5,8.8,True,False,0.0
,0b79c729-4902-4126-a0a9-63ef7be4f28c,usr_39142,mobile,14,111.14,False,True,-0.6517
,1ce158ab-b055-4e64-bbaf-658700c08c53,usr_46379,tablet,9,113.33,False,True,-0.6254
,8b96b517-933c-454e-ac61-df85dce3c187,usr_40511,bot_scraper,13,7.92,True,False,0.0
,1d53e5b2-8cfc-4d53-b814-df496766e846,usr_41916,mobile,3,4324.67,True,False,0.0
,74a18759-67c0-4d5e-ad0d-2d93c2cc916b,usr_10506,mobile,14,120.36,False,True,-0.6048
,4bbecc3f-00a6-4cd0-8fdf-2322f0463e0d,usr_66917,tablet,13,107.38,False,True,-0.6085
,0b055a9c-8eb7-4ac2-969b-4252cc115be8,usr_24984,tablet,13,108.31,False,True,-0.6085
,3d4a7d70-5752-4e1b-b4a6-50bcf679688b,usr_01881,tablet,10,122.8,False,True,-0.6097
,3826be49-e0a5-4598-aac1-d1ea13ffe886,usr_26589,bot_scraper,2,5.5,True,False,0.0
,3e56fa8b-9884-4ac8-8166-adc1f8f948cc,usr_80712,bot_scraper,6,8.17,True,False,0.0
,37a960a2-f2b4-4bf0-9601-345eb4e7b93a,usr_84610,mobile,12,117.42,False,True,-0.6037
,51e8b529-125d-4e22-bfc9-5bcb26e82519,usr_60725,tablet,12,128.17,False,True,-0.616
,e8091c72-dd4f-41fb-82c6-0996255e8ee3,usr_49759,desktop,13,122.92,False,True,-0.6061
,3826be49-e0a5-4598-aac1-d1ea13ffe886,usr_26589,bot_scraper,11,8.64,True,False,0.0
,f5a78ae5-aec3-4e50-b727-691687e72f98,usr_61570,mobile,3,4717.33,True,False,0.0
,76f75f01-cff1-42b7-9dad-5beca473b4c4,usr_86135,bot_scraper,5,10.4,True,False,0.0
,55c7f32d-6277-4a3c-b33b-c42d38bd22fd,usr_54197,mobile,13,113.77,False,True,-0.6163
,59fc1f98-75a2-4186-89c1-485a92a26516,usr_25748,tablet,14,120.86,False,True,-0.6288
,26e3a769-c757-4b65-b767-b82325dd8f4b,usr_90679,mobile,12,122.0,False,True,-0.6058
,3e56fa8b-9884-4ac8-8166-adc1f8f948cc,usr_80712,bot_scraper,8,10.0,True,False,0.0
,2b9ae26a-9785-4029-aaf6-ac65c88850b4,usr_96999,tablet,6,5020.33,True,False,0.0
,6d94abc8-d888-4bc9-a6ed-67e03f948657,usr_64306,tablet,12,119.0,False,True,-0.6001
,dc63c466-6213-40e1-8224-1bde12b62e36,usr_64931,desktop,13,117.54,False,True,-0.6095
,f1ab1ef2-6277-458e-a46c-75ea32425251,usr_56225,desktop,11,127.82,False,True,-0.6091
,b39fae55-1b68-49df-9c5e-00607e05435e,usr_69478,tablet,11,118.64,False,True,-0.6033
,83dca66e-faae-49ed-b5ba-298aa1513e10,usr_97741,desktop,4,5443.0,True,False,0.0
,65d7193b-eca7-4b93-932a-212e2489754a,usr_45157,tablet,13,119.08,False,True,-0.6588
,fbdaa777-fd0c-4958-96cc-ca37d97ba733,usr_30156,tablet,13,124.62,False,True,-0.6042
,67692121-aaa8-44ac-8af8-4b6c2287a395,usr_40890,tablet,10,130.9,False,True,-0.6021
,4bb2d628-07eb-4690-9c0d-6947e8921167,usr_38515,mobile,11,121.27,False,True,-0.608
,63141045-830a-4759-97a3-0372307ecfc0,usr_84643,mobile,10,110.8,False,True,-0.6152
,2891f281-2a85-4158-a8c9-d706370805c8,usr_99510,desktop,4,4788.0,True,False,0.0
,1a174c86-bae7-4093-849a-d8f3ba1ecfca,usr_03591,tablet,11,122.36,False,True,-0.6073
,cf2b6161-8f4e-4c36-bbc2-18a701320349,usr_59311,tablet,12,125.33,False,True,-0.6115
,95e7e0a7-dca6-4d1c-8e91-641be3913b38,usr_62997,mobile,11,119.45,False,True,-0.6001
,05a623ce-51ff-460b-b6da-a0df2ed2eb54,usr_06789,tablet,14,137.07,False,True,-0.6787
,57f5272d-514f-460f-b94c-4ed8978fe6f0,usr_64755,tablet,11,5304.91,True,True,-0.6116
,3d34364b-40c8-4582-8d86-c5814deb35af,usr_21531,tablet,14,5195.29,True,True,-0.6591
,259449b8-9959-4d52-951a-c026116e6d7c,usr_19015,desktop,8,5193.62,True,False,0.0
,da0aae64-1501-48b4-a49a-350fcbd7cb3d,usr_75903,mobile,13,129.77,False,True,-0.6126
,5878266b-696a-49ff-b534-2c48a2abee27,usr_01037,mobile,8,5731.12,True,False,0.0
,b4cae3b2-2203-4f4a-8c68-08add5607818,usr_26993,tablet,13,124.92,False,True,-0.6061
,bb9659dc-cba0-4d68-aeca-c9e05c966b43,usr_73871,tablet,14,111.21,False,True,-0.6026
,9b8f8bc3-1698-478e-ae12-9dc631456283,usr_84626,mobile,3,4930.67,True,False,0.0
,b1cd5bc5-b99a-4df8-b016-d8ecf979e0d8,usr_96627,tablet,11,130.0,False,True,-0.6012
,167e931a-a8a4-4306-adfa-6d2a4ef80bda,usr_56359,mobile,13,110.77,False,True,-0.6581
,b8cb3bc1-140c-40c6-a460-9a1b0b95105d,usr_09083,mobile,11,135.55,False,True,-0.6144
,6da81eab-3a97-4346-aaed-0a3091f04af4,usr_85269,tablet,4,5225.5,True,False,0.0
,9b8f8bc3-1698-478e-ae12-9dc631456283,usr_84626,mobile,10,4544.6,True,False,0.0
,07596f81-2de3-4e3f-8086-962811468c59,usr_21478,bot_scraper,5,7.8,True,False,0.0
,c172a92b-2393-49ef-9c9d-4db8bfabcae8,usr_52877,desktop,14,114.57,False,True,-0.6265
,7c11de6a-e29f-43c4-8ff4-294a4beb5dbe,usr_38018,tablet,13,140.08,False,True,-0.5983
,321276ed-9db5-4a2c-b44f-bc999b78ad9b,usr_17223,tablet,1,4227.0,True,False,0.0
,a2534753-bd56-4e93-882b-24ac4d9b06e3,usr_65660,desktop,12,115.92,False,True,-0.6069
,bfe25faa-8d01-423f-a293-93cf8399d620,usr_00077,tablet,13,129.15,False,True,-0.6589
,81c2954f-59b4-4fd2-a53a-91967e9f63d1,usr_90433,desktop,13,122.31,False,True,-0.6292
,9d729b99-bb04-4017-b8a1-2323a9cfe963,usr_00755,mobile,14,109.21,False,True,-0.6708
,8882e88a-f3fd-4a97-9c2c-bb689b45f278,usr_13990,mobile,13,111.08,False,True,-0.6304
,2e5d7833-c538-4db7-8e46-6d81a2b3d6c4,usr_39489,mobile,12,138.0,False,True,-0.615
,8e830e03-e1f7-4343-a620-88c80e97a27a,usr_05585,mobile,14,122.43,False,True,-0.6243
,321276ed-9db5-4a2c-b44f-bc999b78ad9b,usr_17223,tablet,6,5709.5,True,False,0.0
,e3cff3fe-b88f-4a2d-bb06-367e4b6141ab,usr_82800,desktop,3,3252.0,True,False,0.0
,a0b7f511-a6d3-46ab-9ad1-4c880cc4962e,usr_56507,mobile,13,135.38,False,True,-0.6299
,89d0de01-ed4c-4a67-9c86-abd02b964c30,usr_81477,bot_scraper,7,10.29,True,False,0.0
,3dec4540-a428-4c7c-8d5a-25e0c3294d97,usr_40452,tablet,13,105.38,False,True,-0.6386
,6483367a-b67a-41fe-b6af-e95e21968db7,usr_47943,tablet,14,119.93,False,True,-0.6225
,c60b56c4-8984-4452-8c21-609b3b71cc21,usr_78809,mobile,14,120.07,False,True,-0.6111
,e4a6f9df-ac3c-46f1-8fd6-d85b38f90650,usr_90732,mobile,13,114.77,False,True,-0.6034
,a576870f-6ae4-41e3-a39b-e6ec423bdd52,usr_12999,desktop,12,129.42,False,True,-0.6166
,2eddf68c-018a-4393-aa6b-cd27fa28a195,usr_75318,tablet,12,117.08,False,True,-0.605
,31e4f071-493d-4d25-81ce-58ae11387a7f,usr_57463,tablet,13,115.08,False,True,-0.5973
,e3cff3fe-b88f-4a2d-bb06-367e4b6141ab,usr_82800,desktop,8,4690.12,True,False,0.0
,bb919311-1630-417a-951a-7cf0978657fb,usr_51602,tablet,10,5411.1,True,True,-0.598
,25889f2c-bd62-4d20-9f1d-7d0ff7d22296,usr_82708,desktop,12,108.75,False,True,-0.6483
,119bd645-9c55-4d7e-8f4a-a38a5db7cf9c,usr_22805,desktop,14,119.43,False,True,-0.6189
,505db5e9-de1a-43fb-ba6d-6b9e1c0f53cb,usr_59940,mobile,9,97.89,False,True,-0.632
,370c1560-5aa8-4905-a636-d4d7bd7ccc72,usr_97755,mobile,13,121.15,False,True,-0.6147
,417f661f-e09d-44ce-8160-9b4d715572c1,usr_11172,tablet,14,112.14,False,True,-0.6263
,5380f1a8-bf22-44c0-9bf6-bd225149f61f,usr_81582,desktop,11,120.27,False,True,-0.6439
,0c8c39a7-8560-43d4-9d7f-8d7fd6332800,usr_18621,desktop,6,5479.67,True,False,0.0
,9da95682-a2cb-40ef-924a-9b16a035d48b,usr_82481,mobile,9,138.22,False,True,-0.6322
,de7cc984-ad5a-48a7-8433-c82b6e2338ae,usr_24221,mobile,12,124.67,False,True,-0.6115
,e0c3002a-1b3b-41ad-bd04-e4dae33b2452,usr_20127,mobile,9,4774.67,True,False,0.0
,708ca9a3-92f4-4c7d-adbb-957be2648acc,usr_13290,tablet,10,132.7,False,True,-0.6035
,401bebb2-b4f1-4111-b2f9-4016ddb5c1c4,usr_33018,bot_scraper,10,8.8,True,False,0.0
,071a4fb9-f388-4ca6-b3e3-189257967e91,usr_69458,mobile,7,135.43,False,True,-0.6138
,7f79e5ce-e017-4615-8c32-b4dc6957f40b,usr_39180,tablet,7,114.86,False,True,-0.6038
,27d9a261-4ac3-429e-847f-2e01d167f9a7,usr_21424,bot_scraper,11,9.91,True,False,0.0
,b3a94189-1488-4b70-900c-af0bdc9384bc,usr_04198,mobile,13,125.54,False,True,-0.613
,def1a66e-ffff-46ff-b32e-77f6038d01e9,usr_96030,mobile,9,5952.78,True,True,-0.6034
,0c8c39a7-8560-43d4-9d7f-8d7fd6332800,usr_18621,desktop,1,4927.0,True,False,0.0
,afb45c63-283f-43b7-a030-1967b6ae0bd0,usr_49408,tablet,3,4737.67,True,False,0.0
,9b311940-19d7-4f88-928b-7f649aed4c41,usr_85350,bot_scraper,5,7.4,True,False,0.0
,cb349c92-0f65-4af1-85df-4cff48701233,usr_37959,mobile,13,118.23,False,True,-0.6058
,aa4966e9-d4c5-4a3e-b30e-6ec40ce41a28,usr_55851,mobile,14,121.79,False,True,-0.6056
,44c00ab4-134c-4e75-943d-25e34456933d,usr_16190,desktop,10,3883.9,True,False,0.0
,51fe2523-f916-4d94-8d0e-75c67c1fb6e9,usr_52241,mobile,14,110.14,False,True,-0.6273
,611ae650-1c5c-465b-b295-b194fb3500a2,usr_78046,mobile,11,119.91,False,True,-0.6439
,e617fb1d-5038-4861-9cb4-0d7f627e6418,usr_20559,desktop,14,109.21,False,True,-0.6401
,85fb2376-c289-4d8b-8442-1a0abdff62ea,usr_11244,mobile,12,116.67,False,True,-0.6029
,43973dd1-db1e-447c-b3bc-b24599142f64,usr_25985,tablet,12,134.75,False,True,-0.6069
,3d3ef0a3-1dd2-4a33-8a53-a83a8b195a5f,usr_92761,bot_scraper,5,9.0,True,False,0.0
,ce512699-c3e8-4889-a8f9-91fc99bc5331,usr_05277,bot_scraper,14,6.43,True,False,0.0
,9cd32d80-042d-458e-8676-6b1b400aef0b,usr_50136,tablet,14,123.71,False,True,-0.6221
,7020c736-69fa-4853-b6e1-ddc1171f6ee2,usr_73857,desktop,13,130.77,False,True,-0.662
,076c5ed8-3f43-438e-adfa-0623ca1bd425,usr_87358,desktop,14,121.5,False,True,-0.6048
,943b5b13-2bd8-4586-9033-77f9b4ba18e3,usr_89376,tablet,14,114.29,False,True,-0.5982
,e4c47f9c-4cfb-4c0b-a559-770a5e037242,usr_88953,bot_scraper,2,13.0,True,False,0.0
,6f3f4a5a-478b-4893-abbc-4597b52ee7ab,usr_27888,desktop,14,117.14,False,True,-0.6131
,8f037731-326d-4db9-8f32-e200838d819e,usr_65574,tablet,11,4432.45,True,False,0.0
,f77f0b45-d882-4f49-b017-426e3cebc90c,usr_38228,tablet,14,131.79,False,True,-0.6204
,a6fd1f62-b2ac-4a00-8887-e2e94314f1d7,usr_76073,mobile,12,119.25,False,True,-0.605
,e4c47f9c-4cfb-4c0b-a559-770a5e037242,usr_88953,bot_scraper,7,8.14,True,False,0.0
,5ad03ceb-57fd-4ad6-a3cd-d21b416a9d25,usr_04992,mobile,3,3253.67,True,False,0.0
,d4a45d07-c8f2-45fb-9be9-f558b73a1b9c,usr_81528,tablet,12,120.5,False,True,-0.6089
,264cfc97-6fdd-4545-9ef8-7b380fb17297,usr_49166,mobile,5,5546.8,True,False,0.0
,a9ef0913-cc28-4b9c-9885-d8ef0fc66a8b,usr_59276,desktop,13,133.69,False,True,-0.6643
,8d820686-82b6-4441-acea-51e3edbc6e88,usr_65803,mobile,11,131.45,False,True,-0.6144
,e9e714bc-c8b5-4e4b-b20a-7fbccfa94af7,usr_19163,bot_scraper,4,8.75,True,False,0.0
,126ae7b8-9406-499b-ae86-d5970915b8eb,usr_95683,desktop,14,121.0,False,True,-0.6005
,87ddc482-c65d-4f4e-9598-0560add7671c,usr_94863,bot_scraper,5,12.6,True,False,0.0
,27efc3ee-c128-4e63-afce-19f1563f95a9,usr_54857,desktop,13,122.38,False,True,-0.6123
,9a47f808-cdef-4b54-9116-a550d326abc5,usr_46700,tablet,6,135.0,False,True,-0.5994
,20e2d448-3bae-44fb-92f0-1bb0464cca88,usr_87053,tablet,14,120.0,False,True,-0.6144
,6e1d4495-173a-493c-a2cd-2d91dd2c81ab,usr_86466,desktop,11,108.0,False,True,-0.6068
,fcf28c8b-a1d1-450c-a6d9-b5590b1cd67e,usr_27967,tablet,13,123.85,False,True,-0.6061
,b6a4075c-c746-41a0-bdc8-edbee4802c9d,usr_23822,mobile,11,121.91,False,True,-0.6439
,0996b25e-3624-4d2c-b0b4-9596aec81a67,usr_03462,mobile,7,3695.71,True,False,0.0
,2dd16241-3502-412e-9906-b13b78dd860d,usr_24635,mobile,14,124.93,False,True,-0.5996
,73ba4390-4e0c-4a3e-8417-c64aa2ed7016,usr_41466,tablet,12,96.42,False,True,-0.633
,350b0aef-1777-4061-bb29-a9d59bf4851d,usr_84019,desktop,6,4767.5,True,False,0.0
,27399495-5f0b-4cd1-ae76-3944d71d1071,usr_70167,tablet,7,4865.29,True,False,0.0
,c44dbd7e-4270-4c9c-a6a7-18b778242937,usr_20696,mobile,13,116.08,False,True,-0.6091
,ccfb22f2-a5d3-482b-ac7c-0df2bfb2bd3d,usr_15057,tablet,13,122.77,False,True,-0.613
,0567cc62-ad45-4d3e-96d6-7e199d4ed0e2,usr_78384,bot_scraper,5,12.8,True,False,0.0
,32d670b3-7767-4041-a00a-f8db85a8c215,usr_83075,mobile,10,128.6,False,True,-0.6015
,927764d0-a70a-45a9-90bd-bdaa5d6e9e9b,usr_53829,tablet,14,105.43,False,True,-0.6357
,1be8c779-c3cd-461a-8358-516ad2f2510a,usr_41666,desktop,13,130.69,False,True,-0.6432
,dfb2ef8a-2236-4d48-b1ff-ffdf3e4bda62,usr_20457,mobile,13,115.31,False,True,-0.6128
,d5d8471f-6f69-406b-a4c6-b6a56f580666,usr_97237,tablet,14,134.0,False,True,-0.6445
,20b7d0a8-743a-4074-8b64-3a8ed5c187ec,usr_25483,bot_scraper,9,6.78,True,False,0.0
,e52c7a0a-2c47-4da6-8887-1ea5e35731ba,usr_53295,desktop,12,122.08,False,True,-0.5997
,5802727b-e455-4210-8520-5b730e982809,usr_02152,mobile,13,4598.69,True,True,-0.6354
,9e19b52a-5f43-4ca0-82e4-62c85d0ee2df,usr_42967,tablet,14,113.86,False,True,-0.6258
,11b92bd9-4b5f-4391-a31d-75652dd67d39,usr_69208,desktop,12,109.5,False,True,-0.6363
,1601c27f-ccde-405e-84f7-9ad073ac19bb,usr_80370,tablet,10,5173.3,True,False,0.0
,3768647d-46f5-4e1c-889c-521c4be1faa5,usr_30235,desktop,13,116.92,False,True,-0.6108
,b7701210-8ce2-4fb1-b68f-74580c483e7e,usr_75445,tablet,12,104.75,False,True,-0.6023
,54116ac3-533c-4e52-ac8f-b652ec47a7a5,usr_03439,tablet,12,138.5,False,True,-0.6201
,30766109-20d4-43d3-980d-ee0a3af0cdb6,usr_05929,mobile,9,110.11,False,True,-0.6254
,e8384e46-d87f-4bf4-bacb-aa2918c0f132,usr_88426,mobile,14,130.36,False,True,-0.6589
,dfec5e21-04bf-4583-8802-028c2ea68164,usr_58405,mobile,12,100.67,False,True,-0.6212
,c81d246e-1d6d-43ae-8909-3d78704ed3d1,usr_09218,mobile,11,121.73,False,True,-0.6052
,9e2a5f8e-9a57-4623-a86e-9a799e71e471,usr_63936,mobile,3,5270.33,True,False,0.0
,0afdc1c5-1b51-4b61-995d-b2e33dbd2da6,usr_34779,tablet,11,115.09,False,True,-0.6026
,360e3fa0-ead1-422c-9ec6-a4a93e23fbfa,usr_89308,mobile,3,3398.67,True,False,0.0
,f4bf3120-a92c-446a-b7af-1a2c42bb3110,usr_04192,desktop,9,138.67,False,True,-0.6322
,00a87f96-2cd6-4f5a-bae7-aee384b3896d,usr_12608,mobile,12,106.5,False,True,-0.6159
,a511098d-6790-450c-815e-cdb88323ab75,usr_76524,tablet,7,131.0,False,True,-0.611
,748c9ddb-d73b-4c18-b8fc-7f14cf0752ff,usr_34305,mobile,14,128.36,False,True,-0.6338
,f9e7dd45-6b73-4514-acca-2085bc7459d3,usr_81186,desktop,12,5460.75,True,True,-0.6376
,21ad52cb-2d88-4355-a2d8-2b636a984831,usr_92332,tablet,13,115.77,False,True,-0.6009
,29bb1b95-b045-418c-8dc7-f2e7df80e19e,usr_72097,mobile,11,127.73,False,True,-0.6078
,a2b38287-4a7d-44fe-b0bd-59a5fb9b645c,usr_70180,tablet,13,105.69,False,True,-0.6558
,b474b24a-4c98-4375-a896-44d1c4fe46f6,usr_36085,tablet,13,118.62,False,True,-0.6065
,5fd1e225-723d-4ecc-9994-7c327b88c796,usr_92136,mobile,14,127.21,False,True,-0.6056
,671a5ce0-f5c9-49b4-ad56-3611f8dab86a,usr_74150,tablet,7,125.57,False,True,-0.6084
,e73efd98-f7e8-4602-b7ff-99f1ffa17269,usr_66702,bot_scraper,2,5.5,True,False,0.0
,bd326919-c98f-4e82-a7cd-164442c5f0ec,usr_49009,bot_scraper,4,12.5,True,False,0.0
,c601fa17-0ff9-4e3b-8dc5-5507f43902d1,usr_48820,bot_scraper,3,6.33,True,False,0.0
,9db2c00c-ea5b-4762-8ac4-ddf3fa4014e5,usr_66194,bot_scraper,11,8.09,True,False,0.0
,bf57549d-7e77-4a2f-9e93-f6397f95a9cd,usr_19211,mobile,13,114.92,False,True,-0.6147
,8c0f0608-8261-4302-afb1-2a71fd764ba7,usr_26286,mobile,13,116.0,False,True,-0.6054
,906ee064-daaa-4f6e-b834-8c437a51247f,usr_25704,tablet,4,5667.5,True,False,0.0
,0026540d-f45d-426b-92df-ad07823197bf,usr_54266,mobile,14,119.57,False,True,-0.5977
,35fe2a8f-9cc4-4b1c-9b32-c5e27d016e9e,usr_01361,tablet,12,115.83,False,True,-0.6069
,0d82e745-ef7b-48ab-b7fe-57beb68aeb5e,usr_50011,tablet,14,122.86,False,True,-0.6278
,f9e7dd45-6b73-4514-acca-2085bc7459d3,usr_81186,desktop,1,6660.0,True,False,0.0
,bd326919-c98f-4e82-a7cd-164442c5f0ec,usr_49009,bot_scraper,6,7.5,True,False,0.0
,6962f7c2-b558-454d-ae3a-f750d9e4e57c,usr_34345,bot_scraper,7,11.0,True,False,0.0
,13c21c38-0ce5-400b-b2f3-023983579db7,usr_88972,tablet,12,114.5,False,True,-0.5983
,b6416024-45f1-4e6c-a129-abd9928720b6,usr_44139,tablet,14,113.64,False,True,-0.651
,15f8a966-ea3d-4685-8960-6ad9cc06896e,usr_54910,tablet,13,116.62,False,True,-0.6108
,e73efd98-f7e8-4602-b7ff-99f1ffa17269,usr_66702,bot_scraper,1,18.0,True,False,0.0
,97f45abf-9a6f-4a7b-b509-0a3f895a3172,usr_14618,tablet,11,121.82,False,True,-0.6052
,6fb423be-58b2-4768-bc32-3897ff6595f8,usr_66276,tablet,9,126.0,False,True,-0.6255
,f81888d1-5002-444f-97ad-233a782e4c1a,usr_05653,mobile,11,109.55,False,True,-0.6101
,2e570d61-8fba-415d-88e2-70c9e1eb735f,usr_70054,desktop,14,122.71,False,True,-0.6533
,2d0308dc-a03f-422b-88ee-81cba34d8f5a,usr_89035,desktop,13,120.23,False,True,-0.6004
,318135be-9620-4f34-b2a5-4e8a26988b45,usr_45585,desktop,12,104.42,False,True,-0.6056
,5981fd67-cf5a-4bc3-bf02-015c7cf9a787,usr_32089,mobile,10,4538.9,True,False,0.0
,828550bd-7df6-4758-91a9-0a54478a0596,usr_30041,tablet,8,4183.0,True,False,0.0
,8e646f00-de34-415e-b1e0-afe2f2a74429,usr_48166,bot_scraper,3,7.0,True,False,0.0
,d31361f3-22a9-4a50-9ad4-b4bfa071dfeb,usr_31432,desktop,14,116.79,False,True,-0.6212
,70171b94-6ba2-4dea-8a84-31c8092303ca,usr_85231,bot_scraper,12,8.83,True,False,0.0
,ad463013-6117-40e3-8f72-b5abb03c039c,usr_02946,mobile,12,106.0,False,True,-0.6159
,6a8782cd-6a65-4d4d-a057-6e375d1816db,usr_70955,mobile,10,112.7,False,True,-0.6415
,55e7ebd3-0787-44ba-89b2-08920d73b162,usr_34327,mobile,13,126.0,False,True,-0.6042
,950c4dc5-9740-42b1-aa10-5d315ac05be3,usr_40119,mobile,12,120.17,False,True,-0.6505
,b77aa01f-512e-40fa-8f22-a20cf3b5b4dd,usr_30640,desktop,12,98.08,False,True,-0.6048
,82497f6a-09c3-43ff-98a1-565f01ae2f0e,usr_18467,mobile,7,4871.71,True,False,0.0
,c1707a02-d49d-48fc-b453-06de142487b7,usr_67354,desktop,9,109.33,False,True,-0.613
,1652ad0d-db8d-4309-b86c-0b9451eb355b,usr_09350,bot_scraper,9,12.78,True,False,0.0
,3c6a34e3-7bcd-4843-8c0c-99b1cd628585,usr_79152,mobile,13,124.85,False,True,-0.6107
,d0ee6a82-ed2f-4c58-a617-ed0fbf535498,usr_17753,desktop,13,126.46,False,True,-0.6173
,c3f25d26-d0ba-4067-b2ac-0e95ffb1ea90,usr_35178,mobile,6,5407.33,True,False,0.0
,c00f5f50-ef6f-4287-919a-242087c19d04,usr_54197,mobile,8,116.25,False,True,-0.6064
,8e646f00-de34-415e-b1e0-afe2f2a74429,usr_48166,bot_scraper,11,9.0,True,False,0.0
,4aeadd42-72b5-4b1a-9e39-45a100c55d78,usr_14240,tablet,11,116.09,False,True,-0.602
,01ec09d3-9bd9-48af-ae6f-b60fbabf3870,usr_43805,desktop,7,5525.0,True,False,0.0
,61b2d4b2-d747-49e7-88a2-b5ff55efeec2,usr_43688,desktop,14,122.0,False,True,-0.6526
,c856735e-ed68-4bb3-99d9-949db70e37a8,usr_95417,mobile,11,109.27,False,True,-0.6417
,1652ad0d-db8d-4309-b86c-0b9451eb355b,usr_09350,bot_scraper,4,8.75,True,False,0.0
,cc8f9f57-e7fa-4d40-8c42-9eea052171cb,usr_09231,tablet,14,113.57,False,True,-0.61
,7bd9caed-ea7a-4ee2-a8e4-047232f9d64a,usr_61990,desktop,1,7468.0,True,False,0.0
,672b7752-48f0-4c41-914e-3f14165b1517,usr_37623,mobile,5,3849.2,True,False,0.0
,18134d1f-5f2c-4380-91a7-3207cbe0ab2d,usr_51743,desktop,13,115.23,False,True,-0.6128
,c2d9780d-0228-4301-a46a-f7637700305e,usr_80791,desktop,14,121.07,False,True,-0.6355
,acec5370-fa84-49b8-8d44-056fac2a2750,usr_31439,mobile,13,117.31,False,True,-0.5983
,3204563a-ba9d-4f3a-a436-d177b772f687,usr_85594,desktop,12,109.92,False,True,-0.6498
,4f6a82db-34f4-4c34-8efc-b25ce362026e,usr_83151,tablet,14,110.64,False,True,-0.6166
,462d323e-565d-41c2-a0ca-c9ed23531693,usr_74145,mobile,12,130.25,False,True,-0.618
,b50043e4-e337-4834-8e3b-22a4a660b5e2,usr_62328,bot_scraper,5,7.8,True,False,0.0
,cbfc357b-b1d2-4464-9ec5-7a7d3bced393,usr_00186,tablet,14,131.0,False,True,-0.6352
,9b0aee90-e336-4789-9302-16fd30bae78d,usr_70062,tablet,14,4862.5,True,True,-0.6584
,672b7752-48f0-4c41-914e-3f14165b1517,usr_37623,mobile,3,5248.0,True,False,0.0
,7bd9caed-ea7a-4ee2-a8e4-047232f9d64a,usr_61990,desktop,13,5057.69,True,True,-0.643
,495fd9b7-ebf8-42db-af82-8e4709b3379e,usr_67373,desktop,13,124.23,False,True,-0.6042
,70df5a85-3420-48ec-890a-7b849b0ce1d2,usr_74448,tablet,10,122.0,False,True,-0.6422
,56bc1fe2-4ab7-4002-9bc5-b39f2c825ae7,usr_05814,desktop,11,118.18,False,True,-0.6033
,cefc5292-46a9-4e7d-98df-a156261c3a8f,usr_51074,bot_scraper,13,7.38,True,False,0.0
,b50043e4-e337-4834-8e3b-22a4a660b5e2,usr_62328,bot_scraper,5,6.2,True,False,0.0
,c47dc8cf-0f5a-4e56-b635-95260ce3e2c2,usr_61739,desktop,2,7493.0,True,False,0.0
,ed31835c-d1da-4960-9d73-efb534445331,usr_05676,mobile,11,99.73,False,True,-0.6184
,849ec7c1-3170-4b0a-988c-e1970cb9d5e7,usr_13820,desktop,11,115.27,False,True,-0.6026
,3e307e16-f065-4cd6-a986-de765dcec6a1,usr_06103,desktop,6,134.83,False,True,-0.5994
,d0c6a230-b9b2-47c5-87a4-ee99e0302516,usr_20264,tablet,11,111.82,False,True,-0.6066
,e962fb0e-b360-484b-beb3-02d5b61767ba,usr_64336,tablet,13,116.0,False,True,-0.6574
,90869666-cd3a-4d75-8170-d9c7d47ed4fd,usr_66605,bot_scraper,3,12.0,True,False,0.0
,2e7643f3-8b34-4710-b186-e83d01e95932,usr_36689,mobile,10,128.0,False,True,-0.5996
,a90d11ae-77a5-4a15-b48c-f1c16822834d,usr_40237,tablet,7,5028.0,True,False,0.0
,c49bdc59-0759-495f-9afb-d65afc0ad8cf,usr_74704,tablet,14,112.29,False,True,-0.6273
,7c654c63-9221-4464-9987-9b217d1003fc,usr_03685,mobile,14,115.43,False,True,-0.6047
,c47dc8cf-0f5a-4e56-b635-95260ce3e2c2,usr_61739,desktop,1,2945.0,True,False,0.0
,8acebbdf-f159-45b0-901f-9cd65980f58a,usr_19181,tablet,14,133.93,False,True,-0.6596
,48961bfc-456e-45d7-981d-3527e74347af,usr_05992,desktop,12,6216.75,True,True,-0.643
,2ce32c0a-315f-4f73-923d-bcf710d3904e,usr_09186,desktop,9,4821.44,True,False,0.0
,c8ec9b80-9eb2-4f4f-824c-c0ca436ffcb3,usr_44371,mobile,9,5051.22,True,False,0.0
,0148d717-5ba3-405c-9ac6-bec0f77ea1be,usr_31755,desktop,13,128.46,False,True,-0.6188
,bb48b5ee-5e56-4511-845d-71b0816e0e88,usr_34105,tablet,12,117.83,False,True,-0.6491
,d4d2ca5d-eea2-4250-aa7f-4e3f3b3becb9,usr_37693,tablet,9,4750.78,True,False,0.0
,0b69d81b-7f6d-4fd0-aa37-bbd93dd4c00a,usr_64910,desktop,9,134.56,False,True,-0.6217
,9f6fe38a-6011-4419-a165-846de9d0c7b5,usr_86389,bot_scraper,2,9.5,True,False,0.0
,bb88b37e-fbad-42b5-bbf4-06fd92a8aaf7,usr_15962,desktop,3,5124.67,True,False,0.0
,5604f180-b114-46de-aa79-371f19756add,usr_10012,tablet,12,3992.42,True,True,-0.6095
,201d24d5-7363-49ca-a2a1-4ccdb5d1a00a,usr_80645,desktop,10,134.0,False,True,-0.6469
,f7625664-c8dc-4809-ad29-084eac2443f8,usr_56934,tablet,12,119.83,False,True,-0.621
,67a2117c-73ab-441a-9cd7-32c527138cfe,usr_84313,tablet,14,119.07,False,True,-0.6014
,48fbd315-7360-4d20-acc3-ef6bd975ee4d,usr_57160,desktop,13,117.38,False,True,-0.6095
,68b64389-c59f-4764-a42c-49494d6c276f,usr_63740,mobile,11,134.64,False,True,-0.621
,9f6fe38a-6011-4419-a165-846de9d0c7b5,usr_86389,bot_scraper,9,7.78,True,False,0.0
,fee8fa92-5e00-4d2c-8c19-3d757ae2fab6,usr_94717,desktop,13,126.85,False,True,-0.612
,c2eb221f-db22-42cf-8fbe-bce5a4bdc159,usr_88997,bot_scraper,12,10.33,True,False,0.0
,f990e084-8e7a-4be5-ae79-78fd869a0354,usr_01429,desktop,12,120.58,False,True,-0.6089
,7f9576dc-1299-402e-816e-527f58c53834,usr_68834,desktop,9,120.78,False,True,-0.6261
,7342ec51-c8cf-4f2a-b8e4-fab669655312,usr_28101,bot_scraper,5,9.8,True,False,0.0
,25066dec-7cbb-4f32-b26c-72a576684db5,usr_71294,bot_scraper,5,9.6,True,False,0.0
,28185fbf-60e7-431f-9f75-8661661703d2,usr_77322,bot_scraper,4,11.25,True,False,0.0
,72519eaf-2cc4-4077-a28a-f94d5aab6439,usr_64208,mobile,13,131.31,False,True,-0.662
,766ebb4c-0a69-4b4d-a5f7-a0a65b99fefc,usr_27646,tablet,11,123.09,False,True,-0.5972
,1c0459d1-faf6-413c-8ae0-ca989f03ee8c,usr_68510,bot_scraper,13,7.54,True,False,0.0
,e4547f3a-b58a-4ec4-8cb8-d9e95a182238,usr_70119,desktop,12,104.67,False,True,-0.6185
,a6cf6a59-a891-4578-82db-384afc22156e,usr_56161,tablet,12,118.92,False,True,-0.6505
,1f9bc6c0-9a72-4ee4-9539-4086907101e1,usr_34436,desktop,13,100.46,False,True,-0.6571
,5c8c65d4-3464-4a01-b53d-986f2bf8785b,usr_47199,mobile,13,125.92,False,True,-0.6589
,a59cdb83-0765-4f6e-86b7-e30aae413098,usr_38520,tablet,5,5227.2,True,False,0.0
,02c1d999-1eef-4a03-bdad-32a170b07c55,usr_20272,tablet,10,104.0,False,True,-0.6163
,2cca6c75-d78e-4416-9c39-8a3c44ce4d68,usr_08485,mobile,13,125.77,False,True,-0.6123
,45d321b5-106b-433d-8872-7e839023f83c,usr_74486,bot_scraper,11,10.0,True,False,0.0
,e2c3ea79-cfbd-4b30-b617-bb84d0649671,usr_00842,desktop,9,136.44,False,True,-0.6322
,e330c72d-2e08-45cc-a2dc-3e4794459a1e,usr_84923,tablet,11,121.36,False,True,-0.6183
,d7ce6df5-d5d2-4827-95b2-3efd5ec8699a,usr_34260,tablet,11,4555.45,True,True,-0.5988
,b48ef233-861f-4060-9904-513538abcc30,usr_43812,mobile,13,122.54,False,True,-0.6123
,af0ea4bb-778e-4dd6-8305-1866c8a301aa,usr_75670,tablet,14,106.07,False,True,-0.633
,961d6151-71c8-4a65-94b8-62db2915427e,usr_57110,bot_scraper,7,7.86,True,False,0.0
,d803814c-a603-42e3-9113-acd190fc5b00,usr_97641,mobile,14,113.86,False,True,-0.6258
,9fa37c49-cbcd-456a-a610-2fcc0be3765f,usr_95910,desktop,9,127.44,False,True,-0.6156
,169151db-0f97-4c48-a597-36be567f85cb,usr_38497,bot_scraper,2,4.0,True,False,0.0
,428ac34f-7d4f-448a-923d-29babd509c01,usr_76066,tablet,11,116.36,False,True,-0.6007
,6216334e-def3-4dae-82cd-23ebe2acf81b,usr_62547,tablet,8,4470.62,True,False,0.0
,acd4a633-961b-4d69-bf8d-44ad4ae61b5e,usr_40905,mobile,5,4150.2,True,False,0.0
,77506b30-f4af-4db0-8d77-119449d0117f,usr_98427,desktop,9,124.44,False,True,-0.6255
,9f4dfa36-246f-485d-a85b-942c411197b2,usr_90611,tablet,3,4225.67,True,False,0.0
,d2cb0ce8-a390-457a-8f65-dc980e4e83dc,usr_87106,tablet,14,109.43,False,True,-0.6309
,8537afa4-8e4e-4567-907f-78c8b97e3dab,usr_88086,desktop,11,114.18,False,True,-0.599
,8cf3d35b-00ba-4474-904b-0327439d00fb,usr_82524,desktop,12,124.08,False,True,-0.6506
,169151db-0f97-4c48-a597-36be567f85cb,usr_38497,bot_scraper,10,9.0,True,False,0.0
,4e0816b1-92ca-432e-b5c0-2f03f3410a0a,usr_82469,desktop,12,128.08,False,True,-0.6506
,410706b9-2976-4d93-b600-dd6f20772420,usr_23374,mobile,8,4664.62,True,False,0.0
,be60ccec-3241-4af4-9f14-f65586f99a71,usr_74050,mobile,3,3950.0,True,False,0.0
,e5d7ea53-8588-41f7-b28c-fee08429f7b3,usr_89599,mobile,8,4842.75,True,False,0.0
,7882ff78-a91f-401d-b953-780d2fdeb902,usr_39874,desktop,14,118.14,False,True,-0.6212
,af5c7502-1dd5-473a-b642-3d1b7ae3dd23,usr_27852,tablet,14,104.86,False,True,-0.6344
,587461f3-b675-4eca-919a-9cf92288aa8c,usr_38441,desktop,10,130.5,False,True,-0.6015
,10090c80-8ac3-43c0-b53f-b2c35457cd32,usr_51071,mobile,11,128.36,False,True,-0.5975
,a02a01bc-77aa-472f-a503-df0f726f2634,usr_79883,desktop,13,130.23,False,True,-0.6225
,199343d7-d204-47ea-8c2e-9f3b29703a26,usr_79031,desktop,9,4790.56,True,False,0.0
,1c6e422f-61d2-4cd8-b789-0600b12278f1,usr_49147,bot_scraper,6,10.0,True,False,0.0
,be60ccec-3241-4af4-9f14-f65586f99a71,usr_74050,mobile,10,5718.9,True,True,-0.6036
,e5d7ea53-8588-41f7-b28c-fee08429f7b3,usr_89599,mobile,6,5568.33,True,False,0.0
,da84b411-cdba-4d96-a292-562beee869ee,usr_74863,tablet,14,113.57,False,True,-0.6104
,90378c27-2357-4af0-ba96-32f452c3e4c4,usr_82715,bot_scraper,5,9.6,True,False,0.0
,0233b914-e47c-4886-abe8-5842a0edfe02,usr_73673,desktop,12,105.58,False,True,-0.6153
,312d52ff-0f86-49f2-8f42-0f7d2113dcea,usr_09456,bot_scraper,14,8.43,True,False,0.0
,199343d7-d204-47ea-8c2e-9f3b29703a26,usr_79031,desktop,5,4945.4,True,False,0.0
,a208e9cc-0d90-40a3-a252-c11ac3a5182d,usr_00217,tablet,7,108.14,False,True,-0.6052
,e45c3887-6a46-455c-906e-97adc1cf5ef5,usr_52518,desktop,14,129.07,False,True,-0.629
,be5ce7af-fa93-4d8c-ae56-4277e9ace98f,usr_16010,mobile,13,127.46,False,True,-0.6143
,1b06c4e3-7b50-436b-a2e8-efd0484819fa,usr_69462,mobile,12,5083.83,True,True,-0.6313
,8ac65aa4-e5e0-4ed8-89d4-ed1930a46db3,usr_01978,desktop,10,123.4,False,True,-0.6097
,d1f60f0c-71fd-4d04-81c1-9841ea2e6734,usr_32582,tablet,12,6447.75,True,True,-0.643
,3e7ebae6-7b39-4822-bfe7-95029108633b,usr_12483,tablet,13,133.23,False,True,-0.626
,e689bf44-f671-4d9c-9660-90d1de8daa1c,usr_70342,tablet,13,116.54,False,True,-0.6071
,e60ffb71-e58e-496a-b480-d763af01e568,usr_02286,desktop,12,142.0,False,True,-0.6088
,2fce9c65-41be-4950-9581-912966acc5a4,usr_50241,tablet,5,5494.4,True,False,0.0
,051020f6-9eb3-49b4-bef1-73b8da54bf7b,usr_20895,desktop,12,126.25,False,True,-0.6004
,b8c02405-4296-4706-86cd-03118bc18f12,usr_12425,desktop,8,5191.5,True,False,0.0
,418a3b3d-3996-472c-b558-2526dddcddda,usr_06598,bot_scraper,11,8.36,True,False,0.0
,416dcab7-2b45-4519-aea5-2275f6f8e7b0,usr_78791,mobile,12,124.42,False,True,-0.618
,dece80f2-f621-4b3c-9889-2355d692ce3e,usr_66634,mobile,11,127.36,False,True,-0.6071
,01105750-acda-4745-b80d-61274dc83936,usr_56496,mobile,14,131.64,False,True,-0.6763
,4c7a4e7b-3efb-4ecc-8371-9113b6285348,usr_00019,bot_scraper,7,8.43,True,False,0.0
,7d829625-e04b-49f4-8c41-3821cfa75d42,usr_13599,mobile,11,121.27,False,True,-0.6439
,158c6196-16a5-4f13-bd06-4d029d8e3a56,usr_99476,tablet,12,103.17,False,True,-0.6204
,3d11017b-312e-450e-a838-4b51f99f9f4f,usr_44569,bot_scraper,11,9.55,True,False,0.0
,13e0f972-359e-4297-8372-6a1733021321,usr_93565,mobile,14,126.36,False,True,-0.604
,ce267a77-237a-4bcd-8cff-b05fc73de252,usr_56492,mobile,9,113.11,False,True,-0.6254
,82a7aa52-e549-470e-8ad0-60d7fa84e63d,usr_63438,desktop,14,119.93,False,True,-0.6225
,02a50458-4659-4038-9b41-40e969e543e5,usr_20222,desktop,14,134.93,False,True,-0.636
,b8c02405-4296-4706-86cd-03118bc18f12,usr_12425,desktop,6,6092.67,True,False,0.0
,8535073e-ebaf-4f82-bc14-824b1b92e116,usr_58724,tablet,9,122.89,False,True,-0.6036
,418a3b3d-3996-472c-b558-2526dddcddda,usr_06598,bot_scraper,1,13.0,True,False,0.0
,30ad056a-3e65-4435-9432-8733432d391c,usr_49578,bot_scraper,6,7.5,True,False,0.0
,df1d46d6-11d4-49f9-86e5-9ac0a4d8d871,usr_54784,desktop,11,5377.36,True,True,-0.617
,93d22986-b2ad-4a8e-b1cd-c519d1f1697a,usr_08895,mobile,12,110.33,False,True,-0.599
,3614a4dc-0fed-4fe7-934f-5aa7f8f2b749,usr_31171,bot_scraper,6,9.33,True,False,0.0
,d73db270-a05f-4b09-b0ec-f1f48e8b61bf,usr_15144,bot_scraper,1,16.0,True,False,0.0
,a66d01ad-b3cf-44a8-ba63-ce381eef4b1c,usr_54216,bot_scraper,7,7.29,True,False,0.0
,daea24e4-3183-45a9-82fb-9c51192b9d85,usr_93142,tablet,14,115.43,False,True,-0.6268
,30ad056a-3e65-4435-9432-8733432d391c,usr_49578,bot_scraper,4,7.5,True,False,0.0
,2a1a8539-89e9-4f9e-9059-f155480c404d,usr_37969,mobile,11,112.18,False,True,-0.6066
,a3602853-1149-4ff2-a758-b0e2dc29f42e,usr_07709,desktop,9,4755.33,True,False,0.0
,e05a3f99-8382-4f65-90e5-c4b26dc57fc6,usr_57251,mobile,9,118.22,False,True,-0.6261
,6d5310e9-c75e-418b-905c-4bfe768bcfd6,usr_44830,tablet,5,4958.4,True,False,0.0
,85d47d0c-6ff4-4b49-8d4b-8a5ee81097d0,usr_24938,tablet,14,132.5,False,True,-0.6508
,d73db270-a05f-4b09-b0ec-f1f48e8b61bf,usr_15144,bot_scraper,5,9.6,True,False,0.0
,b80870bc-07c9-4822-ad8b-23d9df247628,usr_15645,tablet,12,126.75,False,True,-0.6078
,f060b9d3-14a2-4c05-9f64-ae745896aaed,usr_32330,tablet,13,127.54,False,True,-0.6186
,d5cb3a49-d4c4-4dde-8830-e5035cc3c555,usr_28155,bot_scraper,5,13.0,True,False,0.0
,b5ad7beb-294a-4022-b7b2-950ce43ccf59,usr_02199,tablet,13,127.92,False,True,-0.6093
,bb885dd1-4fdb-4d89-918a-f7f4564dd1fd,usr_03650,tablet,11,112.55,False,True,-0.6073
,bb1fcd00-5316-4812-a052-606226c02d6d,usr_62480,tablet,12,126.08,False,True,-0.6238
,3fc57064-d7ff-4591-ad89-1eb1adc16e76,usr_64583,tablet,6,4913.0,True,False,0.0
,7626f85f-c8ad-4944-a984-33b5c86ba74a,usr_62747,desktop,13,142.31,False,True,-0.626
,768049d7-5125-4512-bba6-e80135db379a,usr_30898,bot_scraper,5,5.6,True,False,0.0
,fae8afdf-d6dc-4919-9ce3-58386c05738e,usr_04976,mobile,12,134.67,False,True,-0.6201
,d34a9f8e-60bf-4f1d-acbf-905c5dfc45e9,usr_72775,desktop,12,129.25,False,True,-0.6233
,addc5057-55d4-43b7-880b-e5a382caaf69,usr_43059,mobile,11,123.64,False,True,-0.6058
,5137dbd1-369e-4bf0-bec3-37554c39924f,usr_88374,mobile,14,116.5,False,True,-0.6098
,8893ee51-d695-42aa-93c1-0489593507a5,usr_89448,mobile,11,125.27,False,True,-0.6058
,74ebaf05-269b-49e6-91af-1edf2ba12581,usr_03940,desktop,14,125.5,False,True,-0.6316
,3cda3b83-813b-4160-94e0-331cec420f28,usr_00366,tablet,13,131.62,False,True,-0.626
,d96e5727-b482-490e-ab75-8c5e602dba6b,usr_03717,mobile,11,104.73,False,True,-0.6223
,0733d307-4fdd-487c-b40b-5c35e6ccecd9,usr_64724,bot_scraper,9,10.0,True,False,0.0
,4a589fad-a90f-4e91-a3a8-0a8e90db303b,usr_12987,desktop,13,137.15,False,True,-0.6439
,234fee26-5f3e-4c9a-b756-8b849f129aef,usr_40289,desktop,3,5419.33,True,False,0.0
,cd342e68-9a3a-4c2b-ad48-af3b1e5ddd90,usr_60136,tablet,14,122.29,False,True,-0.6164
,5a0539e2-95ed-410b-8a1b-56ec7023eb32,usr_62634,mobile,13,122.77,False,True,-0.6167
,663a37d4-3913-4af9-96b9-5407be095946,usr_83069,tablet,14,123.21,False,True,-0.6278
,d3eff11d-8aba-47d3-8113-917cabe495d3,usr_30797,tablet,12,110.5,False,True,-0.6116
,440ad1f5-6e65-4fcd-acae-13ea5b9ea18c,usr_29093,bot_scraper,7,10.86,True,False,0.0
,9e6be52f-609c-4e37-982b-b5edc2e2a37e,usr_26318,tablet,13,111.46,False,True,-0.6168
,dfa498ea-be22-4ecf-8101-9c0cd3e797f0,usr_50020,desktop,8,4759.12,True,False,0.0
,08ab4cd1-ff11-4157-b160-345bca6ec4a9,usr_10980,desktop,5,5292.8,True,False,0.0
,1d594e7c-3986-467f-b6c3-6a2604ec3029,usr_38937,bot_scraper,5,11.2,True,False,0.0
,0e12ee08-73ad-42c7-98a4-91cd0ec46196,usr_73202,desktop,13,122.77,False,True,-0.603
,c470c1d0-a9c6-4f09-87ad-e48301b9a642,usr_13098,tablet,11,114.27,False,True,-0.6052
,268d058d-1d83-4ab1-a08c-f1ef1b3f9a02,usr_21678,desktop,13,111.15,False,True,-0.6168
,e1ea845f-43ed-40e2-867a-a1c4292e64bb,usr_54311,mobile,12,122.0,False,True,-0.6108
,a8b6c194-9e4f-42b8-b1a5-3d39bdb587b8,usr_63576,mobile,10,116.1,False,True,-0.6408
,7b9e0863-4ee4-4bd7-b028-d0739dc36f0e,usr_40819,tablet,10,115.3,False,True,-0.6025
,2aa61e4c-dfbb-4275-bfa3-ecd55b75817d,usr_51390,desktop,10,5643.8,True,True,-0.5999
,c21ba30e-4e91-4e0a-92fb-a6f713365393,usr_47446,mobile,14,118.5,False,True,-0.6453
,7a5b6f5e-6742-434d-a40e-6dda7c165a0f,usr_83430,desktop,14,120.93,False,True,-0.6036
,7e454fbb-5c28-4332-b9c9-ccc6100b10c5,usr_81959,desktop,8,3971.0,True,False,0.0
,28785460-b8da-4c5e-b261-65c53ced4b58,usr_52614,desktop,6,5442.83,True,False,0.0
,51bb82bb-7eb0-48ba-a662-63de4e2528c3,usr_55823,mobile,9,90.0,False,True,-0.6314
,3f50465d-f1a1-4b5b-9279-fd34dec20a5b,usr_94371,desktop,14,124.86,False,True,-0.6055
,7f7f5560-6988-4b56-80db-986fa02211ce,usr_57112,tablet,10,3837.5,True,False,0.0
,7e197493-619f-40d1-ac89-588a280ca0c6,usr_43262,tablet,13,124.38,False,True,-0.6239
,34e31f20-6c0f-4a1b-ac83-30dd31972166,usr_63480,bot_scraper,5,8.4,True,False,0.0
,80210a76-aa1a-4541-bcb7-ecd51d289adb,usr_71032,mobile,13,139.15,False,True,-0.5983
,54431127-030a-4d28-9b7b-9501bc643a8c,usr_75243,tablet,13,122.62,False,True,-0.6173
,c8a62d5b-c901-4f9c-8610-4dd19c3a0329,usr_12347,bot_scraper,10,12.8,True,False,0.0
,3244a5d6-fe1d-4a92-bfcc-96724f6c04f5,usr_90055,desktop,10,117.0,False,True,-0.61
,98b3d516-3855-4b7c-a860-613d8fb72369,usr_65513,tablet,6,133.5,False,True,-0.5994
,1ede7fe2-72f8-426d-b17e-dee1a6bb852d,usr_07774,desktop,12,123.58,False,True,-0.6506
,34e31f20-6c0f-4a1b-ac83-30dd31972166,usr_63480,bot_scraper,1,9.0,True,False,0.0
,1a078119-8a4d-4c4c-85f0-1f5b7e99a696,usr_47304,tablet,11,120.91,False,True,-0.6039
,100877c6-7c46-4235-ae1d-038b74150da6,usr_33887,tablet,12,129.5,False,True,-0.6231
,b1246ed2-de95-4792-a257-0450a9b7ef8b,usr_92867,tablet,14,117.36,False,True,-0.6275
,423b5cea-aeb5-4872-b537-150d7f52deea,usr_42099,mobile,9,132.89,False,True,-0.63
,85351179-91a4-4093-bd38-91ae50bb9aa5,usr_75573,bot_scraper,9,10.11,True,False,0.0
,5bb342ad-62ac-4fb6-8090-adcae8d166a8,usr_09439,desktop,13,124.23,False,True,-0.613
,3b1ce282-1576-4907-9097-f0927069f733,usr_45104,tablet,13,131.0,False,True,-0.6246
,0f862a01-ad1f-4de6-a4be-1217c1f10847,usr_65514,tablet,11,124.64,False,True,-0.6075
,06465f3e-526d-44cb-9342-9c44ac4bed5b,usr_01025,desktop,12,120.83,False,True,-0.5978
,7008c483-ec12-4ff8-a834-796e89e02854,usr_23741,desktop,14,122.57,False,True,-0.6278
,80c5c9f0-8dbd-4bcd-9993-f5d82d9d97a0,usr_40039,tablet,11,115.91,False,True,-0.6001
,68ebefda-1961-40bb-b23e-03862cf64c35,usr_71349,desktop,11,4086.64,True,False,0.0
,7309bbb5-4973-4f14-9bbf-b3e9354b40bb,usr_70009,mobile,5,5919.6,True,False,0.0
,1b8e8e40-e420-4e63-90e4-04a181aaca1a,usr_05099,desktop,13,129.0,False,True,-0.6095
,b8ad2614-eff3-4d81-9cad-3567ded0b9dc,usr_68441,desktop,12,138.42,False,True,-0.6201
,db68b793-dc99-4d70-9c35-4a76647c7920,usr_02176,mobile,12,112.92,False,True,-0.6102
,42bc2e89-dd49-4bcc-8d0f-ec520d000d42,usr_94687,tablet,13,120.54,False,True,-0.6285
,1859c479-3d4d-456f-8eeb-4d052273793f,usr_27100,bot_scraper,5,7.0,True,False,0.0
,924d04d1-b3a4-4b61-9e81-1f23c16d94c2,usr_74833,desktop,7,113.0,False,True,-0.6044
,aeb4c6e1-d2b8-4cef-8b99-48ad7e4013f2,usr_82606,tablet,14,116.0,False,True,-0.6225
,5b3a9d8b-99d0-43d6-80fb-1993fe99767c,usr_43196,mobile,10,107.2,False,True,-0.5969
,bbb2e48c-67f8-4628-a721-125e39d92f00,usr_86367,bot_scraper,3,8.67,True,False,0.0
,4bc5fb2c-3ddf-4390-81e9-441d3f6784fb,usr_41895,mobile,11,112.55,False,True,-0.6066
,65e78a54-1796-416c-a3d6-3c70ed38a6a8,usr_26816,bot_scraper,3,7.67,True,False,0.0
,07b98227-1cbc-4c51-a2d4-726a1ba114be,usr_89695,mobile,7,5819.0,True,False,0.0
,770e7961-d427-489a-8e0e-7ab1c885e5bf,usr_99357,mobile,11,129.82,False,True,-0.6204
,34e10a91-a8fb-48a3-ae01-b14626cc75f2,usr_50556,desktop,10,129.6,False,True,-0.6446
,591b51ab-4846-45b0-8ad5-bbe01847674a,usr_81962,mobile,12,120.5,False,True,-0.6089
,07653968-892a-4e33-a358-e0dd897d9b16,usr_73989,bot_scraper,9,12.22,True,False,0.0
,d85eeb52-9275-491e-a462-5e9cf61688b5,usr_60895,bot_scraper,14,10.43,True,False,0.0
,d7c81dc3-b10a-4a9d-b1a6-ab048263bcb4,usr_91750,desktop,7,4966.86,True,False,0.0
,5487be31-7502-45e5-81a0-590ed9046998,usr_13835,mobile,11,116.82,False,True,-0.6007
,7a68347c-25aa-4ea5-b413-8a92cb385154,usr_95906,mobile,11,108.55,False,True,-0.6109
,7e053f64-aa0b-4da4-82ee-ab363e1bd8d3,usr_48689,bot_scraper,14,8.71,True,False,0.0
,1d2867d1-89b9-4b78-9f5d-f485356a35c2,usr_55296,tablet,12,5009.25,True,True,-0.6313
,cdb69bc2-5201-4932-9d74-a1ff0381a6ea,usr_08999,tablet,10,5350.5,True,True,-0.598
,b9358e1d-1093-40d2-ba71-9507e47e9d80,usr_94575,mobile,14,121.0,False,True,-0.6355
,650ccc39-98fd-4d09-9fde-701af46f139c,usr_68399,tablet,14,127.0,False,True,-0.6285
,48e4aebe-5724-40b5-ac7e-21e3f799c594,usr_89156,mobile,3,4458.33,True,False,0.0
,e7001b50-03ad-46fd-9a1f-d94525c23817,usr_22584,bot_scraper,11,11.91,True,False,0.0
,c1357043-58f4-41ae-9e06-25ecfcb2ee23,usr_35669,mobile,14,118.64,False,True,-0.6205
,d3ec15cc-0a87-4e29-832e-30a2d3632812,usr_34226,tablet,12,125.42,False,True,-0.6115
,945f815a-6c75-4a58-9e36-3698a1671db7,usr_13182,bot_scraper,6,9.0,True,False,0.0
,a7fcb014-8a35-4a32-8b91-67e7814a60d4,usr_22964,tablet,12,114.67,False,True,-0.6118
,27e9b4ed-31d7-4d26-aee8-f73a2ebf71dc,usr_12162,mobile,6,4379.67,True,False,0.0
,1ae902e0-890b-4c67-a103-d2c61cbdf26b,usr_44599,bot_scraper,4,7.0,True,False,0.0
,b4f8d228-0bb0-46ad-8cd3-e7253c66e78f,usr_21578,mobile,14,125.86,False,True,-0.6164
,e7001b50-03ad-46fd-9a1f-d94525c23817,usr_22584,bot_scraper,2,12.0,True,False,0.0
,48e4aebe-5724-40b5-ac7e-21e3f799c594,usr_89156,mobile,5,4123.0,True,False,0.0
,74c1d5e6-0ad1-4e33-ad72-3c0802278ed9,usr_68966,mobile,14,115.14,False,True,-0.6126
,e49d4e55-dd4e-4ddf-9a90-834d256f39a8,usr_41838,tablet,9,110.56,False,True,-0.5986
,11e601ae-f9bd-45c0-961e-8fae71d4baac,usr_82151,bot_scraper,7,10.43,True,False,0.0
,c6a30f34-8898-45cd-abef-b56d50646abf,usr_84205,mobile,14,123.93,False,True,-0.6164
,981fd192-aa32-4d57-bb98-f2d20a89a092,usr_85890,bot_scraper,14,9.43,True,False,0.0
,4524a307-5ec7-44ec-a246-b09c078fd71f,usr_10420,mobile,14,108.93,False,True,-0.6317
,862e6c35-6c50-4361-b7d8-3bdedc01b13e,usr_26489,mobile,14,116.86,False,True,-0.6123
,945f815a-6c75-4a58-9e36-3698a1671db7,usr_13182,bot_scraper,2,8.5,True,False,0.0
,3c074e91-4887-486f-92a0-1a2338b3a8c1,usr_80896,mobile,3,5952.33,True,False,0.0
,34ff32da-84d0-4c27-802e-0b4c7ded5423,usr_61186,desktop,5,3756.2,True,False,0.0
,9dc9fbc3-4e82-44a5-b3ef-4bfd951de6b7,usr_44524,desktop,7,4301.29,True,False,0.0
,fd0a7645-66c6-49f6-8eec-c87e4924dce8,usr_47805,mobile,10,127.2,False,True,-0.605
,eb2ffed9-e0a0-4110-97c5-1d599820636d,usr_06000,mobile,12,113.0,False,True,-0.6498
,ae068d9c-2ac5-4eb0-be4d-ed78d8186c93,usr_94412,tablet,6,4665.0,True,False,0.0
,d86daf82-bdb3-478c-8cef-9dc980ce286d,usr_61393,desktop,5,5867.4,True,False,0.0
,bc89df6d-219d-44a0-a0ee-9f43ebfac5c5,usr_99664,bot_scraper,14,8.43,True,False,0.0
,006f9631-93bd-4213-977e-531a0fe74b76,usr_47578,desktop,14,118.21,False,True,-0.6205
,e2e9e5ba-c858-427c-b3a9-5602bda48be8,usr_55868,mobile,14,122.21,False,True,-0.6302
,25949818-e573-4f26-973d-2409e0ad98a9,usr_03959,mobile,13,5192.31,True,True,-0.6437
,8133259e-dae2-449c-a633-3929f2603195,usr_57139,tablet,13,114.77,False,True,-0.6075
,3c074e91-4887-486f-92a0-1a2338b3a8c1,usr_80896,mobile,1,4351.0,True,False,0.0
,57465395-424a-4888-8aa8-2edd0764e2e6,usr_12392,desktop,11,127.55,False,True,-0.6098
,971b96c3-a608-4101-9509-fe38101c9269,usr_82401,mobile,12,123.08,False,True,-0.6115
,e14291ea-2e6c-444b-ad76-2d18b7834b91,usr_07051,bot_scraper,4,7.25,True,False,0.0
,849d71a9-f5ca-4231-a9e1-99cebb2cda6d,usr_66724,tablet,13,116.08,False,True,-0.6009
,fff07349-0f13-4d08-b55c-28ac7b51f21a,usr_56807,mobile,4,5576.75,True,False,0.0
,af672ea9-7138-41e7-b5e0-302c20878792,usr_52092,bot_scraper,8,12.0,True,False,0.0
,c5a0cc2f-e9f9-4d82-98b8-387571c7416d,usr_26316,mobile,10,5530.5,True,True,-0.5999
,d86daf82-bdb3-478c-8cef-9dc980ce286d,usr_61393,desktop,8,3785.75,True,False,0.0
,96176084-ff57-4117-853a-15d691c2c3c8,usr_81019,bot_scraper,7,9.0,True,False,0.0
,4eb79b8b-1dbf-4ce0-9e09-c3531cd266d1,usr_07020,tablet,12,104.17,False,True,-0.6072
,7acf6788-7f03-4937-bc96-2245e458a87e,usr_95095,tablet,13,130.54,False,True,-0.6239
,3938abfa-fb6c-4899-ac9e-6f10115beb22,usr_04385,bot_scraper,9,10.56,True,False,0.0
,c9b91047-af5c-4e38-9fdc-07c164dc49d1,usr_76232,tablet,12,118.42,False,True,-0.605
,1506908e-d5ca-4036-b8d0-12c48bdf3003,usr_40677,desktop,13,108.08,False,True,-0.6085
,93e4fd6a-6f94-4e99-ad1f-802b321e2c10,usr_85004,bot_scraper,6,8.67,True,False,0.0
,424bb26c-6fed-475a-b916-919f1d703abf,usr_84704,mobile,14,120.5,False,True,-0.6559
,69307f5c-2819-42fd-9216-6621c5c65083,usr_32470,desktop,13,121.54,False,True,-0.6322
,41e58141-cbe4-4752-9cd8-45a21da6feee,usr_96070,mobile,10,113.6,False,True,-0.6022
,b913794c-6c45-45e1-87ef-af9519292719,usr_82989,desktop,11,100.0,False,True,-0.6029
,1159487a-f819-43bb-a915-26a8f33019da,usr_53919,desktop,14,117.21,False,True,-0.6199
,d1f288e1-08a4-4405-8eeb-04570a01c095,usr_00708,bot_scraper,11,9.55,True,False,0.0
,f216d3d2-200f-4413-8637-a27ae567c354,usr_85590,bot_scraper,5,6.4,True,False,0.0
,0c2534a9-4d9f-419e-a283-be522701083e,usr_60334,bot_scraper,6,9.33,True,False,0.0
,2849bf5d-f3b7-4eb2-86b4-4edc4b095ce0,usr_98768,mobile,12,118.58,False,True,-0.605
,64605246-1fb3-4976-8a13-09fea52c8a8b,usr_43819,mobile,11,4042.91,True,False,0.0
,6184aa3c-73ca-4442-80b1-e88c05728534,usr_90900,desktop,13,122.08,False,True,-0.6
,fe26d418-cd25-4385-84f1-3aee66b44122,usr_81615,tablet,13,119.77,False,True,-0.6125
,704b0b56-144a-4a87-8b21-dc85c95bce28,usr_73288,tablet,14,122.79,False,True,-0.6529
,2437c512-377b-49f8-9f65-df900013ccb7,usr_59263,bot_scraper,13,10.62,True,False,0.0
,0c2534a9-4d9f-419e-a283-be522701083e,usr_60334,bot_scraper,8,13.75,True,False,0.0
,cc5f0bfb-e0da-4b7f-acd4-11c4b00d08b9,usr_63882,tablet,14,4169.36,True,True,-0.6426
,f216d3d2-200f-4413-8637-a27ae567c354,usr_85590,bot_scraper,1,1.0,True,False,0.0
,d79babe0-934d-443c-b7d2-69418f314230,usr_10318,bot_scraper,3,8.67,True,False,0.0
,b99b6f67-e824-452c-81f8-032d33788339,usr_91884,bot_scraper,12,9.0,True,False,0.0
,0b9d2ded-4864-451c-bda2-49a6676c2971,usr_56827,mobile,10,4943.1,True,False,0.0
,0a2076bd-9c1d-47bc-bc90-46392988f314,usr_56643,desktop,11,110.18,False,True,-0.6066
,25dad311-9a0e-4415-8e63-a12250378c38,usr_98104,desktop,14,133.43,False,True,-0.665
,0c96c80d-4d1f-49a0-9cac-4554fb2bd730,usr_38731,tablet,14,107.71,False,True,-0.5995
,f8cd9067-0cc8-488f-8507-a6bd29168e48,usr_05894,tablet,7,4861.86,True,False,0.0
,727c5331-86cd-4ec9-b167-964a6991ca9c,usr_88380,desktop,11,137.27,False,True,-0.6032
,103f8432-1966-4e87-a908-7f071ac516a4,usr_77421,desktop,14,117.79,False,True,-0.6437
,58bfb9e1-724b-4bdd-b5d7-af3395fbae8f,usr_55176,mobile,4,4540.25,True,False,0.0
,f6e3df05-8339-40fb-a940-1c6930fa7dcd,usr_71395,tablet,11,5740.09,True,True,-0.6227
,a6eeb0c4-b8ce-4b69-9406-cf8687be02af,usr_93774,mobile,12,125.33,False,True,-0.6004
,e4582996-e921-45b0-8488-86af9ff50870,usr_50871,tablet,14,121.64,False,True,-0.6265
,d671ad6a-48e7-46fa-a468-59f65728d123,usr_74076,tablet,13,111.23,False,True,-0.6304
,92ea26d0-1f2c-4f9b-b963-288d66582cf5,usr_45644,tablet,14,123.0,False,True,-0.6529
,b05686cd-d0d6-4a44-9dfe-6d23ae13ff4c,usr_97676,desktop,14,129.43,False,True,-0.6338
,cf492972-d3e3-4ad6-aeca-ebce319e2fce,usr_95415,desktop,13,129.31,False,True,-0.6159
,8ad10f6b-7814-45ba-9ae5-0879ef101c43,usr_13145,tablet,9,115.22,False,True,-0.6248
,7b8cd722-0862-4dee-9dbf-5e8e7d744857,usr_35328,desktop,3,5767.0,True,False,0.0
,f8cd9067-0cc8-488f-8507-a6bd29168e48,usr_05894,tablet,4,5537.0,True,False,0.0
,3157ab2b-030c-4f6e-8b94-c3552196c015,usr_45091,bot_scraper,4,7.75,True,False,0.0
,7710d664-d6b2-45b8-838a-0296cbb1f4cd,usr_02152,bot_scraper,5,10.8,True,False,0.0
,9ffb4746-adc2-4882-8622-2ece317ef11c,usr_68468,desktop,11,119.45,False,True,-0.6021
,b7475e13-57f5-42e4-9b99-c6d05f76bc5a,usr_42227,desktop,10,101.8,False,True,-0.6434
,70f27ab4-d5b2-4d5c-b21e-2edf7a34c81b,usr_26187,tablet,12,118.75,False,True,-0.6196
,5ba28e6f-812b-44de-ab8e-5dec198caaae,usr_98212,mobile,10,109.7,False,True,-0.6415
,1550c6c9-5c87-4472-bc01-ce64bdd887ec,usr_20193,desktop,12,117.67,False,True,-0.6037
,d98b794a-8dc6-4e98-a9bc-84f93f54e5e5,usr_93466,mobile,13,125.31,False,True,-0.6239
,cc850c74-9be5-41b3-ab09-680da0d06626,usr_44089,bot_scraper,5,10.0,True,False,0.0
,34cb110d-c600-4acb-8f62-79dbe317872e,usr_83800,desktop,11,109.0,False,True,-0.6075
,7710d664-d6b2-45b8-838a-0296cbb1f4cd,usr_02152,bot_scraper,6,8.83,True,False,0.0
,bfcc7282-1790-47ff-bc7c-6a52052c0198,usr_72681,mobile,11,111.55,False,True,-0.6066
,c416be28-fe4c-41d2-ade1-6d66d5540525,usr_96140,desktop,14,113.0,False,True,-0.6444
,a76d9230-744c-43f2-914a-00e337970b31,usr_12390,mobile,13,122.0,False,True,-0.6039
,7b9dfde1-0636-472b-bc10-6679e6094778,usr_34885,tablet,13,128.69,False,True,-0.6126
,1aa7e4ba-0abf-435d-9734-18e3eb08c916,usr_23183,bot_scraper,2,9.5,True,False,0.0
,876fb0b4-8cbb-4991-a0d7-1443fa8800db,usr_95975,mobile,7,4458.0,True,False,0.0
,05fc87d5-24a2-41ef-a0df-1e024dee7f77,usr_75071,desktop,11,121.45,False,True,-0.6151
,5ea0d56f-6b2d-49bb-a6b2-5d47ee477c1c,usr_48040,mobile,13,130.69,False,True,-0.6126
,66b64015-a66c-4015-aac9-08b7bd0788cb,usr_60745,desktop,11,121.55,False,True,-0.6039
,70dbc66d-5ca9-4801-a47a-48ae365ef3b0,usr_08347,tablet,10,128.0,False,True,-0.5996
,9c2d4a4f-6df1-4ddd-b89b-e66ccaf8e558,usr_16142,tablet,11,123.55,False,True,-0.6058
,660b1faa-c35d-49cc-9d32-8da61dd2226d,usr_39588,desktop,13,124.62,False,True,-0.6298
,e8ef28a0-fe51-4dfd-adab-a2bb13454f5d,usr_45161,desktop,14,131.07,False,True,-0.6508
,1071a6b0-1126-4c28-8f76-c524576a3532,usr_83833,bot_scraper,12,8.25,True,False,0.0
,1fd75427-0ab0-44e9-872b-5e0a549626f7,usr_05508,bot_scraper,13,8.0,True,False,0.0
,4391ed62-5179-4fbd-83df-d225609f8606,usr_48508,mobile,14,120.71,False,True,-0.6251
,1aa7e4ba-0abf-435d-9734-18e3eb08c916,usr_23183,bot_scraper,11,6.64,True,False,0.0
,876fb0b4-8cbb-4991-a0d7-1443fa8800db,usr_95975,mobile,7,5187.43,True,False,0.0
,2e36e5b7-fb09-41f3-9f06-360b3483321f,usr_02506,desktop,9,119.11,False,True,-0.6261
,0829c81a-fef4-42f2-a03f-c827174d163d,usr_76689,tablet,13,129.85,False,True,-0.662
,a8cef822-ae07-419c-8b0b-1dc183e99081,usr_01364,tablet,11,129.82,False,True,-0.6012
,9e1af87a-caa0-4b76-953e-0c4b4a994610,usr_99427,tablet,11,115.82,False,True,-0.602
,7bd2227e-4dc3-464b-9e65-e13ad0ce3311,usr_54362,bot_scraper,13,9.38,True,False,0.0
,f5eb05b7-9dc4-4371-adb7-b1f947122404,usr_27418,bot_scraper,11,9.0,True,False,0.0
,b2be4208-f7ec-4569-8798-1b29f97b3be0,usr_50917,tablet,14,121.43,False,True,-0.6526
,e22e7ef4-1bb8-486d-8cf3-078467217fd9,usr_24887,desktop,14,125.43,False,True,-0.6587
,42ff77c9-424b-4886-a2a3-b5b00b10b039,usr_66863,desktop,12,122.08,False,True,-0.5997
,52238c65-64ee-4bef-af9a-2801ba0b54be,usr_21770,tablet,14,108.07,False,True,-0.6317
,1b66d15a-ed12-4280-b270-953d52a452e0,usr_97796,desktop,14,127.21,False,True,-0.6177
,ea7f7df0-d765-4b8f-ad35-ecfdb65757e9,usr_49393,tablet,12,125.17,False,True,-0.5985
,fca8d7fc-d71e-4235-8985-1bf19a3293ec,usr_99389,desktop,14,107.14,False,True,-0.6194
,0b1a0e93-f822-42c0-a84a-8c6c59936e85,usr_25918,desktop,5,5816.0,True,False,0.0
,f961dc03-128f-48e7-811d-1393782efef1,usr_04345,tablet,10,135.8,False,True,-0.6469
,e2ec5b6b-fe3b-4454-b8ff-80694091b644,usr_89009,mobile,9,109.56,False,True,-0.607
,1922977b-2415-48d5-88dc-f23334d3283d,usr_26860,bot_scraper,7,11.57,True,False,0.0
,4e37c64b-2272-40f1-a94f-eed79c0369a3,usr_26602,bot_scraper,8,9.88,True,False,0.0
,52c749ec-ba53-4eb5-8edd-cfaa6f9d9029,usr_48886,desktop,11,115.64,False,True,-0.6085
,1865a5f1-90c8-4c03-8fad-192882a370a7,usr_22515,mobile,11,119.73,False,True,-0.6439
,9d0c36ea-9c84-4385-9bdc-6f8a31806f6b,usr_86256,mobile,8,4754.0,True,False,0.0
,ee5adbdd-34e4-48b9-aa3d-3289cfc371a7,usr_75585,mobile,14,120.5,False,True,-0.6251
,2db6b80d-ab75-4dca-8669-911c840e4a4d,usr_91403,bot_scraper,9,9.22,True,False,0.0
,d34584e0-001e-4b41-8b70-582c4505ac28,usr_88194,bot_scraper,10,8.7,True,False,0.0
,086ab6ab-eb59-48c5-9f70-f973ce5dcb53,usr_60894,mobile,12,141.58,False,True,-0.6201
,9439da72-c443-4455-8bf7-8b913b5f3624,usr_72418,desktop,14,118.5,False,True,-0.6228
,b076d791-440a-40ad-86dd-0021dd4f54d8,usr_30761,tablet,14,117.64,False,True,-0.6716
,d71efd12-b281-49f2-bbd4-e5410da4540c,usr_81675,mobile,13,131.38,False,True,-0.6246
,c0f0d0ee-1838-420d-8657-627a8802051a,usr_41051,tablet,13,108.69,False,True,-0.5992
,0bc7302d-17ed-4b8f-8aa6-a59a0ab69a5a,usr_00166,tablet,11,111.27,False,True,-0.6432
,41099e2d-d0e7-4c93-91e7-5d43407047dd,usr_08596,tablet,14,118.0,False,True,-0.6085
,4c883f95-1773-4025-b485-0e8338dc74f5,usr_91294,mobile,9,5885.56,True,True,-0.6015
,1abafd43-e082-48c3-835a-488e2e5a325e,usr_59870,mobile,10,129.4,False,True,-0.5991
,126e65ca-36a7-41b9-bde1-184cb0dfdcb1,usr_65638,bot_scraper,6,8.5,True,False,0.0
,124aaf36-b402-4f7b-b14b-c33872a04226,usr_42961,tablet,5,5117.0,True,False,0.0
,5e6776da-8469-463d-8f2b-162f629bcd76,usr_75382,tablet,13,122.92,False,True,-0.6036
,95d13b02-3edc-4324-ad7f-0eb0f8b18bbb,usr_07852,tablet,4,4991.25,True,False,0.0
,8b51d776-8349-4d4a-98b2-1470cb1426bf,usr_13035,bot_scraper,9,9.67,True,False,0.0
,a99421d9-0343-4259-8177-1adbd48c3aaa,usr_79212,tablet,13,108.38,False,True,-0.6174
,52577939-7108-4719-a6fc-2ab115a9355d,usr_57134,desktop,13,114.54,False,True,-0.5993
,f63e7df9-af3a-4866-93c2-3cbb0df96aa4,usr_41372,bot_scraper,9,10.33,True,False,0.0
,faa74aaf-e9eb-4691-933d-2784c7b7d3dc,usr_40293,desktop,14,115.43,False,True,-0.6215
,49955a37-6913-4b12-aafb-be1944e55d78,usr_70437,desktop,14,125.93,False,True,-0.6731
,95d13b02-3edc-4324-ad7f-0eb0f8b18bbb,usr_07852,tablet,6,3958.67,True,False,0.0
,f1485c01-adf5-4664-ad6a-c0009b7ffc9f,usr_41998,tablet,10,4401.0,True,False,0.0
,3be96b52-519b-42d5-87f6-21ce29ab921c,usr_27492,desktop,11,116.82,False,True,-0.6007
,a5ace924-9e33-4234-9b63-2831816ed6d6,usr_62990,desktop,14,126.71,False,True,-0.5996
,938a6f21-8270-41d5-bdc8-fd163f6565f7,usr_14119,tablet,9,3985.33,True,False,0.0
,4c91b706-f10f-4e26-a265-5bff47853423,usr_53707,tablet,12,113.67,False,True,-0.599
,8b51d776-8349-4d4a-98b2-1470cb1426bf,usr_13035,bot_scraper,5,13.8,True,False,0.0
,0199d2a6-e62b-4ba7-9d34-2e4a3682c786,usr_67676,tablet,2,5387.0,True,False,0.0
,217952d9-5cc0-4f07-9e4f-d86a8d6b6296,usr_73069,tablet,6,4947.17,True,False,0.0
,5316bee3-9e8d-4a81-8194-cb6a3aede91e,usr_18716,tablet,13,114.38,False,True,-0.5984
,0b061723-bf34-4024-9aa6-1d98031e6b59,usr_35999,mobile,13,115.31,False,True,-0.6091
,194e72b0-286c-4b0b-b10e-3b23aa15d1b2,usr_75349,mobile,7,4795.29,True,False,0.0
,042e98b2-738b-4ef5-aff7-3fc16ee2dba8,usr_81482,mobile,14,5272.64,True,True,-0.6591
,f1485c01-adf5-4664-ad6a-c0009b7ffc9f,usr_41998,tablet,1,4187.0,True,False,0.0
,a40e7d2d-1d16-4d45-854c-224cd98072fa,usr_16724,bot_scraper,3,10.0,True,False,0.0
,3092045d-0f07-402f-8c88-f5e796e12c3f,usr_86454,desktop,13,129.46,False,True,-0.601
,954dbd51-1e7b-413d-be19-478e66ef4da1,usr_82386,mobile,12,125.33,False,True,-0.5985
,f056ae4a-c114-4e76-bc21-365452de7ae4,usr_19467,mobile,14,113.07,False,True,-0.6049
,fa9e0a08-caa3-4bb1-a317-e13e4f691395,usr_13483,tablet,13,132.85,False,True,-0.6371
,0199d2a6-e62b-4ba7-9d34-2e4a3682c786,usr_67676,tablet,11,5860.91,True,True,-0.6234
,217952d9-5cc0-4f07-9e4f-d86a8d6b6296,usr_73069,tablet,8,5754.5,True,False,0.0
,29e85ed8-6490-40fa-8d8c-590031513ab7,usr_00593,tablet,14,115.79,False,True,-0.6217
,f536c678-758f-4c6d-8254-d92987920f4b,usr_14764,bot_scraper,14,12.36,True,False,0.0
,a40e7d2d-1d16-4d45-854c-224cd98072fa,usr_16724,bot_scraper,1,9.0,True,False,0.0
,f4d9a443-6d15-4ab5-b2bf-bf346b48304b,usr_60660,bot_scraper,11,7.82,True,False,0.0
,4758aaca-bed5-455c-bc67-3b63f0aece4c,usr_83703,mobile,12,124.5,False,True,-0.6055
,6336800f-c0c2-4ff4-ac03-b1bf933a11fd,usr_84938,tablet,14,128.64,False,True,-0.6237
,77c60daf-120f-401c-a442-c7a7724f992c,usr_84391,mobile,13,122.77,False,True,-0.6589
,dcf0650f-27d7-4ffb-a3c0-64ba333e4e53,usr_93501,tablet,10,4747.9,True,False,0.0
,74a26b5a-1c56-4fd9-8395-14a486b2f1f2,usr_39439,mobile,6,5102.33,True,False,0.0
,77c84884-e3a0-4ef5-bb4e-fba57ee3576e,usr_13710,desktop,6,5245.83,True,False,0.0
,198903f5-b508-4a10-a835-87a6a0c99a81,usr_77512,desktop,14,126.36,False,True,-0.6278
,5a517a71-3aa0-4f92-aa4f-d6c9a65ca6f3,usr_73701,tablet,11,120.73,False,True,-0.6039
,65948461-1d9f-4f74-b119-2f4103c60b0b,usr_83769,bot_scraper,10,7.9,True,False,0.0
,87fc2267-263a-4f88-b37f-928eb3e90017,usr_49469,tablet,11,114.55,False,True,-0.6432
,41c74b4c-9389-4647-adf1-278e3c837d12,usr_87516,bot_scraper,6,7.67,True,False,0.0
,80375729-767e-4df8-b638-49ce8acdac6a,usr_73615,tablet,6,5549.5,True,False,0.0
,d9f7c054-c0e1-4474-8c59-278b975f12f0,usr_01819,mobile,14,115.21,False,True,-0.6238
,7a5dc104-6b12-4875-958b-5b01583bbd1d,usr_45207,desktop,9,129.11,False,True,-0.6182
,77c84884-e3a0-4ef5-bb4e-fba57ee3576e,usr_13710,desktop,2,4526.0,True,False,0.0
,b1e65dea-6bbb-49d6-a70b-e5036559b777,usr_80969,mobile,8,135.0,False,True,-0.6001
,2a954d97-b439-4b9b-ab2e-df2dc58abb3c,usr_56927,mobile,13,106.85,False,True,-0.6161
,df03b42c-00a2-4877-9a1e-8bc60c5bfd7a,usr_88627,mobile,10,101.2,False,True,-0.6434
,65948461-1d9f-4f74-b119-2f4103c60b0b,usr_83769,bot_scraper,1,18.0,True,False,0.0
,39762091-184e-449b-8a02-45320c9af9ba,usr_22306,bot_scraper,10,10.0,True,False,0.0
,bb82de4a-b9c5-4902-9673-744fb29685cd,usr_51622,bot_scraper,13,7.46,True,False,0.0
,5da2be6a-93da-4502-ad37-ef2fb8039909,usr_67362,desktop,11,5353.27,True,True,-0.617
,5e615648-f30d-4aed-a87d-9a6d59053000,usr_13619,desktop,13,128.0,False,True,-0.6087
,374e85e6-2d75-4f04-9bf6-531e5f390aec,usr_95537,mobile,12,119.5,False,True,-0.605
,77cfd6ff-839d-4000-a905-fbe2d712eadb,usr_03596,bot_scraper,9,10.22,True,False,0.0
,35e44092-b488-4c78-86f7-89c30b0665a2,usr_33179,desktop,10,5929.0,True,True,-0.6098
,39762091-184e-449b-8a02-45320c9af9ba,usr_22306,bot_scraper,3,7.0,True,False,0.0
,487c3059-8cdc-42c9-90a8-68dda6d52652,usr_27376,bot_scraper,5,4.6,True,False,0.0
,44e42958-6c3d-4ce3-bbf2-2b980167632a,usr_08406,mobile,12,123.75,False,True,-0.6004
,3a1ab107-9504-444a-993e-14e92024b910,usr_23998,bot_scraper,6,10.17,True,False,0.0
,11cadc11-086f-4abc-8747-7e4aff2635ef,usr_18809,bot_scraper,3,10.33,True,False,0.0
,e0a3caa3-1442-4f14-99be-0f2266cef90e,usr_60484,desktop,14,126.93,False,True,-0.5996
,4bec746f-9268-4cd2-8d91-d5bf2e3ef277,usr_42219,bot_scraper,9,13.89,True,False,0.0
,5d0adc7a-4953-4410-be3f-0cc07d238c58,usr_83074,desktop,11,5062.91,True,True,-0.6109
,8573def5-d48a-469e-8502-e9493a8637db,usr_54011,desktop,14,112.71,False,True,-0.6057
,6ff2bfaa-032d-498e-a907-2f4cd0a02766,usr_15589,tablet,10,6352.0,True,True,-0.6098
,7cabd32d-95cb-4bbb-aa13-dc7103138982,usr_02802,bot_scraper,5,9.8,True,False,0.0
,7b22b408-f9e4-46f4-8904-98fc2f63d3ac,usr_87417,tablet,12,128.17,False,True,-0.616
,c04cfa45-1913-42ee-85f8-7a5cbb407813,usr_70362,mobile,10,128.8,False,True,-0.6015
,6ab4e419-d733-4cc5-8e17-dd9e24e917e6,usr_19203,tablet,12,113.92,False,True,-0.6065
,485b8bbe-c2f7-4c3f-8328-e8f288fb9e0c,usr_95657,bot_scraper,11,7.55,True,False,0.0
,75c4d67c-7946-4007-b6dd-7d9694cd07aa,usr_25907,bot_scraper,3,12.0,True,False,0.0
,5b504e74-16ec-4201-a472-26bcb0410f56,usr_77606,bot_scraper,10,8.5,True,False,0.0
,0cc0481d-136c-4173-a140-1ef4e4f3b64e,usr_11488,tablet,11,121.36,False,True,-0.6052
,528372d5-8d8d-4165-8e7c-e2bad4cf7d15,usr_74887,tablet,14,117.5,False,True,-0.6205
,915e6546-e96e-4848-a916-43d1d6b88a4f,usr_67351,mobile,14,123.5,False,True,-0.6278
,8ee8c44c-35f1-421a-92bc-f0d1303d775a,usr_61814,desktop,14,116.07,False,True,-0.6039
,cd758e27-6f68-487e-864e-98161a4d11a0,usr_75036,tablet,3,5775.0,True,False,0.0
,75c4d67c-7946-4007-b6dd-7d9694cd07aa,usr_25907,bot_scraper,3,14.67,True,False,0.0
,05770f22-d81c-4941-b989-9a5ae63bc9bb,usr_85110,mobile,13,133.69,False,True,-0.6127
,9e3ab6c7-1432-4900-9a6c-8540684365ca,usr_57388,tablet,14,117.71,False,True,-0.6199
,9dfcac72-eb19-4f49-b178-8e178c41e998,usr_86921,tablet,10,134.8,False,True,-0.6122
,263e9105-3583-4ccf-95b0-05b0e45b81b4,usr_32016,desktop,9,123.33,False,True,-0.6143
,5b504e74-16ec-4201-a472-26bcb0410f56,usr_77606,bot_scraper,1,14.0,True,False,0.0
,b31075be-4cc3-4407-bcdc-8b7956b5b7db,usr_59334,desktop,1,6184.0,True,False,0.0
,ce78d12d-5a0b-46f7-977e-4baff84946e6,usr_38240,bot_scraper,1,15.0,True,False,0.0
,70a4c532-e185-45b0-856c-73005f9029e5,usr_14846,bot_scraper,8,7.75,True,False,0.0
,c9a46392-ef0e-4255-b555-aee4163e7564,usr_69946,mobile,11,138.64,False,True,-0.6056
,b3b33478-e9db-4f18-bcf9-6d09f71dff26,usr_87349,bot_scraper,7,14.0,True,False,0.0
,94b15fde-4d45-4e63-8928-b75a8cdcba93,usr_12558,desktop,9,120.11,False,True,-0.6261
,baf31dd6-ef2f-4e0c-9a15-bfb781454a1f,usr_11835,tablet,11,119.45,False,True,-0.6001
,1fe7182f-30c2-4a9e-b97c-170a92817ea8,usr_92964,tablet,10,119.5,False,True,-0.6422
,544df822-1af1-438f-896b-8e7556fec0f8,usr_89626,desktop,10,97.7,False,True,-0.646
,f8c18dda-410e-492b-8325-c8811e788905,usr_44569,mobile,14,135.21,False,True,-0.6445
,5c4e1f35-745c-4825-8565-801039525c1a,usr_56471,bot_scraper,8,9.62,True,False,0.0
,fc3d1a42-5239-40f0-9c4b-e61d31b421d7,usr_71293,bot_scraper,4,9.25,True,False,0.0
,0a199ebe-048d-4737-807f-83e7c46c7fd7,usr_23106,desktop,11,126.73,False,True,-0.6433
,d9ea19ec-b004-46db-b9a4-bf608f0ff7e7,usr_91919,mobile,11,124.27,False,True,-0.6433
,9b0a5c29-f322-4812-abf2-0c53523d371c,usr_78053,tablet,14,127.43,False,True,-0.6291
,67abf316-43e4-469a-b7f8-2bbd8b9233da,usr_46054,desktop,14,5480.21,True,True,-0.6591
,a24f4150-719a-40bc-bf0a-26bc6d5b65cf,usr_81263,desktop,11,105.73,False,True,-0.6102
,497fa3fb-f00a-478b-a132-d202eae30d73,usr_91176,desktop,12,121.08,False,True,-0.6089
,12ca1d70-9e66-485a-a664-28af70d1e2c4,usr_22218,desktop,4,4816.5,True,False,0.0
,b31075be-4cc3-4407-bcdc-8b7956b5b7db,usr_59334,desktop,7,4778.29,True,False,0.0
,ce78d12d-5a0b-46f7-977e-4baff84946e6,usr_38240,bot_scraper,5,12.0,True,False,0.0
,b4e8c2d1-cac9-4d05-a7a0-11e2568e0e7b,usr_21239,desktop,7,128.29,False,True,-0.611
,b189d000-cb10-4d3e-9d8a-73652a77a25c,usr_61897,desktop,10,117.5,False,True,-0.5983
,1c8df1ce-9720-4bca-a1d0-ddc74d16fefb,usr_06899,mobile,8,5194.38,True,False,0.0
,710c99d3-e75c-41c9-aa21-511fd1dd0ddc,usr_44401,tablet,14,125.43,False,True,-0.6316
,e46a0e27-c868-494c-b18d-2db194ca0612,usr_11281,mobile,11,121.0,False,True,-0.615
,50454808-7fe9-4dc4-b6ed-97f38133c134,usr_90350,desktop,11,118.45,False,True,-0.6016
,23a5812e-dce5-40ee-9193-9ef1c2f46d32,usr_59377,tablet,6,5757.83,True,False,0.0
,4fec0c26-8c67-41c0-b539-c5f7cad8c611,usr_62032,desktop,13,128.54,False,True,-0.6239
,cf910893-bd81-4c83-a91a-227e96ea4111,usr_11837,mobile,12,121.17,False,True,-0.6171
,b0884bef-1b0c-42f9-85b6-08d82f7f8282,usr_06641,mobile,13,117.69,False,True,-0.5983
,1c8df1ce-9720-4bca-a1d0-ddc74d16fefb,usr_06899,mobile,2,3343.0,True,False,0.0
,7ab3eca4-e62a-4044-87f6-951fcff30d7e,usr_02116,desktop,5,4699.4,True,False,0.0
,cdcb815d-b743-40e6-a8a5-47a04a0f1468,usr_90363,desktop,14,128.29,False,True,-0.621
,38536b4a-f164-4d12-b18a-99b8408bed0b,usr_78222,tablet,13,104.69,False,True,-0.6406
,49c24590-a0f5-4d1c-bf4f-bb588f4fd3fe,usr_50291,desktop,12,114.83,False,True,-0.6095
,673e2d93-c490-480a-abb8-1959cae45430,usr_42927,tablet,14,133.86,False,True,-0.6244
,4ab1bba0-a051-4e4d-985c-97525504b643,usr_76170,tablet,11,108.82,False,True,-0.5984
,9593fe12-3881-4043-9fd9-43d0b48b7f7e,usr_50267,mobile,14,121.5,False,True,-0.6271
,42e84012-a73c-4575-9bec-e8e3433f9fd1,usr_55887,mobile,10,125.0,False,True,-0.6173
,7ab3eca4-e62a-4044-87f6-951fcff30d7e,usr_02116,desktop,4,4611.0,True,False,0.0
,8b8ef0cf-586b-49d2-a82b-85165846b43f,usr_38549,mobile,1,3833.0,True,False,0.0
,f2071bc4-3204-47da-a72f-315436b2eabc,usr_14897,bot_scraper,8,5.75,True,False,0.0
,48bf3078-ab37-4d0c-9324-4113059e606e,usr_24001,tablet,14,125.29,False,True,-0.6068
,64497b1c-a469-4346-b445-d89019535cd8,usr_59501,bot_scraper,3,2.67,True,False,0.0
,7a2dbc04-ef3d-4abc-8338-14ba5eb2c61b,usr_87685,mobile,11,121.36,False,True,-0.6052
,9b499593-6f3e-4697-948d-297bb30373db,usr_50984,bot_scraper,13,9.08,True,False,0.0
,25febbd5-dff4-4cce-b117-11c2dc764570,usr_55661,desktop,14,5149.79,True,True,-0.6591
,76132fbe-da3a-40e6-b04d-390da1f5204e,usr_22200,mobile,4,3846.5,True,False,0.0
,74f94f64-462e-4ea9-ac1b-77aaff452164,usr_90742,mobile,14,124.5,False,True,-0.6271
,a5c1bc0e-b704-4892-a548-4219783efd99,usr_20892,bot_scraper,12,8.92,True,False,0.0
,0f9e129f-9d5c-4d08-90ca-f0e265857bb2,usr_32989,tablet,8,5191.75,True,False,0.0
,f2071bc4-3204-47da-a72f-315436b2eabc,usr_14897,bot_scraper,3,6.0,True,False,0.0
,8b8ef0cf-586b-49d2-a82b-85165846b43f,usr_38549,mobile,12,4792.0,True,True,-0.6259
,aaba6cb2-f7fa-40c4-8870-7f19b60b42bc,usr_21045,mobile,10,122.7,False,True,-0.6416
,6535f992-2673-48e4-95e9-4c11a5cc7508,usr_70577,bot_scraper,7,9.29,True,False,0.0
,2bd7b8b1-e92b-4b8f-bd42-0b0396a159e3,usr_46182,bot_scraper,11,9.18,True,False,0.0
,e8c04beb-693c-4cfa-b27d-1bd5b9e88fef,usr_03855,tablet,14,116.29,False,True,-0.6098
,3fdb6534-7021-456e-a456-ce48c19ef67d,usr_20525,mobile,12,124.92,False,True,-0.6115
,7db5a515-1ae9-4935-804b-e7a6066996dd,usr_48725,desktop,13,117.69,False,True,-0.6003
,72f92ef4-a5ff-42b2-be76-bc9406b39287,usr_40595,tablet,13,122.38,False,True,-0.6173
,17113d8f-7121-4091-a91b-0e8cfd2085be,usr_65813,mobile,14,127.14,False,True,-0.6291
,36565df9-a2d1-4fc0-b9f2-e0098241c378,usr_84692,tablet,10,5345.6,True,False,0.0
,9495bc27-b6f1-4f1d-81e3-a55be7c50672,usr_79185,desktop,13,4574.77,True,True,-0.6354
,5ecf06ec-74a1-4aa9-95a0-8a1e59a6d405,usr_77098,mobile,11,127.27,False,True,-0.6071
,a8a37ee2-6952-4130-8f2c-79f07f0148e0,usr_22935,bot_scraper,4,6.0,True,False,0.0
,9af676b8-3bcd-416d-9399-108b575bce87,usr_90715,desktop,12,119.92,False,True,-0.6063
,67880c74-9bd8-424e-961d-e67f2ba67200,usr_92280,bot_scraper,8,8.12,True,False,0.0
,3bd8fb74-e907-4b4e-8210-46cd9917d969,usr_40424,desktop,13,122.0,False,True,-0.6245
,25c4c0b9-4b46-4c51-934a-0a220573c348,usr_28927,tablet,12,122.67,False,True,-0.6191
,c5062ff4-9d79-4ce1-9018-e1aa53133ee1,usr_57759,tablet,13,117.31,False,True,-0.6095
,4938bf8a-fb01-4711-99ad-da9deb91fe23,usr_74665,bot_scraper,5,12.4,True,False,0.0
,aaf061a0-cdf7-41ad-93af-aafc287d88d6,usr_28800,desktop,12,122.58,False,True,-0.6173
,acaa2e77-edd3-4239-b715-5cc5ed3505c4,usr_88834,desktop,10,133.3,False,True,-0.6035
,3d163602-c445-4637-881c-33d38947299e,usr_59931,desktop,3,4444.33,True,False,0.0
,764662a2-35f0-41ac-9fc0-c1604442e2f7,usr_34094,bot_scraper,5,11.0,True,False,0.0
,8707171b-7c57-48b2-8764-3a2de53ee5e9,usr_23844,tablet,13,127.31,False,True,-0.6043
,3c3f253a-2562-4744-adab-9e96601987c0,usr_82917,desktop,14,125.79,False,True,-0.6055
,bd1d9c19-4e6c-4789-a47d-379f8d243fce,usr_31588,mobile,10,118.6,False,True,-0.5996
,b809a9b4-18e7-4ca1-9e79-db56ebfd40e4,usr_12950,bot_scraper,4,11.0,True,False,0.0
,2eeb4116-d31a-49f2-b452-fac0bb67656d,usr_27258,mobile,4,4329.25,True,False,0.0
,075a969b-b5aa-4725-9acc-c2ca2235e9f0,usr_19703,bot_scraper,11,7.18,True,False,0.0
,524c24de-4035-4804-8b83-325668020600,usr_37934,desktop,13,100.38,False,True,-0.6226
,dea1cc1f-125a-42c1-baeb-8915be846fe5,usr_42754,mobile,13,124.38,False,True,-0.6173
,e34a8734-abde-4f55-87ba-3217555b541d,usr_28488,bot_scraper,13,10.85,True,False,0.0
,efd772c8-f500-43e9-9000-a0ba46a9dec7,usr_17837,desktop,11,129.64,False,True,-0.6463
,7f104c1b-95f5-43bc-a597-2a0bfd1f4429,usr_64194,tablet,9,112.22,False,True,-0.6042
,158e4a19-e8d8-40fb-994f-a70d2ed01c81,usr_09826,bot_scraper,7,10.71,True,False,0.0
,b5f17c0e-bb35-4f03-8aab-b004ae6ac62c,usr_77413,mobile,14,115.64,False,True,-0.6225
,e7e320c4-b2b2-4b53-bfaa-7b44d1c6f1e5,usr_90241,bot_scraper,4,7.25,True,False,0.0
,53470482-68ad-4f79-ab18-e0966fc04ea2,usr_16055,tablet,9,4332.56,True,False,0.0
,e2e60377-1acf-474d-b135-50f6b73861f5,usr_80883,desktop,9,116.33,False,True,-0.5971
,98f89051-f2a3-47a6-97f7-6a9184d8e206,usr_13864,desktop,14,114.5,False,True,-0.6377
,a45144cd-a6bc-4f42-bb5b-89fd32dc6869,usr_88581,bot_scraper,4,8.25,True,False,0.0
,67ac0ec0-539e-40d3-857a-6d8b8f7ae98d,usr_69379,bot_scraper,6,6.67,True,False,0.0
,98d25208-0528-4168-b871-d65d84c1cdf9,usr_48301,mobile,14,124.57,False,True,-0.6278
,193afa32-3395-44e8-84b5-f8c64fbe1762,usr_82602,mobile,8,5179.5,True,False,0.0
,dc934678-a0e8-44bf-896d-9957814fc633,usr_13175,mobile,14,115.21,False,True,-0.597
,158e4a19-e8d8-40fb-994f-a70d2ed01c81,usr_09826,bot_scraper,4,10.25,True,False,0.0
,26abd5df-0200-40b7-9c9c-bfc092239cf5,usr_37167,bot_scraper,14,7.93,True,False,0.0
,163107db-29b0-4598-9aa2-af3315e0bebd,usr_12865,bot_scraper,6,11.0,True,False,0.0
,67ac0ec0-539e-40d3-857a-6d8b8f7ae98d,usr_69379,bot_scraper,2,5.5,True,False,0.0
,0f7edefc-2c5a-47ed-9191-8f675c2c5776,usr_24552,mobile,2,3462.0,True,False,0.0
,b0278a2b-329c-4d6b-92eb-abb04f2d6f5e,usr_53491,mobile,14,123.07,False,True,-0.6243
,c1e94587-2651-47be-a14d-a46883965656,usr_82041,mobile,14,102.71,False,True,-0.6227
,e5e61237-0063-4fbb-b4aa-d9fb24de1be9,usr_83078,desktop,12,121.5,False,True,-0.5997
,e530cab4-a1a4-408d-9c76-37eb506f0ae0,usr_50470,tablet,11,104.64,False,True,-0.6003
,fbe06e80-5862-4231-a780-79fea46300ef,usr_77173,tablet,13,124.46,False,True,-0.6123
,a00ba129-4907-4739-8e1d-a7f278185671,usr_13223,desktop,14,116.71,False,True,-0.6212
,84b66dfc-a8ae-4968-97e2-479218a7eced,usr_75048,mobile,13,132.15,False,True,-0.626
,4f05caa5-90bf-4738-a50e-182925ad1149,usr_95635,mobile,13,117.69,False,True,-0.6095
,5e3607c5-7dbb-43bb-9164-bb0dd7203df9,usr_32274,mobile,9,114.0,False,True,-0.6022
,8ae82843-66b0-4b41-b4b0-b5048e61d9ed,usr_32673,desktop,13,120.0,False,True,-0.5998
,0f7edefc-2c5a-47ed-9191-8f675c2c5776,usr_24552,mobile,8,5877.38,True,False,0.0
,89ce8018-297f-4fd4-9a98-f9f50ad9a144,usr_31693,bot_scraper,8,8.62,True,False,0.0
,5e328273-e784-438f-b269-417034d1fec1,usr_80846,bot_scraper,7,8.57,True,False,0.0
,ab700334-e976-489c-8fe5-ed6598a8ddd4,usr_66955,mobile,10,107.7,False,True,-0.6398
,a5ab1b6c-9e91-4903-bd2b-6333d8e8f9cc,usr_66010,tablet,13,102.46,False,True,-0.6346
,f833bf26-d87f-41d8-951f-3934fd849b36,usr_85419,bot_scraper,5,11.2,True,False,0.0
,c268d686-7bf3-435a-89f9-7fabd932296b,usr_96964,mobile,10,133.7,False,True,-0.6035
,358111a5-0164-4672-9b4d-ba9050f712cd,usr_56432,mobile,13,110.85,False,True,-0.6131
,133c7d06-2923-4ba1-85f5-7eb405a3e03b,usr_07226,desktop,11,98.64,False,True,-0.6154
,ba89601f-8a3d-4493-abb1-5a97f9f995ed,usr_48093,tablet,14,127.07,False,True,-0.6397
,254dc160-ee92-4b8e-a525-3ebdd8622748,usr_04165,tablet,13,112.08,False,True,-0.6304
,6f778b94-aee0-45b8-b5c0-ebd01de6490e,usr_18094,desktop,4,5306.25,True,False,0.0
,a44c17e4-86ad-43f2-9d5f-a3e173c8e5ab,usr_40783,mobile,12,117.83,False,True,-0.6037
,f39a87fa-5250-422b-a907-564905d7695a,usr_04411,tablet,11,98.09,False,True,-0.6154
,66b495d9-febc-4cf4-b748-c3e8e0c50bda,usr_63455,mobile,3,5713.67,True,False,0.0
,f833bf26-d87f-41d8-951f-3934fd849b36,usr_85419,bot_scraper,9,7.0,True,False,0.0
,1bb81442-b907-41b1-9a7c-6f98026c5287,usr_65431,desktop,11,103.64,False,True,-0.6414
,faf7add0-077e-482b-a5ff-84eb81ff88b4,usr_47374,desktop,11,116.73,False,True,-0.599
,83a2d027-accc-47c3-967f-732b2887acb0,usr_36702,desktop,12,110.5,False,True,-0.6498
,4dd0311e-6b6e-48f5-a83b-fd79c228e052,usr_14939,desktop,12,121.75,False,True,-0.6512
,e22d6ca0-6b1d-4091-95f9-46bdbcb6e683,usr_12662,mobile,13,131.69,False,True,-0.626
,4dfb4f1b-a76c-454e-bced-0f57d52fbe72,usr_27787,desktop,14,119.07,False,True,-0.6212
,fa8efef1-b99c-472a-b9be-ea72f516628f,usr_59450,tablet,12,101.75,False,True,-0.6236
,97df9be9-1e75-4c14-96ee-b1ef49810d04,usr_07348,mobile,12,108.5,False,True,-0.6033
,55bd8a1e-caf4-43da-aa06-ab4c17fb03d9,usr_42472,mobile,14,118.57,False,True,-0.6457
,d2266c01-5835-4cb9-b61b-94b62948fe2e,usr_55551,mobile,14,115.71,False,True,-0.6039
,c8e856de-c1ac-4901-b3ab-117b09580c35,usr_14705,desktop,10,116.2,False,True,-0.6408
,ec6e493e-e2d0-47a9-b951-472245b55760,usr_31723,tablet,11,132.09,False,True,-0.6032
,90802d29-5c64-46a9-b8d9-a8cab8ef718c,usr_81047,mobile,14,112.43,False,True,-0.6279
,56f74e38-1a97-42bb-9dab-0308603ccb2d,usr_52957,desktop,13,115.23,False,True,-0.6128
,9108f0e7-b75e-429b-a4a5-3c18cb36d498,usr_85473,bot_scraper,11,9.82,True,False,0.0
,9079ee1e-c27f-43d9-8a93-5d2ff63f178e,usr_21781,mobile,12,126.58,False,True,-0.6506
,e6f8ce71-2702-4f61-9c78-97cc603bfb1d,usr_65763,bot_scraper,12,10.17,True,False,0.0
,7ea6b6d0-1632-4f08-9fd8-2a46d5cd9a30,usr_98150,tablet,12,125.42,False,True,-0.6115
,4f529056-0785-482f-a42a-bcb99b3360cf,usr_19963,tablet,13,111.08,False,True,-0.6218
,e1aecbdc-d167-4e08-8b83-8425643d1cda,usr_25109,desktop,12,116.5,False,True,-0.6057
,f06bda73-bfa5-45dd-9a6b-5d21e62151de,usr_64546,tablet,12,113.17,False,True,-0.6102
,853ce36c-730f-4e6e-b9f8-40222a937db9,usr_79383,desktop,14,121.64,False,True,-0.6271
,0701ca7b-ca11-44a1-8f73-f89ef73f8f23,usr_42941,tablet,2,5124.5,True,False,0.0
,1778efbc-4419-4e4c-8f1a-788540e37890,usr_03156,desktop,12,120.58,False,True,-0.6089
,f7ed4baf-4047-4273-856b-bcfbe048dd5e,usr_31232,bot_scraper,3,12.33,True,False,0.0
,82f7bbf9-bf5e-42b6-a742-b6d2ad94d121,usr_97278,bot_scraper,4,9.0,True,False,0.0
,4b018ea8-44c5-4d5d-a5db-fddeb59d71bc,usr_93455,tablet,7,4205.29,True,False,0.0
,f5f65e17-53ed-4230-acc2-69a1eb5d381a,usr_61232,mobile,12,110.25,False,True,-0.6075
,b92d673e-3a83-48ca-86c9-a8b74164d3c4,usr_92033,bot_scraper,12,9.83,True,False,0.0
,b7cc32bd-0508-473c-be7b-12a5a576d4c3,usr_22881,tablet,12,112.08,False,True,-0.6079
,0701ca7b-ca11-44a1-8f73-f89ef73f8f23,usr_42941,tablet,9,5551.89,True,False,0.0
,5a5fad23-2f76-4d7f-ae3a-79d442ec3dce,usr_15161,desktop,12,137.67,False,True,-0.6088
,34a4598e-10d8-4e36-95a3-b6a8cbdd7659,usr_29351,mobile,2,5785.0,True,False,0.0
,0eddfc68-490f-4fe0-8bc9-fef52fdc56d1,usr_99233,desktop,13,128.92,False,True,-0.61
,702aa665-b3c1-4b95-87bd-88d5231b15b5,usr_11958,bot_scraper,13,8.85,True,False,0.0
,1ebf2dee-1e6d-47d8-a930-3f74fe83cbd6,usr_64301,tablet,3,4835.33,True,False,0.0
,55fd9773-d8ad-4799-b370-4e58d0ac1161,usr_51268,desktop,13,135.62,False,True,-0.6147
,d26ee68b-a941-43b6-842a-ac60dc19dc60,usr_45123,tablet,11,122.91,False,True,-0.6058
,4b018ea8-44c5-4d5d-a5db-fddeb59d71bc,usr_93455,tablet,7,5602.14,True,False,0.0
,82f7bbf9-bf5e-42b6-a742-b6d2ad94d121,usr_97278,bot_scraper,6,6.0,True,False,0.0
,aa8f6f4b-3778-402a-828b-104dc820c642,usr_29871,bot_scraper,1,5.0,True,False,0.0
,86d048dd-a60b-45eb-b15b-a91f54156aa3,usr_79994,desktop,11,129.91,False,True,-0.6123
,8f360a74-f11e-4020-ba0d-bcb5f135f13c,usr_30402,bot_scraper,10,7.4,True,False,0.0
,c79a1667-1bd7-47ce-9523-7f8a8c165381,usr_50121,tablet,13,113.54,False,True,-0.6154
,369d5443-78fc-4b7c-b624-997f227a34ac,usr_83819,mobile,14,110.57,False,True,-0.6166
,5bb07b28-c4ea-42f3-a37d-3c8a13e132fd,usr_79597,tablet,12,101.25,False,True,-0.6204
,430509d7-b537-43b8-a56e-38a81ea63c99,usr_48011,desktop,13,112.46,False,True,-0.6242
,a6f310b9-9a1c-47a6-aaac-add45b311030,usr_35848,mobile,12,114.5,False,True,-0.6196
,34a4598e-10d8-4e36-95a3-b6a8cbdd7659,usr_29351,mobile,5,3222.0,True,False,0.0
,aa8f6f4b-3778-402a-828b-104dc820c642,usr_29871,bot_scraper,3,5.0,True,False,0.0
,4eac3196-2423-4e2c-a095-29247af12e45,usr_03149,desktop,13,127.77,False,True,-0.6319
,f6415c03-1204-4501-832e-ab1594d39265,usr_72388,mobile,14,136.0,False,True,-0.6787
,1359ab62-ad11-4313-929f-141c4506820f,usr_58601,mobile,12,113.58,False,True,-0.599
,bdb30ffa-1354-46a7-8422-abeb77d4eb6d,usr_37926,desktop,11,126.45,False,True,-0.6058
,b8dd45db-d4ad-48c9-802a-1e58e98b198c,usr_75318,bot_scraper,9,8.89,True,False,0.0
,3d515b60-f3df-4818-a724-0f309b5b2a14,usr_76080,mobile,14,137.21,False,True,-0.6367
,d63e45ad-734f-42e9-bdc7-348fbf0b6e3d,usr_97948,desktop,11,112.09,False,True,-0.6073
,2ed1b712-92df-46e4-91eb-85375905bda3,usr_42410,mobile,11,103.27,False,True,-0.6028
,971d5c03-23e0-426f-a84f-acb076af0f8a,usr_30783,bot_scraper,5,9.4,True,False,0.0
,85182788-4e7c-4b47-948b-d230021ee48b,usr_93017,tablet,14,107.29,False,True,-0.6324
,1a4d2e6d-d229-475c-9c5d-70cb3b424416,usr_17256,desktop,10,4780.0,True,False,0.0
,023d3bf0-9ec8-4fca-a1d9-1b94b1f69de2,usr_21803,tablet,13,133.38,False,True,-0.5979
,7b37c156-69ba-458a-ae61-afbdbbf5b537,usr_22527,tablet,4,5187.5,True,False,0.0
,17e8bcd2-bdf7-41e0-977a-6403bbc5d48d,usr_75093,tablet,4,4664.5,True,False,0.0
,b05f513c-f8c1-42ef-8c3c-21e4eb86bb7d,usr_02152,mobile,12,124.17,False,True,-0.6004
,0a958b85-65bf-4ade-b310-6ee227990293,usr_09690,tablet,13,112.77,False,True,-0.6218
,7cedf7d9-5975-469c-b7da-73eb7a307a00,usr_20074,desktop,11,133.0,False,True,-0.6144
,47032205-cee9-4675-b19a-2ae1d6538010,usr_37883,mobile,14,117.43,False,True,-0.6444
,b8dd45db-d4ad-48c9-802a-1e58e98b198c,usr_75318,bot_scraper,1,13.0,True,False,0.0
,9c0e480e-03ab-4a37-bed7-c3fb69a82b0e,usr_60179,desktop,14,5584.36,True,True,-0.6605
,a4ee49a9-4aaa-4694-ae39-cfc12562f38e,usr_61886,tablet,14,124.71,False,True,-0.6278
,2c4fb738-c9a8-48f2-8c33-ba4ce23c0946,usr_18989,bot_scraper,11,11.0,True,False,0.0
,a9d6cb70-39ac-4cd9-810d-fc5638fa56cf,usr_38087,bot_scraper,4,14.75,True,False,0.0
,7b37c156-69ba-458a-ae61-afbdbbf5b537,usr_22527,tablet,6,5435.5,True,False,0.0
,68d5a9a5-8b44-4cee-a68e-c382ed4de90d,usr_41615,bot_scraper,5,11.4,True,False,0.0
,707418a5-2d91-4a8c-a3e8-1fba192b2396,usr_21777,bot_scraper,11,9.18,True,False,0.0
,1c9f72d2-5004-4841-9886-534797c03fce,usr_94449,desktop,14,120.07,False,True,-0.6111
,af834967-9bba-4669-90fc-60916f8acc83,usr_69402,desktop,12,130.17,False,True,-0.6042
,0600ffc1-9b92-4161-8e6c-509b36b0cd3d,usr_32226,tablet,11,115.36,False,True,-0.6026
,b023876e-0b59-49c7-bc52-544deb18c1a7,usr_12769,tablet,13,133.54,False,True,-0.6147
,28cef388-dec4-4a31-8c14-0ed49f11b5f8,usr_64599,mobile,12,112.0,False,True,-0.6116
,5898383a-afaf-4497-bd30-96b62f917c1f,usr_38790,desktop,6,4764.83,True,False,0.0
,8b97a851-28c5-47ff-b89c-f4031df88fc6,usr_70534,desktop,12,107.75,False,True,-0.6159
,7dc4e184-e8fa-482c-975e-84d76e962237,usr_53069,desktop,14,4656.21,True,True,-0.6507
,847d7b4b-2c2c-4178-a048-41615a65e6ee,usr_64452,mobile,14,5348.36,True,True,-0.6591
,28f06feb-2579-422f-a370-b263e78f173f,usr_40209,desktop,14,130.79,False,True,-0.6345
,68d5a9a5-8b44-4cee-a68e-c382ed4de90d,usr_41615,bot_scraper,6,8.83,True,False,0.0
,d3e9cb6a-d5fb-4919-ab15-833b7be41ff0,usr_80730,mobile,3,4539.0,True,False,0.0
,a1518fc6-01e1-4e1a-b83b-f4122cadbe0a,usr_36362,tablet,9,111.78,False,True,-0.6254
,fec627ff-598f-4904-bb57-a610c18dece2,usr_86825,desktop,7,6011.29,True,False,0.0
,e6b0b2a1-9aac-4bc4-a1b9-1646acac779a,usr_55350,tablet,12,4583.67,True,True,-0.6239
,c0e62df9-2648-4362-96b8-177c2ea7dcb9,usr_92232,bot_scraper,11,8.18,True,False,0.0
,ed1d801f-e7f0-4dc4-b321-365db7511e7c,usr_57693,desktop,11,142.64,False,True,-0.6007
,87bf3ad3-0234-49b1-810d-228196100e15,usr_09834,tablet,12,108.08,False,True,-0.6033
,918a5709-77a0-44c6-b2ff-69f14e982beb,usr_49756,desktop,10,142.7,False,True,-0.6035
,78939ba5-468f-425a-80a3-2d43d84cacb6,usr_08631,tablet,6,4810.33,True,False,0.0
,fd286dd7-269a-4452-a726-1110c298bb14,usr_70990,bot_scraper,4,10.25,True,False,0.0
,6f2b6eb7-077d-41e6-8b99-cc634de1c399,usr_00222,tablet,10,135.4,False,True,-0.6035
,d3e9cb6a-d5fb-4919-ab15-833b7be41ff0,usr_80730,mobile,6,3710.83,True,False,0.0
,bb9d0bb9-18e0-4c5a-b78f-e96ad2dc475a,usr_30720,mobile,10,111.5,False,True,-0.6022
,7d2b5f44-6cc0-49e9-840a-6d4b70345866,usr_73237,mobile,11,126.64,False,True,-0.6087
,793cfcf8-bd42-4573-aaec-a0be11d4e438,usr_05794,tablet,8,5550.25,True,False,0.0
,e14e64b6-eac8-410f-8a8e-4d6b49ebdba3,usr_12706,tablet,11,137.0,False,True,-0.6144
,597f2fbc-7d93-4932-b6f8-ea2cbbb4b903,usr_82997,mobile,13,5081.77,True,True,-0.643
,be78fd75-7023-4bfd-98fd-2e7d399833cd,usr_02094,bot_scraper,12,7.25,True,False,0.0
,5bc0c121-145f-42ce-ba96-688fdfda82bd,usr_33354,tablet,9,108.44,False,True,-0.6266
,78939ba5-468f-425a-80a3-2d43d84cacb6,usr_08631,tablet,8,5144.75,True,False,0.0
,2801cabf-9d15-493e-9401-2dd6c6ec895c,usr_30814,bot_scraper,5,8.4,True,False,0.0
,3aa2a293-e541-4da0-abfb-0217e9395a5f,usr_73630,tablet,14,123.29,False,True,-0.5989
,1729c010-3601-4eec-8040-081cc4d62318,usr_74578,bot_scraper,11,9.18,True,False,0.0
,e5fa7b73-2c9b-429b-af38-e31910786d38,usr_18251,mobile,8,5100.0,True,False,0.0
,7291a878-ae33-4613-aac8-5ae2861b0380,usr_15552,desktop,7,5077.57,True,False,0.0
,bc6fcffb-6948-4dd0-9599-bc9085747a86,usr_11657,mobile,7,5122.71,True,False,0.0
,19db08f8-7120-4cd6-a1af-0596a7efa91f,usr_41087,tablet,12,128.75,False,True,-0.6371
,c0b817f5-4904-48d7-aca8-249c63e4a05f,usr_56848,mobile,9,110.22,False,True,-0.6254
,473bfacc-d995-48a2-bc8c-8e20670399fc,usr_77571,mobile,3,5897.33,True,False,0.0
,5f44e5f1-32f8-4c19-bdac-e05e9661869f,usr_17065,mobile,12,117.75,False,True,-0.6037
,53d27486-e335-4698-8bb4-8cc6189732bf,usr_79368,tablet,11,117.45,False,True,-0.6092
,114cb241-33b0-4559-b3a3-3ea45843227e,usr_21134,desktop,11,120.27,False,True,-0.602
,74cf1c81-c033-4ac2-914d-8dc7fb8579ac,usr_57366,desktop,12,125.33,False,True,-0.6004
,03fb1deb-ce31-4f21-96cb-9a60082827a5,usr_59609,mobile,9,5270.44,True,False,0.0
,79901bf1-ba65-412d-9582-09f689f8c956,usr_02420,tablet,10,133.7,False,True,-0.6035
,834bd00e-6793-4837-ae5b-d43c5e3d9be5,usr_49205,tablet,10,120.0,False,True,-0.6422
,f9d9bba7-f56f-429f-9c83-8c5edd23f2f6,usr_74890,mobile,13,119.69,False,True,-0.6115
,62378896-cd75-4f63-a38c-33ec26438bee,usr_98838,mobile,14,128.5,False,True,-0.6585
,320610df-0131-4140-8c98-8ae89c890851,usr_69536,tablet,12,115.0,False,True,-0.5977
,981c3011-bff8-44fa-8025-9dc86073fc03,usr_46872,mobile,11,114.45,False,True,-0.6052
,a680a683-ca0b-4471-83b6-c1e9c40fc476,usr_58553,mobile,13,110.23,False,True,-0.6055
,e9eb5b6a-8bb1-4e52-87c6-804a306d056d,usr_81284,desktop,14,129.43,False,True,-0.6154
,edb998ce-fd91-4fdf-bbc4-c2e6c0af9171,usr_34176,desktop,14,130.36,False,True,-0.6345
,1ef8e3c2-eb28-4ec7-bbfa-6ccdb4c4ef15,usr_29408,tablet,14,121.93,False,True,-0.6271
,769d05b8-38ba-4d50-a8c9-1fb574b5e774,usr_27340,desktop,6,133.83,False,True,-0.5994
,af7d319a-aed2-453d-b212-9c4449134427,usr_02268,mobile,11,119.91,False,True,-0.6014
,c8688f08-9456-4a37-9f54-ab1e42731b40,usr_90422,desktop,4,5295.5,True,False,0.0
,a7c192b3-dece-46de-8dd0-f1cd2f94e0f4,usr_49259,desktop,11,124.0,False,True,-0.6058
,8679abe2-5758-4b21-867b-0ba06efb37f3,usr_90555,tablet,14,114.29,False,True,-0.6271
,1c3778be-64a5-4b1a-8811-4b1b02553fcd,usr_17792,tablet,13,127.69,False,True,-0.6589
,19a3cbe6-e622-45a4-80af-782b9b6c6f80,usr_71414,desktop,14,111.79,False,True,-0.6158
,0795145a-d7d0-44e6-a3f2-2e087cce1dcc,usr_03166,mobile,5,5448.0,True,False,0.0
,5916af18-b877-4c18-8bcd-4363aeda7708,usr_78052,tablet,4,5186.5,True,False,0.0
,7dd71302-7816-4ed3-b298-4fd867152775,usr_25862,mobile,6,4844.5,True,False,0.0
,6d3f9ee8-a884-4a7e-926f-81d04af79d6b,usr_59423,mobile,12,4040.75,True,True,-0.6121
,3600e44e-3f86-48b0-b462-58457a158c63,usr_95612,tablet,11,121.55,False,True,-0.6151
,e08947de-6289-43bf-bb96-598c7a41ec15,usr_96510,tablet,14,116.29,False,True,-0.6433
,a443b539-75b6-47b2-a25e-7d7f3a551b36,usr_96036,desktop,11,93.64,False,True,-0.6061
,3123125e-8170-4629-8e36-714cad5b125e,usr_10904,bot_scraper,4,9.0,True,False,0.0
,6320baca-288e-4e6c-a215-80234d77f840,usr_94129,mobile,12,111.25,False,True,-0.6116
,915d3ff0-ff95-4f61-ac08-a94e85ec65d3,usr_13593,mobile,10,124.5,False,True,-0.6416
,bdcd3ec8-d97e-49df-8476-6c851d180916,usr_84510,bot_scraper,12,9.42,True,False,0.0
,5b391506-6ada-4aba-88a3-c03aeb02f62a,usr_59832,tablet,14,102.07,False,True,-0.6481
,97b38191-94a0-403a-a840-4819245ef2be,usr_26642,desktop,14,127.36,False,True,-0.5996
,6fba932b-49ad-4909-90bf-1132148d652b,usr_79538,bot_scraper,14,9.14,True,False,0.0
,b620e7f5-d2fe-4ee2-ad28-1c5139a76019,usr_39219,mobile,9,106.44,False,True,-0.6259
,63f3bbfe-0456-494a-a08f-8ad73926e995,usr_60631,mobile,14,123.86,False,True,-0.6278
,a6045153-5475-4ad9-81d6-ee9b527e3ea3,usr_74824,bot_scraper,5,8.8,True,False,0.0
,d57285c5-b243-410a-a390-3fcf998ae5fc,usr_50461,desktop,12,114.75,False,True,-0.6095
,bc186da6-818a-4aed-b84f-1a63f9266b4c,usr_46011,mobile,12,131.5,False,True,-0.6201
,c051192e-f61d-4719-87c3-bc741e3341f6,usr_83235,mobile,9,94.44,False,True,-0.6151
,2e725697-7eef-4a1e-b285-eb248ac7d6d3,usr_91021,tablet,13,110.15,False,True,-0.6131
,be4cc156-a198-4320-a313-6fc937271889,usr_50272,desktop,14,99.43,False,True,-0.6012
,13ab8c2e-02c0-4ce5-8541-f3f807d83630,usr_13929,desktop,12,123.83,False,True,-0.6115
,029a069a-786a-4f0b-a3d6-44d7a766c31e,usr_75199,tablet,14,115.93,False,True,-0.6111
,a44c6610-e4bc-4ed0-b509-76c61ef790cf,usr_02266,bot_scraper,13,8.31,True,False,0.0
,866dd904-9de3-4c98-8876-a4eceb01e890,usr_63848,mobile,11,116.18,False,True,-0.6425
,b38d7931-ad38-4ede-a07c-94b62ba55fa8,usr_69193,desktop,3,6867.33,True,False,0.0
,94b4e18e-f8ae-4390-955d-2d51e57939fe,usr_65954,bot_scraper,2,12.5,True,False,0.0
,227dbd11-6514-42aa-ad54-01457c932c1a,usr_56173,bot_scraper,4,9.5,True,False,0.0
,6f5de3ab-3dd1-4e51-a16f-49c98cd24559,usr_61401,desktop,11,123.27,False,True,-0.6058
,d1f2c0e5-1cbb-46cd-916a-e780856d0545,usr_36126,desktop,4,3630.75,True,False,0.0
,634a31d7-2646-4305-9afc-a821589e78da,usr_82972,tablet,14,109.14,False,True,-0.6324
,0827c333-a02a-4095-9eb1-821147d606a4,usr_15787,mobile,10,128.7,False,True,-0.6416
,227dbd11-6514-42aa-ad54-01457c932c1a,usr_56173,bot_scraper,7,7.57,True,False,0.0
,7ad70001-7a21-4315-a7e7-f7f8ace13003,usr_49022,mobile,14,119.07,False,True,-0.608
,1b67b05d-8585-4167-b7b8-a9599fbb1e70,usr_33538,mobile,14,114.79,False,True,-0.6171
,7327dbd7-1003-4508-8b8f-d27027c9a2d6,usr_88568,desktop,11,125.55,False,True,-0.6058
,b38d7931-ad38-4ede-a07c-94b62ba55fa8,usr_69193,desktop,8,5454.25,True,False,0.0
,b0cd82d0-b52f-41b0-a534-ae2233b534e3,usr_86726,desktop,10,139.7,False,True,-0.6011
,94b4e18e-f8ae-4390-955d-2d51e57939fe,usr_65954,bot_scraper,2,14.0,True,False,0.0
,95e5effb-7423-42d8-8534-973a139b6a1b,usr_33022,desktop,11,102.55,False,True,-0.5999
,105dedc9-c25e-44d6-9dfe-7b8ffe22c9cf,usr_07395,desktop,11,108.0,False,True,-0.6109
,881031f7-48d0-49ba-80dc-6a35cd7a4e52,usr_72789,bot_scraper,4,6.25,True,False,0.0
,1df11bcb-96ae-494a-a0d3-2ce6e5df9bac,usr_05305,desktop,14,131.64,False,True,-0.6445
,1a01b6d8-bfa0-4841-9d93-7e168721922c,usr_60104,tablet,6,5655.67,True,False,0.0
,5ac370e6-8d81-43b2-bddb-f153ca76d4ba,usr_61143,tablet,13,114.46,False,True,-0.5978
,dea94eee-3efe-4ea5-b017-ef5deca24e1a,usr_74159,desktop,12,110.75,False,True,-0.6498
,3a2f394d-fd19-4239-8a44-76c8039959d5,usr_27174,desktop,12,131.25,False,True,-0.6238
,7ae1b3f0-a9eb-4c88-a8a3-b1902ee50b7a,usr_57919,mobile,9,119.78,False,True,-0.609
,919bd3ae-40e5-40f4-8df6-6b93981e79e1,usr_69021,mobile,12,118.58,False,True,-0.6505
,93453ecb-c0ff-46fc-b16a-0c1e458e9252,usr_58122,desktop,12,4690.0,True,True,-0.6252
,aefc3a61-c5f3-405b-9c41-3e2085ac5195,usr_58069,desktop,14,120.57,False,True,-0.5977
,151a002c-dcc5-446f-8d0b-359d5f9bca6f,usr_09017,desktop,7,5443.0,True,False,0.0
,b6f56848-d2ed-4668-aa96-96ac540215d2,usr_29787,desktop,14,114.64,False,True,-0.6265
,71f5d3bc-fdfb-4563-994a-bc3ab0d4e4aa,usr_13633,desktop,5,7052.0,True,False,0.0
,5696d560-b235-4746-834c-ac4928914d40,usr_97047,bot_scraper,9,8.22,True,False,0.0
,fd844548-4c83-49c3-a4fd-7b4bf571d12b,usr_42215,bot_scraper,11,7.91,True,False,0.0
,0770fb5f-8fe0-4857-b4f4-ea51257610df,usr_13057,mobile,14,123.36,False,True,-0.5989
,a1a74ab2-58f3-4a48-8946-7c778f272205,usr_06078,desktop,14,119.93,False,True,-0.6011
,f4a383a3-7f6f-4f07-9d78-989d54e57dc5,usr_61599,bot_scraper,7,9.14,True,False,0.0
,70426896-30c7-4204-98b5-14df6752bd19,usr_91402,tablet,14,113.57,False,True,-0.6143
,f6a04e6e-0b5c-4ccf-9076-7a8664656360,usr_63905,bot_scraper,5,8.4,True,False,0.0
,2c2dc1ff-3336-49f9-9ba9-1dc69c15eb67,usr_31565,tablet,12,128.42,False,True,-0.6107
,2ce3fbe0-7601-45c1-94d7-fc7765294aef,usr_51736,desktop,12,4924.67,True,True,-0.6313
,7bf6b8d1-2377-4acc-adc6-8958c46b2bff,usr_67165,bot_scraper,6,8.5,True,False,0.0
,bfac0072-ce98-4181-8269-0d2208a82f33,usr_04930,tablet,13,128.54,False,True,-0.6126
,f1f10187-85ae-46ca-a868-97ed0a69a7ad,usr_99502,desktop,12,117.67,False,True,-0.6037
,0041032b-f8c7-4cf1-a072-96797b24cdab,usr_63529,desktop,14,5582.0,True,True,-0.6605
,7bba7ac6-7898-40fd-a072-2786f1377f44,usr_47021,desktop,11,105.0,False,True,-0.5974
,ceb486c6-379e-4efa-b47c-a06d656ee358,usr_88230,tablet,14,127.14,False,True,-0.6025
,f4a383a3-7f6f-4f07-9d78-989d54e57dc5,usr_61599,bot_scraper,1,8.0,True,False,0.0
,c0e96ffb-eb04-45bf-9a47-35067cb82502,usr_02747,desktop,13,117.31,False,True,-0.6058
,4814fc5d-d49c-4d12-af08-1d8a8a21ea55,usr_32843,tablet,11,126.55,False,True,-0.6139
,c8a6b190-651c-4851-93ff-8bfdef890330,usr_46286,tablet,14,123.0,False,True,-0.6278
,52701ab8-3266-4c61-a906-3c7c722b8fe1,usr_36788,tablet,9,139.44,False,True,-0.6134
,11b46212-7ea4-4de4-957a-e04a616931c4,usr_36292,desktop,11,119.82,False,True,-0.6439
,6d7951d7-eb24-46bd-b889-a1d7af8e0a65,usr_13272,mobile,12,4089.33,True,True,-0.6121
,84418766-8879-4d98-be36-b7c87fdbbd04,usr_66107,mobile,11,119.36,False,True,-0.6001
,be1e9e23-afe1-4815-a741-ebcf5ea39fff,usr_67225,mobile,12,131.5,False,True,-0.6201
,7a130d00-e058-4eb1-b343-c37491c03ee1,usr_20493,tablet,10,130.7,False,True,-0.6015
,35e981eb-e440-471e-99f1-00781a3cc224,usr_99572,tablet,14,111.64,False,True,-0.6273
,33e98df2-3676-4ae7-87c9-47208aad054b,usr_58568,bot_scraper,11,8.91,True,False,0.0
,d77254b5-4d8f-4df0-8b80-7035dfe055b8,usr_19516,desktop,14,112.5,False,True,-0.6098
,7a58fa05-98c3-4bac-931f-5a722b79f0c3,usr_89034,tablet,13,114.85,False,True,-0.6034
,a5c49372-c05c-4b82-b12f-01a5676f6b26,usr_50711,mobile,8,108.62,False,True,-0.6091
,c1b0ed10-6bfe-4994-addc-195581c51b6f,usr_06311,bot_scraper,12,11.33,True,False,0.0
,a21431ca-f7b2-4744-8205-e96cb6a456e6,usr_94956,bot_scraper,9,11.22,True,False,0.0
,c19a0568-d844-4d6b-b4ee-222b62271846,usr_43826,tablet,14,123.0,False,True,-0.5989
,60fcf3cf-7211-4f21-b0d1-8bd83bee7012,usr_97156,mobile,10,3636.3,True,False,0.0
,2874f61a-3466-47d0-8b6d-e23dae5c9b5d,usr_14864,tablet,12,123.5,False,True,-0.6115
,88de771e-75ce-4a08-bef8-2d3d9b904c58,usr_48429,tablet,12,112.25,False,True,-0.602
,ea588159-6490-42f1-af36-d29af7b9b0c5,usr_02442,tablet,14,123.5,False,True,-0.6457
,6baae6d8-445d-4517-b06d-28e78f0cbbd0,usr_03504,desktop,14,120.21,False,True,-0.6225
,75584a73-e829-4a85-a4de-a151829b6c86,usr_92122,mobile,13,113.38,False,True,-0.6041
,8b7ef0ff-e231-4b59-aa43-62c6058e82e4,usr_15179,tablet,14,111.71,False,True,-0.6273
,4715a09d-b410-4c40-b2ee-8a4bee3fb3c4,usr_73518,mobile,8,5254.12,True,False,0.0
,7eeec256-7da3-43b5-9a18-5d793466d123,usr_84002,tablet,14,5333.07,True,True,-0.6591
,76eab2bf-3864-4eff-b3a9-e494b580d139,usr_01824,bot_scraper,12,8.75,True,False,0.0
,1ed16d11-cb0f-4551-997c-b9b34a9020d5,usr_50845,desktop,11,112.64,False,True,-0.6066
,c595bc33-f649-479a-850d-33d0fce62512,usr_89776,bot_scraper,2,14.0,True,False,0.0
,c205535e-55bf-4f42-a1ab-724a4e388efd,usr_61979,bot_scraper,9,8.89,True,False,0.0
,025deef0-6858-4457-9068-108feade6455,usr_40993,mobile,12,131.83,False,True,-0.6201
,c595bc33-f649-479a-850d-33d0fce62512,usr_89776,bot_scraper,3,12.33,True,False,0.0
,65f84e3b-b2b0-4714-91bb-4a3cc08eed03,usr_36502,tablet,9,133.67,False,True,-0.6322
,b7b2fc0c-3d48-4396-8c8b-dc77085be4a6,usr_59458,tablet,14,142.0,False,True,-0.6367
,48c9a0d1-aa6d-4eb5-9b63-301028e3425a,usr_82727,tablet,14,115.21,False,True,-0.6232
,b1008238-1b0e-4376-b5de-134916ee6fa6,usr_93678,tablet,12,127.42,False,True,-0.6128
,0d9b548f-4237-43bf-bd75-11b1d9a1fbcc,usr_44533,bot_scraper,4,12.25,True,False,0.0
,ab0a6fb4-9e2d-440d-a6cc-3f85ea172350,usr_85916,mobile,6,3946.67,True,False,0.0
,e13fdf68-3030-44d1-889e-81e86ecd1938,usr_58381,mobile,13,115.69,False,True,-0.6084
,dda8e075-09e9-47fb-9163-f332a14e1d0a,usr_88388,desktop,11,117.55,False,True,-0.6425
,eb7325dd-2af8-4c60-80c3-5603661452dc,usr_19212,desktop,14,123.93,False,True,-0.6278
,d858e3cc-cbea-4337-9bb0-282e3bd97053,usr_58144,mobile,13,116.38,False,True,-0.6108
,4e4ebe71-9918-4d05-84fb-3fba090a4311,usr_86169,tablet,14,115.71,False,True,-0.6225
,42e966d8-a5ee-4fb9-936c-b7e4fd7e0465,usr_26654,desktop,14,121.36,False,True,-0.6271
,b2290cef-9cfb-4d4e-b78f-1b11d87a4d67,usr_80255,mobile,10,136.9,False,True,-0.6095
,8da4e7fe-5f5a-4049-87fd-5debb30c8938,usr_12441,mobile,10,115.5,False,True,-0.6408
,93e25a59-90a6-454d-a902-3e4b36d2d694,usr_32987,desktop,14,98.79,False,True,-0.6303
,fc8ecbb5-000e-4ac7-83ca-0d0996b77ef2,usr_15728,mobile,14,113.07,False,True,-0.6363
,406ebcc9-eaa5-47b3-89f9-f23b06b28b37,usr_77868,mobile,11,108.64,False,True,-0.5985
,ff7f4776-b802-4c0b-ab5a-7e5487761563,usr_06494,mobile,7,5067.43,True,False,0.0
,a68a2273-83b5-4c72-a878-ab7409fac131,usr_56597,desktop,12,120.08,False,True,-0.6097
,0a665316-9aea-4211-be5b-79313729a298,usr_87719,mobile,12,125.0,False,True,-0.6115
,4dc0ae41-51b4-4379-9885-e7a0aa993a58,usr_04027,desktop,12,139.92,False,True,-0.656
,accfd312-3cc7-4c76-a049-d4eade27135c,usr_53894,mobile,11,133.0,False,True,-0.6032
,8ad1f22c-39f8-4bb9-b49a-9fa94d148c9b,usr_40323,desktop,12,122.42,False,True,-0.6115
,0cd50c90-9abf-46f8-9ee1-7c32aa3a8de6,usr_22869,tablet,10,141.3,False,True,-0.6156
,416f071f-4128-4165-ac2c-8b242607f9c7,usr_47637,mobile,11,132.82,False,True,-0.6144
,c6bb3c05-d435-4273-b7cb-07a312e5b2f5,usr_32805,tablet,4,4839.75,True,False,0.0
,ff7f4776-b802-4c0b-ab5a-7e5487761563,usr_06494,mobile,5,6839.8,True,False,0.0
,48cf7c48-4f93-48d0-a869-d42413dcda6f,usr_24343,desktop,3,6343.33,True,False,0.0
,5fe466e7-fbd9-4b96-b245-b2f785e944a1,usr_69241,mobile,14,113.07,False,True,-0.6283
,ad7a36a7-8fbb-41d0-a3e6-3d4896779dd4,usr_03084,bot_scraper,11,8.0,True,False,0.0
,2e3afd44-eab3-4bbb-ae15-c775897380fe,usr_18379,desktop,6,5317.5,True,False,0.0
,dd3b99b2-1ce3-439e-89a7-47a233474787,usr_11642,tablet,13,120.69,False,True,-0.6147
,e49afa72-d4bb-465e-af48-81694d4ffeee,usr_41442,tablet,11,133.82,False,True,-0.6143
,d96021f1-7c98-4d7f-a92b-3ec7558aa486,usr_93613,tablet,13,112.15,False,True,-0.6304
,48cf7c48-4f93-48d0-a869-d42413dcda6f,usr_24343,desktop,9,6307.44,True,True,-0.6034
,5a7b6ab7-434c-4e24-bb4d-3dc7fedc286e,usr_40028,tablet,13,109.08,False,True,-0.6212
,2639aad4-4bfb-4f2b-8f55-658325ebc338,usr_49407,bot_scraper,7,9.0,True,False,0.0
,54fd2600-b3d6-4c1f-8331-9fccc7290724,usr_31420,bot_scraper,12,12.5,True,False,0.0
,60182b78-9cd4-4169-88d4-bf2139dfc2c5,usr_90891,mobile,8,5428.75,True,False,0.0
,23277462-a99c-44e8-a5ab-faeee0aa4112,usr_54767,bot_scraper,11,8.45,True,False,0.0
,917cdac8-bc88-492d-a276-17ad320a1d47,usr_17489,mobile,6,4192.5,True,False,0.0
,b14513c1-f3bd-4954-822d-503de7db4fa1,usr_59758,desktop,12,112.75,False,True,-0.6088
,2e3afd44-eab3-4bbb-ae15-c775897380fe,usr_18379,desktop,4,4647.25,True,False,0.0
,4f9dc710-c95a-49ad-b234-a9f810015a35,usr_35798,tablet,13,118.31,False,True,-0.5976
,f854d8b8-c7be-48f2-83e1-da257683f1ce,usr_01622,tablet,13,117.85,False,True,-0.6095
,b19a0923-c87d-4e6f-bf3d-7b9a3ba40494,usr_99801,mobile,13,114.92,False,True,-0.6147
,61b8da69-3c4b-4b0b-b78d-9f3010a28caa,usr_14484,tablet,14,127.36,False,True,-0.6397
,0f6dcd87-9fe3-4346-9c91-0c029e737fa9,usr_15670,tablet,11,102.45,False,True,-0.6154
,9794be4f-0229-4531-8c26-d9e6e1b98c1d,usr_48438,mobile,14,118.43,False,True,-0.6212
,0cd0df12-5565-40dc-9176-7b69076a8b59,usr_04215,desktop,13,4950.69,True,True,-0.643
,fe50c076-46a3-42a7-8dea-9b3e785ba28e,usr_65240,desktop,12,132.83,False,True,-0.615
,8a1266b8-ea59-4bd0-b732-19a5011155be,usr_99933,desktop,9,120.0,False,True,-0.5973
,7cdee441-2564-4b80-a2d3-3e79425c64c5,usr_31962,tablet,13,120.85,False,True,-0.6147
,d5584432-5136-48b9-aa6e-d7c22aeaed4d,usr_03069,tablet,12,122.67,False,True,-0.6065
,9adad654-40f6-4492-957d-05e423f43e60,usr_95052,mobile,6,4905.0,True,False,0.0
,482b7c42-a0f2-445f-bd05-7a50826dd208,usr_06728,mobile,11,110.45,False,True,-0.6066
,b544a94b-56cb-4e77-87bf-e01bcf90a471,usr_63190,desktop,13,110.85,False,True,-0.6055
,6794a689-17cc-48eb-ab52-38f3345e54c4,usr_98844,mobile,3,5011.67,True,False,0.0
,4d97b465-1a0c-40de-923b-7605a14fbe39,usr_96603,tablet,12,115.33,False,True,-0.6076
,26a2e9e4-5045-4371-8f2a-d28dae5aecff,usr_71782,desktop,9,4808.11,True,False,0.0
,bd79ca43-6b8b-42bd-b223-49576fcac2a5,usr_66303,desktop,9,121.0,False,True,-0.6014
,e0524206-0fb9-47d5-89ac-6edff9667b37,usr_77320,bot_scraper,1,16.0,True,False,0.0
,87c6a316-85bf-4bf3-bd24-3c2f844617ce,usr_84714,bot_scraper,4,7.5,True,False,0.0
,c5fd33b9-d96a-44e2-a32a-2a39cda4c01e,usr_74294,tablet,10,121.2,False,True,-0.6422
,e4ab2981-b25d-4de5-8531-4290d4a8b8f5,usr_14759,mobile,14,125.71,False,True,-0.6086
,6a90766f-1213-4386-b42a-6b67eadac944,usr_42161,bot_scraper,8,8.38,True,False,0.0
,c8bbd86d-9367-4570-a191-d61bb7fdc2ea,usr_41979,desktop,13,108.46,False,True,-0.6212
,793956e2-e48a-48d4-8ae7-f98d217188a9,usr_06918,desktop,12,119.33,False,True,-0.605
,88b72951-77ef-40ba-ab9e-2c452b0cf23f,usr_26305,desktop,13,115.92,False,True,-0.6121
,ff9b82e2-6fe2-4c57-b690-bc18e5082d53,usr_94538,desktop,8,105.62,False,True,-0.6097
,4d70491c-6413-44c0-99da-e6254ae78850,usr_96538,mobile,13,117.92,False,True,-0.629
,46b3760c-12d3-4291-9677-1ce19debca73,usr_67429,bot_scraper,2,12.5,True,False,0.0
,aedfa0aa-6e72-456a-ba3e-e21e75109a66,usr_31485,mobile,9,5099.67,True,False,0.0
,dcd0f133-f3ff-4a16-ae32-2e2ede36faa7,usr_43006,mobile,14,115.0,False,True,-0.6251
,1a3fc8ec-5c62-47b2-865b-0cabb9550511,usr_16963,tablet,13,128.69,False,True,-0.6589
,efdf1625-5013-4451-a9b3-f2d8d0ab98e4,usr_57181,bot_scraper,11,10.0,True,False,0.0
,e0524206-0fb9-47d5-89ac-6edff9667b37,usr_77320,bot_scraper,12,10.5,True,False,0.0
,61fda14d-6ec9-4bce-ade4-c0917ba5e272,usr_04594,tablet,12,122.42,False,True,-0.6173
,e35b8472-a235-4fd4-93a0-aa0fcead8723,usr_41582,desktop,13,122.54,False,True,-0.6173
,7d59679f-30ef-4bcc-9ed1-071927322f78,usr_39868,desktop,13,113.08,False,True,-0.6123
,46b3760c-12d3-4291-9677-1ce19debca73,usr_67429,bot_scraper,4,11.0,True,False,0.0
,5a21179f-dcd8-4c12-958e-f60de19651d9,usr_56033,tablet,10,113.3,False,True,-0.6415
,de4943ed-70a8-41a6-8510-a79b9f6089c8,usr_34527,bot_scraper,10,6.5,True,False,0.0
,b9c3bf47-d132-44ed-8a1f-e38465fd15c2,usr_01140,bot_scraper,11,7.27,True,False,0.0
,9c978180-9b8b-4481-b5d1-23ff89895667,usr_84028,mobile,13,109.0,False,True,-0.6212
,3f51c383-daca-4de1-bea8-894669b1273a,usr_69374,desktop,11,124.27,False,True,-0.5972
,cbc53412-2a93-4dd9-97a7-e99aacde35a0,usr_67893,bot_scraper,11,7.73,True,False,0.0
,480b4589-22ee-4610-9c04-f8bf851aca60,usr_13308,desktop,12,115.92,False,True,-0.6118
,e9466124-7794-4e51-a4aa-70950b55740d,usr_87751,tablet,11,125.27,False,True,-0.6045
,834f4541-3a84-4ec6-ad8b-c58a3c4f3ffc,usr_50100,bot_scraper,5,5.8,True,False,0.0
,d1f48a10-2a15-49ba-ba35-4a0cee2891a4,usr_89087,tablet,3,3890.33,True,False,0.0
,73e15113-6c29-443b-acf6-c24c7e62b4e1,usr_34521,bot_scraper,8,6.12,True,False,0.0
,d4b5af29-a209-410c-acb5-5e137d0a5523,usr_89276,bot_scraper,6,10.17,True,False,0.0
,831c8c3a-21d6-4401-b677-1706bbb6c4df,usr_98955,desktop,14,114.14,False,True,-0.6457
,87b6558e-c492-4189-891d-456d3c2a41ba,usr_79953,mobile,6,4109.17,True,False,0.0
,1c2015fb-fddf-49cd-bf8e-8ccf39fa841f,usr_60722,bot_scraper,8,8.75,True,False,0.0
,c1bc602b-ce8b-482b-ace9-779ac63e49b5,usr_48035,bot_scraper,8,9.0,True,False,0.0
,d1f48a10-2a15-49ba-ba35-4a0cee2891a4,usr_89087,tablet,8,5406.62,True,False,0.0
,834f4541-3a84-4ec6-ad8b-c58a3c4f3ffc,usr_50100,bot_scraper,4,11.75,True,False,0.0
,def0f064-587f-4461-a26c-4bda90d1553d,usr_82431,tablet,10,134.0,False,True,-0.621
,20fe94be-1f2a-4556-ba3b-19547a109191,usr_35886,tablet,12,130.0,False,True,-0.6048
,27af8947-36c2-4435-a63b-2144dda089b0,usr_68958,tablet,6,6414.0,True,False,0.0
,5c924db3-a131-4548-af96-4f0245dc74fc,usr_70584,mobile,12,98.75,False,True,-0.6204
,ac49a10c-6daf-4c32-ba27-e328238efe7b,usr_73125,mobile,13,111.69,False,True,-0.6131
,fba3d29e-6d1f-4a65-9969-812f223f1256,usr_92908,bot_scraper,8,7.38,True,False,0.0
,c95f081c-9462-4e4b-bb3a-49108a88b857,usr_53106,bot_scraper,1,9.0,True,False,0.0
,c29946ef-a321-4612-b5b7-fb800e696ccf,usr_77044,tablet,9,126.67,False,True,-0.6255
,b6af559e-12e1-4f87-9e03-8888dd62d659,usr_27351,mobile,13,105.62,False,True,-0.6072
,96a219c3-0420-4527-9a68-2fab63f924ea,usr_98542,desktop,12,4941.0,True,True,-0.6313
,62b478f8-24a4-4a35-b4d3-9892087a6a86,usr_53895,mobile,7,4099.57,True,False,0.0
,d23a7972-dfd5-4ceb-a152-b19befea5ca9,usr_02219,mobile,13,118.85,False,True,-0.6256
,93c64376-28f1-47ed-8bf6-9b863cc912a5,usr_68166,mobile,13,116.31,False,True,-0.6071
,4a1021f8-8923-4774-96cc-35b40d4933eb,usr_72697,mobile,6,5213.0,True,False,0.0
,a11f3c15-68f7-4a14-b7ab-a606cdcab957,usr_91075,mobile,13,120.15,False,True,-0.6128
,b56610b5-3701-4021-bd72-2722e5ad97a3,usr_68599,bot_scraper,14,9.21,True,False,0.0
,c95f081c-9462-4e4b-bb3a-49108a88b857,usr_53106,bot_scraper,5,10.6,True,False,0.0
,96a219c3-0420-4527-9a68-2fab63f924ea,usr_98542,desktop,1,4446.0,True,False,0.0
,e145aba0-5a68-41a5-8a2b-0013535b745a,usr_60925,tablet,10,114.2,False,True,-0.6415
,169c35b0-7ef7-42aa-9d5a-a2975e6eb910,usr_24282,bot_scraper,5,5.6,True,False,0.0
,ba9278c3-076c-4974-a698-ddcded81f6f3,usr_43928,mobile,14,122.86,False,True,-0.6529
,9844d668-bcc9-4041-b69e-606daa8653c6,usr_95193,desktop,11,117.55,False,True,-0.5988
,5d27db3c-5e6a-4af9-840a-50a112d4341d,usr_35691,desktop,14,125.14,False,True,-0.5996
,bea5f516-7430-47c9-bf06-0902410c40dc,usr_83259,tablet,13,129.62,False,True,-0.6239
,2d6a7bd1-2f3c-40a5-8685-21ac17b555f8,usr_08945,bot_scraper,11,9.82,True,False,0.0
,020c453a-9c56-42c2-ba9a-2b9b970750a1,usr_59475,desktop,10,111.9,False,True,-0.6415
,3986eb2b-dee6-40cf-a190-9d285559856a,usr_41407,bot_scraper,8,7.38,True,False,0.0
,31dfd192-435d-4e4a-9248-e5e5bf5a7e6d,usr_28845,desktop,13,125.0,False,True,-0.6384
,b16de7d3-e3ea-40c9-867a-dd6c250f0b42,usr_16995,mobile,12,124.17,False,True,-0.6115
,43468a67-62f6-4a3c-9d4a-6f1835cf681d,usr_77641,desktop,6,91.83,False,True,-0.5995
,d03ae653-3361-441d-bf76-a1157a247e7b,usr_84528,bot_scraper,6,9.33,True,False,0.0
,aede0254-4414-4c01-8f2a-36057f355b39,usr_39703,bot_scraper,3,8.0,True,False,0.0
,8f6c2179-b734-4164-983d-91d9c0d0922c,usr_65530,tablet,12,132.83,False,True,-0.6537
,81e57d0c-e898-4f21-8a8b-8ba0135bcc1b,usr_46683,tablet,11,127.64,False,True,-0.6087
,2db626d0-e499-471a-9ac2-165a61a61b10,usr_54085,mobile,14,130.5,False,True,-0.6197
,5228b2fa-c887-452c-989e-8d1e5580fc63,usr_44797,tablet,6,4939.0,True,False,0.0
,5da791ff-aa06-4136-b02f-06aff5c23e1e,usr_29994,tablet,4,4605.0,True,False,0.0
,e32eb586-6bbb-4373-a91c-5ec65a29d826,usr_38158,mobile,13,118.31,False,True,-0.5996
,14023d20-a2f0-4d35-b5fd-b30bda5ddf45,usr_81331,mobile,12,128.5,False,True,-0.6107
,9c5c73ae-6033-4ab0-8c7e-7f0dd82e2336,usr_32909,desktop,12,125.58,False,True,-0.6115
,4c01a6df-b911-4c6a-9f99-1f0fdc7b3b3b,usr_94304,bot_scraper,9,9.44,True,False,0.0
,b7f439ca-11fd-425c-8d77-d7f0e9e2af9c,usr_73377,mobile,12,111.25,False,True,-0.6116
,d03ae653-3361-441d-bf76-a1157a247e7b,usr_84528,bot_scraper,7,6.71,True,False,0.0
,21cbac21-565f-43f6-966a-1dc232694041,usr_15054,mobile,14,129.64,False,True,-0.6345
,78a36cdf-f2a9-4ca1-a11a-6458b87b65bc,usr_48376,tablet,14,118.21,False,True,-0.6098
,a9bae8cb-661a-4c24-8f38-adf6dde9f02e,usr_33302,mobile,14,119.29,False,True,-0.5973
,7851c3ca-be37-4184-a35a-c7e7faa66459,usr_34230,mobile,14,105.93,False,True,-0.6503
,5228b2fa-c887-452c-989e-8d1e5580fc63,usr_44797,tablet,2,4193.0,True,False,0.0
,e80117d7-5b29-4212-9518-dcc607fbd961,usr_87129,desktop,12,125.17,False,True,-0.6113
,a2549803-df74-4984-a4c2-165c173d52f1,usr_41421,bot_scraper,3,9.0,True,False,0.0
,4f04d490-d3ba-488d-a69c-1f92b8e79834,usr_00524,bot_scraper,12,7.92,True,False,0.0
,a59f7231-f44d-4249-9a67-a1c98fbad985,usr_37207,bot_scraper,1,3.0,True,False,0.0
,9fc0ec34-c5ff-457c-896b-8e6b07b40115,usr_13390,bot_scraper,4,6.0,True,False,0.0
,a4199ec4-65ce-4dc9-ae9c-48de56ed3d80,usr_21705,desktop,13,124.77,False,True,-0.6299
,f3a88bcd-3f56-4704-b087-4e9798e6e42c,usr_72278,desktop,13,112.31,False,True,-0.6131
,f0ac77e4-9b46-4c7f-a4de-3cb2c96205d7,usr_35437,desktop,14,5743.57,True,True,-0.6605
,e94181c8-0e76-42dc-9543-3ecd10b410b4,usr_10233,bot_scraper,9,7.11,True,False,0.0
,a65bed54-393e-4a67-b1f6-02d0a1e4f2b9,usr_63143,mobile,13,103.31,False,True,-0.6439
,ebdc41d0-e395-4c49-9dbb-fc2e8d9bcffb,usr_39192,desktop,11,119.18,False,True,-0.6016
,695841c0-edc8-4608-aac7-c87cea2f7eb2,usr_21472,tablet,13,127.08,False,True,-0.6323
,d7c4ccaa-832d-45b8-a4fc-054bf875b28d,usr_22119,mobile,12,117.42,False,True,-0.6037
,dc782aae-303b-4dad-8137-3748e9175d57,usr_63331,desktop,13,107.62,False,True,-0.6181
,2f6eb474-51dd-4d1e-8d69-7a4ce5d2df4e,usr_71331,desktop,14,124.14,False,True,-0.6271
,cca0ee33-274d-42c6-bd4f-73aa3fda8cae,usr_09547,mobile,13,122.77,False,True,-0.6233
,a59f7231-f44d-4249-9a67-a1c98fbad985,usr_37207,bot_scraper,9,7.11,True,False,0.0
,21c9a413-5a03-4077-9eb1-bc4e9a7c5256,usr_98187,tablet,7,131.0,False,True,-0.611
,c92010c6-5be0-45dd-ad28-eb57ddc02736,usr_56859,tablet,2,4866.0,True,False,0.0
,02c5f17f-dd5c-47b9-abd0-82e703873d7c,usr_33681,mobile,14,116.07,False,True,-0.6716
,7baa3207-2fa4-45b8-88a9-e09e7c21c76c,usr_31620,tablet,11,113.45,False,True,-0.6052
,1311154c-8b5f-4438-8608-801260a59603,usr_99060,tablet,8,4931.75,True,False,0.0
,fe508b8a-be9f-4070-ab10-c38749d2e070,usr_20361,bot_scraper,11,11.0,True,False,0.0
,d0c26a8b-cf59-4678-9014-8a551978270e,usr_91076,tablet,14,124.93,False,True,-0.6446
,8de16880-148a-4c69-9863-a65e2769dba0,usr_41410,bot_scraper,4,5.75,True,False,0.0
,dba0e667-1788-4d75-b5f7-871f541aacb4,usr_65286,desktop,14,115.79,False,True,-0.6111
,c92010c6-5be0-45dd-ad28-eb57ddc02736,usr_56859,tablet,8,5541.0,True,False,0.0
,4797ecb5-f805-49e2-a74d-e3eaa8ed9050,usr_85509,tablet,7,4853.43,True,False,0.0
,e0316314-1515-4dbb-bc51-2ab6c88a13af,usr_97344,bot_scraper,5,8.4,True,False,0.0
,c2214a1d-3b20-41a3-9519-bb69215222b5,usr_97450,bot_scraper,8,11.25,True,False,0.0
,03606847-a3ff-4864-b762-a16cecaa7a21,usr_64919,tablet,14,125.0,False,True,-0.6383
,fe508b8a-be9f-4070-ab10-c38749d2e070,usr_20361,bot_scraper,3,2.67,True,False,0.0
,74fdff32-670c-4a8d-b346-ac6754ecdcb6,usr_83632,bot_scraper,5,9.4,True,False,0.0
,7fe77e86-e352-4db0-b0e4-1447016cfd56,usr_11017,mobile,2,5668.5,True,False,0.0
,afb18486-f6db-49b7-84f3-bac63eb361e7,usr_42352,mobile,6,4749.17,True,False,0.0
,5c2db716-cdb3-4809-ad06-8921018d00fb,usr_25911,tablet,10,5868.1,True,True,-0.6079
,35ab6e58-3607-4a3a-a32c-22347c789ac2,usr_37184,tablet,14,115.71,False,True,-0.6225
,8a46c859-cee5-498d-8f54-a5c66776ccf4,usr_55847,mobile,13,106.62,False,True,-0.6174
,779b5f28-5bf9-405d-8712-7abd7d65227b,usr_29908,desktop,12,108.83,False,True,-0.6159
,12e29bee-e5b5-412b-be36-5697d500ddab,usr_59956,tablet,13,116.92,False,True,-0.6108
,e1ff7180-905c-42d4-a5f4-39c8644f9b6f,usr_45125,desktop,14,137.0,False,True,-0.6367
,5a110935-8110-4e26-8ee6-190a5e6c8f39,usr_07290,desktop,11,4710.82,True,True,-0.602
,1106d6e1-1371-4bae-9b2b-c0381a452d02,usr_13696,tablet,11,5323.0,True,True,-0.6116
,1f3d76b7-049f-4043-b7c5-087c0347dd3d,usr_97670,desktop,13,98.77,False,True,-0.6257
,7fe77e86-e352-4db0-b0e4-1447016cfd56,usr_11017,mobile,12,5510.92,True,True,-0.6389
,efb142ad-dda9-42f8-bb60-cc69aa122191,usr_97458,mobile,11,127.73,False,True,-0.6078
,5c2db716-cdb3-4809-ad06-8921018d00fb,usr_25911,tablet,1,5925.0,True,False,0.0
,712625bf-987f-4f28-a12c-6b2748c2c2da,usr_22662,tablet,9,114.33,False,True,-0.6022
,9cb3b31c-33d0-4833-a84f-b1cdb866360a,usr_86755,tablet,7,140.57,False,True,-0.6138
,afb18486-f6db-49b7-84f3-bac63eb361e7,usr_42352,mobile,3,5755.33,True,False,0.0
,e4182bdd-df8e-424c-a9a8-a536c8617c46,usr_89866,bot_scraper,6,10.17,True,False,0.0
,86535996-6489-4840-9662-aa081d9806cc,usr_48348,tablet,13,128.54,False,True,-0.6239
,b097f6cb-214c-457e-93f1-2a5bf55359d6,usr_08833,desktop,11,128.91,False,True,-0.6012
,35e7d659-ac99-434c-949c-9a330c27b637,usr_03246,mobile,12,132.92,False,True,-0.6069
,18fdaffb-92e5-4c0d-b182-42ba62855209,usr_73951,desktop,9,5261.78,True,False,0.0
,3f5f939a-d64b-4def-a4a7-ebc9ed17ea2f,usr_02908,desktop,12,110.67,False,True,-0.6088
,1d267b9c-fd50-4f83-85f9-d3e34207552e,usr_33944,bot_scraper,4,8.5,True,False,0.0
,922d1543-3755-45ea-93b4-050769545898,usr_92981,mobile,13,131.92,False,True,-0.662
,ae1392be-71a1-49ed-9b4d-28be02bc6259,usr_55832,tablet,11,130.55,False,True,-0.6123
,171a36ba-01b4-4835-b0bd-fb76e436d5c6,usr_66316,desktop,7,121.14,False,True,-0.6052
,4dfec69c-1b25-4ff0-a66d-ef602ba0ccba,usr_58085,bot_scraper,7,5.71,True,False,0.0
,313e3d0e-afbf-482f-89db-665f79528a62,usr_13833,desktop,12,143.17,False,True,-0.6088
,b81df0b8-e996-43ec-bd7d-dc9418b296cc,usr_61783,bot_scraper,8,12.38,True,False,0.0
,9ddd4343-1957-4d61-a521-adc2006f6a93,usr_20193,bot_scraper,10,9.8,True,False,0.0
,780ae2d0-8435-4f6b-983f-6147dbc8b680,usr_20841,mobile,10,112.8,False,True,-0.601
,1d267b9c-fd50-4f83-85f9-d3e34207552e,usr_33944,bot_scraper,6,7.0,True,False,0.0
,92ed137a-24f3-4089-87e9-b0dd414f7684,usr_50348,tablet,3,4770.33,True,False,0.0
,4dfec69c-1b25-4ff0-a66d-ef602ba0ccba,usr_58085,bot_scraper,3,7.0,True,False,0.0
,3a3839f5-5b48-442f-9c26-8388cc74cf69,usr_79927,desktop,11,140.36,False,True,-0.6032
,b11a2b34-c064-489d-b1b4-13d6c70188b7,usr_95378,mobile,12,112.5,False,True,-0.619
,241ff96e-0431-4ad8-b437-aec85d68a390,usr_18018,bot_scraper,1,15.0,True,False,0.0
,fe98eb10-a7ea-4a12-9788-9e3a8b7940ab,usr_52200,mobile,13,4047.92,True,True,-0.6234
,a53cf66b-ced2-43af-affb-9da3751c18ae,usr_91613,desktop,14,123.14,False,True,-0.6278
,58f21d0d-2c69-4029-9af5-3fa403e71ec4,usr_11927,mobile,11,5349.18,True,True,-0.617
,577882e8-56c8-41cd-974e-949b40bbf455,usr_44067,tablet,14,110.29,False,True,-0.6279
,f0cb61b8-72f8-4717-89ee-7bf92aaf5069,usr_70933,tablet,13,129.54,False,True,-0.6439
,495957f0-6540-4eae-9574-fa6d91588fd0,usr_23281,mobile,9,111.33,False,True,-0.6254
,18834395-f302-4dba-8668-5eeb3c81c7b7,usr_60427,tablet,14,112.79,False,True,-0.651
,1238fef1-8685-4484-b377-c3000d744b80,usr_31870,mobile,13,113.77,False,True,-0.6242
,4b66468c-ade7-4820-89ae-4b394e9a25ef,usr_08278,tablet,14,113.64,False,True,-0.597
,241ff96e-0431-4ad8-b437-aec85d68a390,usr_18018,bot_scraper,6,11.67,True,False,0.0
,edfac706-78ee-461a-8561-4610c46a9c85,usr_75231,mobile,10,109.0,False,True,-0.64
,95dae95e-25b5-4221-8433-b44f0bf529e5,usr_21398,mobile,3,5140.67,True,False,0.0
,183969d5-7de7-4be8-a162-7d3abd7c3b0b,usr_23210,mobile,3,3917.33,True,False,0.0
,818821a7-30e3-4917-a5e0-4f891c40ef76,usr_30406,desktop,8,136.0,False,True,-0.6034
,bd4134d2-1f08-4ddf-b2db-402e654dcd00,usr_30437,tablet,12,4610.83,True,True,-0.6239
,3f55137b-53b9-4d34-9461-e2111e1e85aa,usr_91845,desktop,13,132.54,False,True,-0.5995
,c4044e37-4724-4eb4-8229-8a35dafbf721,usr_88661,desktop,9,125.67,False,True,-0.6036
,4ad3b739-74f3-4270-9d22-df0dfdfa5e9f,usr_16230,tablet,12,122.33,False,True,-0.6191
,f7d8568f-d73a-4677-9977-0033a9b19d74,usr_51908,tablet,12,132.83,False,True,-0.6069
,ea6d902c-35fb-4df8-b342-4ab57016b8c4,usr_44900,mobile,14,117.0,False,True,-0.6205
,646abd63-d225-4ad4-8717-a3a5ec51cb36,usr_25061,mobile,12,115.92,False,True,-0.6069
,46448d6d-30d4-47a3-879a-9c1b8b126a02,usr_76131,desktop,9,122.89,False,True,-0.6036
,709de958-4f35-4a45-be25-3b603ed6fb7a,usr_12508,mobile,5,5241.8,True,False,0.0
,ccbd8834-56d8-4803-a8b2-cfbc05196a53,usr_47204,mobile,8,5184.12,True,False,0.0
,0931ac27-c633-41f9-ac78-1c29b316ffee,usr_05521,bot_scraper,8,9.38,True,False,0.0
,948f4f5d-0641-43d8-a858-29c8543c7304,usr_42831,tablet,12,109.0,False,True,-0.6159
,b76d898a-fa11-46ae-b3cf-da3ed438be36,usr_83014,mobile,12,113.92,False,True,-0.6102
,797ea0c9-6c14-4e16-a96e-bda5916683d3,usr_07182,desktop,7,5499.14,True,False,0.0
,061351a4-3b46-4e8d-bd1d-cfbd5eaa55ef,usr_71342,tablet,14,111.36,False,True,-0.6439
,709de958-4f35-4a45-be25-3b603ed6fb7a,usr_12508,mobile,3,5633.0,True,False,0.0
,34de99f6-852f-414f-97e3-c871884023c5,usr_21559,desktop,4,6099.25,True,False,0.0
,78dc9911-7db5-4212-a2d5-a3d886562953,usr_03401,mobile,14,5044.64,True,True,-0.6584
,40dd1e07-6bdc-4159-80d4-53cdedc59762,usr_52415,tablet,8,5527.62,True,False,0.0
,b56f3539-8ff4-4560-a99a-8db9e88f4ff7,usr_74411,desktop,12,128.92,False,True,-0.6048
,b8ac2151-afaa-4819-96f2-8a83bd697985,usr_30801,desktop,11,105.64,False,True,-0.5979
,569b25ee-faa1-40b2-a40d-e3f24943d843,usr_77942,tablet,14,120.64,False,True,-0.6151
,023d2717-ef18-4b82-b7b2-70b083b03ddb,usr_50348,tablet,13,126.69,False,True,-0.5982
,30986fbf-836d-42b2-8cd9-4099608008b8,usr_35506,mobile,12,136.17,False,True,-0.656
,55d6bb55-1e6e-479b-a2d0-7fb1e7774cb0,usr_43517,mobile,13,131.46,False,True,-0.626
,9037a035-7944-4eb9-8f96-3a84285e0a3f,usr_44776,tablet,3,3128.67,True,False,0.0
,bb477fd6-acc9-411b-952f-8d6fecc4edb3,usr_42166,mobile,14,119.29,False,True,-0.5977
,81100977-2aac-473e-b06d-7556d660c0f7,usr_47942,desktop,13,112.0,False,True,-0.6168
,0f29143a-9ed5-41c1-904f-89260757b255,usr_56088,mobile,11,130.82,False,True,-0.6133
,f5500a50-96b4-4458-9890-1dccc26daf09,usr_04514,desktop,9,109.78,False,True,-0.6254
,4c81bf73-d73b-4b0f-906d-6a340338257f,usr_42930,mobile,13,124.54,False,True,-0.613
,34de99f6-852f-414f-97e3-c871884023c5,usr_21559,desktop,8,4543.88,True,False,0.0
,ca3c9ce8-039a-41ba-9dd3-ef24474abc1c,usr_19841,bot_scraper,10,8.5,True,False,0.0
,2c3d85a1-8fe2-438d-a979-ade8f196f1e6,usr_37978,desktop,5,5586.6,True,False,0.0
,85670ad7-9ebf-4927-a1e1-ae74d5cc67b4,usr_24474,mobile,12,115.92,False,True,-0.6069
,96495b5a-9963-40a1-8020-214a65fa8684,usr_25623,desktop,6,5964.83,True,False,0.0
,f39d6162-0c18-41a8-b4e7-ca69e01be0a0,usr_31633,tablet,13,116.08,False,True,-0.6121
,6a18bf9b-0d1d-4976-873a-4b93fd7ec625,usr_16567,tablet,6,3954.0,True,False,0.0
,b34f7ec0-77b1-4d4b-a20d-fc40bdaf1169,usr_41028,bot_scraper,4,12.25,True,False,0.0
,3a2a5073-3425-44fa-a056-becbf24be205,usr_96193,bot_scraper,8,9.0,True,False,0.0
,03c940bf-16f2-43b4-8fda-1f2ce25c9118,usr_46955,tablet,13,120.46,False,True,-0.6091
,8815116a-5483-45a7-8f24-d64e914435ed,usr_37303,tablet,12,110.0,False,True,-0.6137
,148ecef4-cafa-4e8e-8b36-0437a007d7ab,usr_80405,bot_scraper,3,8.0,True,False,0.0
,722bd4ec-1095-4558-a3f8-777c9d4c84ae,usr_39378,bot_scraper,7,10.43,True,False,0.0
,c262bad8-cb01-4b76-95f4-fc17fd134cfa,usr_42638,mobile,11,127.09,False,True,-0.6211
,c39f20f6-7a7b-4df0-9d48-ce45c195444a,usr_78577,mobile,9,121.0,False,True,-0.6261
,85f3b779-80ca-4049-92bc-388fbe1b8d2a,usr_81305,tablet,14,127.86,False,True,-0.6622
,dedcfc84-dec7-43c1-b85a-3771c19be2c1,usr_31676,tablet,14,118.57,False,True,-0.6212
,1227ba7b-146e-4ac6-bdfe-23a5cb5d2e94,usr_23970,mobile,14,125.21,False,True,-0.5996
,b3d49054-f780-473b-9bbf-7f516c9203fa,usr_97405,desktop,14,129.86,False,True,-0.5996
,4285d868-cf22-425f-b311-f48a758e9644,usr_71238,mobile,7,5418.57,True,False,0.0
,6a18bf9b-0d1d-4976-873a-4b93fd7ec625,usr_16567,tablet,7,4368.14,True,False,0.0
,96217fa8-c069-4aea-bda4-3a56046b7f5d,usr_33258,bot_scraper,3,9.0,True,False,0.0
,07e0622b-b456-4ce5-900f-fed17459ebc4,usr_64729,bot_scraper,6,9.5,True,False,0.0
,35f72fde-f6d3-4ebe-aba3-5c0e96faa630,usr_65496,desktop,14,97.14,False,True,-0.6371
,828c48ee-d872-47e2-8b4d-51cc421a383b,usr_11011,bot_scraper,3,9.0,True,False,0.0
,28ce7963-46c3-43e9-a18c-a1869f4a70d1,usr_77474,mobile,11,5632.55,True,True,-0.619
,2f2734eb-1510-42ac-84c4-6316f3ec38ff,usr_53493,mobile,14,123.07,False,True,-0.6278
,96217fa8-c069-4aea-bda4-3a56046b7f5d,usr_33258,bot_scraper,6,10.33,True,False,0.0
,3d8fa294-93da-4334-a5d4-1b51bc8c0839,usr_15060,desktop,1,2353.0,True,False,0.0
,4aa10d7b-c16b-4195-93f0-0862fc1da715,usr_98191,bot_scraper,5,8.4,True,False,0.0
,dde14f53-2e7a-4ee9-801a-4cc6c44c409f,usr_16117,desktop,11,119.18,False,True,-0.6439
,a8b64dd6-ef7f-4f1d-a455-7b9906fd6d97,usr_29762,desktop,11,116.45,False,True,-0.599
,3b2492c4-81b5-4b07-ae7e-c50b0d4de027,usr_71695,mobile,4,4092.25,True,False,0.0
,77b5b14d-8d6b-47ac-99e7-05f0a45ea81e,usr_80123,mobile,14,109.29,False,True,-0.6065
,ec15a8de-9719-4969-a6be-b715c9c106eb,usr_32033,tablet,4,3560.75,True,False,0.0
,43dbd2f9-aaf6-440c-8e28-03ee8c8c182a,usr_97887,bot_scraper,6,13.0,True,False,0.0
,9f684f05-3d63-40f6-af7a-0d286778df38,usr_04451,tablet,14,128.29,False,True,-0.6065
,8aa58d54-8be0-4b62-9ed8-f1884ab62844,usr_63568,mobile,12,107.5,False,True,-0.5998
,81874740-29b9-45a6-a4c9-3f1183f7f169,usr_21400,tablet,14,122.57,False,True,-0.6178
,99104ddf-1cf0-413b-8da1-9107777eeea9,usr_13244,tablet,11,102.27,False,True,-0.6427
,3d8fa294-93da-4334-a5d4-1b51bc8c0839,usr_15060,desktop,2,6504.0,True,False,0.0
,4aa10d7b-c16b-4195-93f0-0862fc1da715,usr_98191,bot_scraper,7,10.0,True,False,0.0
,b1704cd5-50e0-4c10-b90f-91e9059554bc,usr_35100,desktop,11,130.45,False,True,-0.6123
,68a9606b-e256-4bfe-91b1-89b8a2729d57,usr_34237,desktop,11,132.64,False,True,-0.6056
,5a7abdc6-312c-4b7b-be92-69cd639536be,usr_25385,mobile,14,121.0,False,True,-0.6138
,848d4ab2-d9d7-44df-88de-7e9ff239e174,usr_47323,desktop,14,118.29,False,True,-0.6205
,62bd8b5f-185b-4dde-af99-984027b77b26,usr_97778,tablet,5,4346.8,True,False,0.0
,db6d8623-adc8-43f7-bae4-e6a38d43c830,usr_91529,desktop,14,123.21,False,True,-0.5989
,4aa8f85a-44b5-4d97-b6d4-b8af56b6951f,usr_55817,desktop,11,138.36,False,True,-0.6032
,e3c01b35-1123-43cf-bbe2-8b38cdac6f85,usr_13200,desktop,13,118.08,False,True,-0.6588
,35527775-f2fa-4641-8915-126274ab09fc,usr_19130,tablet,13,129.62,False,True,-0.6239
,76e77f0e-ce1f-481e-b590-d08e9053d4c9,usr_18819,desktop,14,128.21,False,True,-0.6325
,780fe696-3533-42df-ae87-16dd827b48ab,usr_34287,desktop,12,108.92,False,True,-0.6122
,9421b85d-545e-4705-8374-9c1fca6874c4,usr_88476,desktop,13,126.0,False,True,-0.6061
,097761c9-6369-4f85-a7e9-706f171e7d94,usr_73889,mobile,13,119.85,False,True,-0.6009
,5ed5098a-4e67-48eb-a564-3c4cc19bf045,usr_57675,tablet,12,112.5,False,True,-0.6116
,d7d99409-ef0a-4838-95d7-baf83c5e0e1b,usr_66740,desktop,10,116.8,False,True,-0.61
,d4b24082-aa12-47af-ba86-7a00b4f3c872,usr_09480,desktop,14,112.0,False,True,-0.6166
,4dbc9170-3f63-4bae-b920-d8229eefeaeb,usr_63974,bot_scraper,13,6.77,True,False,0.0
,eeb35248-9c3a-4f54-92c2-e1a35013ab1f,usr_15553,bot_scraper,5,11.0,True,False,0.0
,0ba178da-8252-48e1-82d3-fdf68067a7a3,usr_50485,mobile,10,4973.7,True,False,0.0
,5cecf4ed-cedb-4bc3-af1c-18dd70dbded5,usr_48605,desktop,13,122.62,False,True,-0.6173
,e9613e1a-f5f5-4f76-8b6a-ee69c2d1b219,usr_95600,desktop,9,113.33,False,True,-0.6254
,c0a39953-9d6b-43f9-985e-e416d8e16d28,usr_93502,mobile,4,7285.0,True,False,0.0
,1f5d02a0-fefa-4482-81eb-0a38217ff805,usr_79448,desktop,11,123.64,False,True,-0.5972
,89451586-4f26-419e-87a1-ad42ac7dab58,usr_85709,bot_scraper,9,7.33,True,False,0.0
,3d910342-c5c8-4454-9a8f-f5c4a46bb47a,usr_10554,mobile,14,111.86,False,True,-0.6439
,2b7f0fa1-8e44-4d4b-9111-327f45422f24,usr_79781,desktop,10,124.1,False,True,-0.6024
,b1c5e075-0ff7-4b0d-9e39-9c2fd20df1fd,usr_43523,desktop,13,123.23,False,True,-0.6298
,db2f4de9-b183-4164-bb5f-32fd5ff5d155,usr_17282,bot_scraper,5,12.2,True,False,0.0
,3c7fa347-85b2-4a3e-9a6c-ad09c978d493,usr_17348,tablet,3,5604.33,True,False,0.0
,34b94660-be15-458e-967e-ae2a54f94acd,usr_40735,tablet,14,133.07,False,True,-0.6072
,41fddddc-140d-4125-80d6-952138da7311,usr_14244,mobile,13,129.38,False,True,-0.6239
,da58a586-df00-48bc-beb7-3601df36810f,usr_47899,mobile,11,128.64,False,True,-0.6123
,18ba7fec-5304-4f72-898c-8fb9ce1db92a,usr_32397,bot_scraper,8,12.38,True,False,0.0
,57db9ff7-9f0e-48b3-ac57-460c52bb186f,usr_91964,desktop,10,128.6,False,True,-0.6015
,9cef769a-7898-4220-82ac-2f480c7cd009,usr_40953,bot_scraper,12,11.58,True,False,0.0
,0fb9a44f-6a4c-440b-955e-e8e3723967f5,usr_03725,mobile,10,123.8,False,True,-0.6416
,2f6dd474-b870-4a38-be9f-19a9bb347650,usr_69571,tablet,6,3994.83,True,False,0.0
,6f5fa965-d914-449d-aa0e-a395efb7bebb,usr_15961,desktop,11,124.82,False,True,-0.6075
,54cf39ae-6fae-4d67-b395-79f39e3f84a4,usr_34864,tablet,13,131.0,False,True,-0.636
,a28637e3-0fb2-4c31-8131-77eada60f236,usr_54918,bot_scraper,6,9.67,True,False,0.0
,48295d24-5f7d-469b-98d9-8e96fce710f6,usr_47180,tablet,13,126.46,False,True,-0.6173
,fb25f3eb-8234-4a89-bde6-04674a969323,usr_74483,desktop,11,105.55,False,True,-0.5971
,7c916b3b-3e43-42a6-99c8-8234bc7bccd6,usr_00569,mobile,11,6195.27,True,True,-0.6254
,8c4fbbc7-f9bb-4cb9-bd6e-e894de3c3add,usr_60637,desktop,14,116.57,False,True,-0.6098
,550ed0dc-d5a7-4f08-a24b-7a4906902f2b,usr_46684,desktop,12,145.5,False,True,-0.6201
,2d368feb-b017-4ac6-a774-b4277bce2a63,usr_60916,bot_scraper,7,9.71,True,False,0.0
,9cef769a-7898-4220-82ac-2f480c7cd009,usr_40953,bot_scraper,1,10.0,True,False,0.0
,556db8db-c175-424e-b2e4-0ebe4eb7a0b1,usr_53545,bot_scraper,9,9.22,True,False,0.0
,a1af310a-11ba-4a35-956b-3455c81c30f5,usr_22630,mobile,12,130.58,False,True,-0.6068
,6bd24087-419a-4aa7-9545-db47be74e5e1,usr_46273,bot_scraper,14,10.93,True,False,0.0
,6b6ea42c-60ec-4044-b51d-c672b4695487,usr_14961,tablet,10,110.9,False,True,-0.6013
,4fef539d-f40c-45a0-a610-27937367fc29,usr_76149,mobile,12,109.83,False,True,-0.5976
,3946243d-14f2-4b07-8095-afbe4d021a1b,usr_96211,desktop,13,124.77,False,True,-0.6239
,c3579ec3-3af6-4733-b46c-b41eeb00e4af,usr_23231,desktop,11,104.0,False,True,-0.6088
,7f3b4919-9a91-40c8-b14c-7f5af5b84947,usr_07670,tablet,12,107.0,False,True,-0.604
,9c4fdb03-0e4a-4727-8011-49b40271bc98,usr_57492,tablet,14,117.07,False,True,-0.6205
,8a169a6b-8a0c-4f05-8190-42667c1e5907,usr_33120,desktop,14,123.71,False,True,-0.6533
,556db8db-c175-424e-b2e4-0ebe4eb7a0b1,usr_53545,bot_scraper,2,10.0,True,False,0.0
,650b6292-4f2a-4b3a-98ee-bc68b40978c2,usr_44843,mobile,5,4354.6,True,False,0.0
,a0eedf77-5b01-40c7-b0a6-4ab41c97e4be,usr_81824,mobile,13,124.77,False,True,-0.631
,af45a26c-56c4-4f70-9d4b-b3d838421865,usr_14007,mobile,13,118.23,False,True,-0.6108
,4c7584c1-9c16-409a-bd35-40e38eaf6b66,usr_43483,desktop,10,4756.3,True,False,0.0
,7e790218-ee83-4da9-814f-604cefb803d6,usr_30444,bot_scraper,7,9.86,True,False,0.0
,8410ff6f-6e5a-4c4e-a019-27184d23e0be,usr_84577,mobile,14,3791.86,True,True,-0.6364
,3baabd45-8832-489b-a857-2fd8db7a1910,usr_56638,tablet,13,121.77,False,True,-0.6123
,10c28857-4bb5-4377-a87c-47fd8498b7be,usr_98840,bot_scraper,12,8.92,True,False,0.0
,b76f9f28-ba66-4e65-85ed-824b6481a159,usr_78595,bot_scraper,6,7.17,True,False,0.0
,4fb0ca97-29e6-41d7-876a-6caf1af7d913,usr_72123,tablet,10,103.8,False,True,-0.6001
,78f53d74-81df-4150-8f14-d4f9bc88f2ba,usr_36680,mobile,12,110.58,False,True,-0.6116
,07fa1084-dc04-40fa-a1ec-42cfb41f59a7,usr_23401,tablet,14,119.79,False,True,-0.6225
,573fc4d1-4f5c-494e-bc62-7f23f70347ca,usr_61376,bot_scraper,3,6.0,True,False,0.0
,0ada0e7c-57ff-4441-a61a-11c8ff08d491,usr_88894,tablet,8,5370.75,True,False,0.0
,0b900449-1fdb-4830-93c8-ad8de678cb37,usr_30096,desktop,11,95.64,False,True,-0.6448
,c0353789-35f0-4c92-9415-3427e65944f6,usr_52753,mobile,10,132.9,False,True,-0.6095
,4af29558-81bf-4b17-9c73-c7777180ee9d,usr_20547,bot_scraper,5,11.2,True,False,0.0
,1e967d92-b162-4b01-b5db-001e7f51225b,usr_16220,desktop,14,125.93,False,True,-0.6278
,bbd66b09-dc26-4f91-ae43-b381feb36e28,usr_89511,mobile,14,112.07,False,True,-0.6111
,2ca8567e-ba2a-464d-a041-d31b9450ca45,usr_04608,tablet,13,124.62,False,True,-0.6061
,573fc4d1-4f5c-494e-bc62-7f23f70347ca,usr_61376,bot_scraper,8,8.25,True,False,0.0
,75bf2c74-6fd9-467f-aab5-f8de4646ee00,usr_73577,desktop,14,128.21,False,True,-0.6731
,df0ed47d-637f-4bcc-9994-3beff3055b17,usr_54472,mobile,11,122.45,False,True,-0.6058
,49d82638-d19b-4ba1-a9cc-8002c0560c64,usr_75352,desktop,14,92.29,False,True,-0.6343
,28978dda-a050-4506-915e-5ee2b8d625fe,usr_62797,mobile,12,129.0,False,True,-0.6166
,63b1502b-c372-44fe-974f-aefe854509f9,usr_72130,mobile,8,114.12,False,True,-0.6083
,5652a520-1918-4a8a-b8c5-c3fc59ca08b2,usr_41820,bot_scraper,3,9.0,True,False,0.0
,ae0d2507-66e6-4d78-91f5-1652f1305156,usr_85899,mobile,7,4701.57,True,False,0.0
,fc4b1379-2f19-4ca6-80e2-8a36f3d366d9,usr_06628,tablet,9,120.67,False,True,-0.6016
,a96aecfe-f8f7-4500-b127-90039acba718,usr_89409,bot_scraper,11,9.55,True,False,0.0
,28b3c338-1754-4c4e-9e4b-fdb362d9b061,usr_68896,tablet,12,114.25,False,True,-0.6102
,ee054f1d-f8d4-44cf-bb52-2afcda77c0ae,usr_14658,mobile,9,5000.33,True,False,0.0
,f7576182-55c9-45f0-a646-cd508faa51d8,usr_80516,mobile,11,135.91,False,True,-0.6144
,75ddd234-ed15-44ea-b62c-ff1295359d52,usr_81934,tablet,9,4790.89,True,False,0.0
,d6acc03c-302f-4716-a7e6-1be43f632770,usr_87197,desktop,13,131.23,False,True,-0.6246
,48d16254-b3fc-4e3b-b9cf-6c6bf88bb525,usr_52714,bot_scraper,1,6.0,True,False,0.0
,f5a972d3-0d41-44fc-8175-e785caf7d7cb,usr_79780,desktop,12,108.83,False,True,-0.6159
,91fd77d7-45f3-4b30-9c33-ccf1d85b650f,usr_98304,tablet,13,129.38,False,True,-0.5975
,fb73ae89-ff6f-455b-a413-2d91b12e8811,usr_73914,bot_scraper,13,10.15,True,False,0.0
,a96aecfe-f8f7-4500-b127-90039acba718,usr_89409,bot_scraper,1,13.0,True,False,0.0
,bacef136-3776-4797-b446-12f9baaefcc5,usr_22332,bot_scraper,8,9.5,True,False,0.0
,4dc406c1-2434-4e4c-881c-90d3781fc92d,usr_54311,mobile,13,117.54,False,True,-0.6095
,17e24c1c-52a1-42cf-a8ed-708a672d5995,usr_59439,mobile,14,124.71,False,True,-0.6278
,467d47b3-c284-4497-8602-fc404cce5877,usr_73580,desktop,14,128.57,False,True,-0.5988
,71574074-7d93-4cdd-aeac-6f6d6078738c,usr_36238,tablet,6,4087.5,True,False,0.0
,4e28acc9-752b-4974-8ba2-2b1b1f1954d6,usr_47870,tablet,10,101.8,False,True,-0.6097
,48d16254-b3fc-4e3b-b9cf-6c6bf88bb525,usr_52714,bot_scraper,12,6.92,True,False,0.0
,fa06308e-70ba-4a23-a3ea-19a18d8eea88,usr_21859,tablet,1,6314.0,True,False,0.0
,1f594849-ecd0-47f6-87bf-86ae68361aa5,usr_03765,bot_scraper,9,6.89,True,False,0.0
,b550a9ed-76bf-4e23-8fda-3955999e029a,usr_29273,tablet,14,120.43,False,True,-0.6124
,bc923ba4-d57b-43c5-955f-aac801f5ce4e,usr_88055,mobile,14,114.07,False,True,-0.6043
,bacef136-3776-4797-b446-12f9baaefcc5,usr_22332,bot_scraper,5,9.2,True,False,0.0
,c2eee8e3-3cb1-42b8-bafa-70b94606fb6d,usr_74396,tablet,1,5265.0,True,False,0.0
,1d90868b-5d9d-465f-84ba-fb46d5a284d2,usr_86122,desktop,13,126.46,False,True,-0.603
,7b500fa9-70f0-405d-9158-c3692de35b1d,usr_75490,desktop,13,122.62,False,True,-0.603
,fa06308e-70ba-4a23-a3ea-19a18d8eea88,usr_21859,tablet,5,4817.2,True,False,0.0
,3125ea3f-c35f-4ed9-9fb4-7af1a10acbb6,usr_14551,desktop,13,106.62,False,True,-0.6558
,bfd9dcde-952b-4032-8097-6290ee37b231,usr_17295,bot_scraper,8,9.38,True,False,0.0
,8ff7092a-fc69-489f-bfee-b3829783e846,usr_09487,desktop,11,132.55,False,True,-0.6032
,c2eee8e3-3cb1-42b8-bafa-70b94606fb6d,usr_74396,tablet,4,4725.75,True,False,0.0
,bc0455de-ed23-4117-ab5f-41b1a34f98e3,usr_94307,tablet,11,131.55,False,True,-0.6258
,60f30e49-577e-46b5-841d-b01e1a86393c,usr_96144,mobile,14,132.0,False,True,-0.6367
,840382bb-8f72-482a-84e1-c14aacad24da,usr_55359,desktop,14,120.64,False,True,-0.6065
,bab9a1ae-62fc-46d4-8a62-8ae2aaf3c592,usr_56514,bot_scraper,13,10.0,True,False,0.0
,580a9cc0-3205-42c3-a29c-33396fa98ab4,usr_02817,bot_scraper,9,9.56,True,False,0.0
,6ec549e6-cc2e-40c1-b972-0f0466ae5fc9,usr_68736,tablet,13,4702.62,True,True,-0.6368
,37d0e9ce-d1cb-4fcc-8531-1eaac1bf1bdf,usr_54835,bot_scraper,2,3.5,True,False,0.0
,d872c6e3-5f7a-4a8c-8a61-550ce1733d14,usr_50144,mobile,14,5396.93,True,True,-0.6591
,8b2878d0-4501-4291-a0e8-614c5a2b84d2,usr_20586,tablet,10,4756.5,True,False,0.0
,8e8e5727-b284-4a94-8b4f-808a59cad1fc,usr_92441,tablet,12,99.25,False,True,-0.6204
,8c138965-9fd1-407c-82ea-48bab80578a0,usr_11559,desktop,14,122.21,False,True,-0.6587
,5d81271e-35ee-4761-a073-4f28362d8a12,usr_46351,mobile,14,130.86,False,True,-0.6236
,00e5db08-cfdb-444a-904e-edaf3432eb87,usr_01952,mobile,12,114.08,False,True,-0.6102
,580a9cc0-3205-42c3-a29c-33396fa98ab4,usr_02817,bot_scraper,4,8.0,True,False,0.0
,ac53f826-20b8-4927-b1aa-b7b28ffce7b5,usr_07941,mobile,12,4997.33,True,True,-0.6313
,8b2878d0-4501-4291-a0e8-614c5a2b84d2,usr_20586,tablet,4,4582.0,True,False,0.0
,5cb90bd1-6025-48b2-804d-084ff397b789,usr_71635,desktop,12,123.17,False,True,-0.6115
,6ac31c49-4e87-44da-a1b0-62649e732fae,usr_02530,mobile,14,129.21,False,True,-0.6731
,94a5c65d-9df6-425a-8447-d4be3f14e5df,usr_90044,tablet,11,106.18,False,True,-0.6119
,8e2d52f2-59d2-4c6c-9476-f061cdcde17b,usr_19488,bot_scraper,4,9.75,True,False,0.0
,1ecff231-a50a-4b01-90fa-c6ad0256e93e,usr_28021,desktop,10,123.1,False,True,-0.6037
,2bfc5202-5156-4809-a45a-7468691013b8,usr_23964,tablet,7,122.43,False,True,-0.6084
,37d0e9ce-d1cb-4fcc-8531-1eaac1bf1bdf,usr_54835,bot_scraper,7,9.57,True,False,0.0
,77a0fe84-fa84-4c8c-b43c-c340558039a9,usr_19336,tablet,13,132.62,False,True,-0.626
,d07580ec-a1e0-4920-8e35-6b9dfe18df1f,usr_42353,tablet,14,134.71,False,True,-0.636
,91ea23ae-7f99-4a12-b45d-1d626de57c28,usr_48658,bot_scraper,8,11.0,True,False,0.0
,eb256633-16a8-4607-87d9-caebcb2fec67,usr_06160,desktop,13,120.69,False,True,-0.6147
,e31db4f7-1aea-46c1-a93c-1b6a38bc74ee,usr_51850,mobile,4,3860.75,True,False,0.0
,4f087b4e-61d3-4f87-bde0-3cf744cce4bc,usr_45315,desktop,13,132.92,False,True,-0.6166
,a18e266a-4c1d-423d-b1b4-6ba7908bef6b,usr_19358,tablet,13,116.38,False,True,-0.6078
,beb8d526-6c4b-4760-8de0-d69e2205be54,usr_66461,bot_scraper,12,11.67,True,False,0.0
,314a3d1c-2243-4281-a273-2655f7a898f0,usr_23401,mobile,9,4267.78,True,False,0.0
,f61143ac-838a-4cb1-b7b0-c939a11d0f15,usr_32813,desktop,12,103.08,False,True,-0.6204
,9d4e2c05-6fbf-4c54-9bdd-0cc77d6b7a99,usr_95562,mobile,13,116.92,False,True,-0.629
,8ed3a762-86c3-4c32-8372-50ef03fe500b,usr_95777,bot_scraper,8,7.75,True,False,0.0
,1200c4d9-5ada-44d5-995f-fed25c2b77bb,usr_55689,tablet,12,127.0,False,True,-0.6128
,1ca4307a-9ff2-4fa2-8ae9-65f120898b0d,usr_98667,mobile,12,113.08,False,True,-0.6065
,9f3cccbf-10a0-4021-8417-03c57bbfb298,usr_43590,desktop,8,5203.38,True,False,0.0
,f811af1b-6e82-4e5c-92bb-7ad55afd9434,usr_71920,tablet,14,121.86,False,True,-0.6271
,d4c21c77-c3ce-48a9-91f8-968acab25700,usr_18901,desktop,9,127.33,False,True,-0.6255
,bf6465d8-9318-4046-a601-b6e916f28301,usr_42505,tablet,12,125.17,False,True,-0.6004
,c144fec0-6f86-42ee-a60f-810fe0526b63,usr_89010,bot_scraper,7,12.0,True,False,0.0
,91820266-aa66-4f96-9f9d-b094ac756702,usr_39858,bot_scraper,14,10.29,True,False,0.0
,c6f0367a-091f-4708-b3a5-9fb659c47be6,usr_73644,mobile,7,3807.71,True,False,0.0
,d839aea8-fc75-4028-aa40-d4fe272d9ae3,usr_84043,bot_scraper,8,10.38,True,False,0.0
,4b2b698a-1ddb-41b7-8263-b0d9e4509b99,usr_56303,mobile,14,112.07,False,True,-0.6087
,0391bd1c-3cd7-41a1-b5e6-86333ef93d1a,usr_88207,mobile,10,5267.7,True,False,0.0
,032e6114-6710-4e01-a0e2-4ce17edd191b,usr_79788,desktop,13,119.77,False,True,-0.6121
,df58db2b-da44-46b6-a1f7-04661c722e7e,usr_20107,desktop,11,5541.91,True,True,-0.619
,1c9495bc-a6b5-413a-b90d-f71245044ab0,usr_56274,tablet,7,124.71,False,True,-0.6084
,21c5a126-9e77-4374-8949-75e5ea19e281,usr_44630,bot_scraper,5,11.8,True,False,0.0
,8eb4ea0f-6744-4c91-b8d5-f96cb70d61e5,usr_77925,tablet,14,127.21,False,True,-0.6291
,007074bf-f156-40d7-9231-e32d4632520d,usr_56677,desktop,13,124.46,False,True,-0.6589
,1f0acbec-5617-4f19-947f-5e63d4fae1ab,usr_78717,tablet,14,116.29,False,True,-0.6716
,2b93173d-9ef8-4a2f-b785-3b9f459a8c16,usr_66328,mobile,7,97.29,False,True,-0.6145
,bb8f679c-30d5-4ae1-a603-be6597826680,usr_64194,bot_scraper,1,3.0,True,False,0.0
,9b925b72-eb4d-4461-912a-e00367249940,usr_96614,bot_scraper,3,11.0,True,False,0.0
,21c5a126-9e77-4374-8949-75e5ea19e281,usr_44630,bot_scraper,8,8.62,True,False,0.0
,24582607-332a-45bc-9130-bbb9a70816bd,usr_09367,bot_scraper,4,11.25,True,False,0.0
,e70198c4-53dd-46cf-a6d5-3d2a9cf0ca8a,usr_71602,mobile,11,137.82,False,True,-0.6144
,c34a9449-0cf2-4186-868a-f5a66fb002bd,usr_38298,desktop,13,113.77,False,True,-0.6218
,bb8f679c-30d5-4ae1-a603-be6597826680,usr_64194,bot_scraper,12,10.75,True,False,0.0
,29ca3596-bea3-4e2b-bd13-3574ed9d4c18,usr_03533,desktop,10,141.8,False,True,-0.6122
,5efcfd3f-5fb7-47f7-9493-68979635b477,usr_80102,mobile,14,131.14,False,True,-0.6295
,062b12d0-f59f-4ba0-8dff-e9529fee35ce,usr_59992,mobile,14,122.5,False,True,-0.6164
,8e047c8a-f568-43f7-bec9-ccd0e664e15c,usr_34931,tablet,14,117.93,False,True,-0.6085
,9035e3ff-9ff3-4681-9e0b-5c4eed57b5ef,usr_04253,mobile,13,114.38,False,True,-0.6123
,135187d4-bd9d-4375-aba4-989bdd1a3b98,usr_70859,bot_scraper,2,12.0,True,False,0.0
,1f4778ab-310f-4463-9a94-242471590669,usr_11228,bot_scraper,7,7.57,True,False,0.0
,005a80e6-7a5b-4c7a-9fbb-185c836debcd,usr_86842,tablet,11,4956.82,True,True,-0.6103
,1f61b412-25e7-44d9-8cf7-642dcecc8630,usr_25091,mobile,5,4513.4,True,False,0.0
,c90dff54-ba9a-4399-9a17-568662ee3b06,usr_44845,tablet,9,4830.67,True,False,0.0
,62d340a5-39b9-49d2-abff-e7f3ea94eab0,usr_40900,mobile,6,4942.83,True,False,0.0
,a69f22f1-00c0-446a-bcfb-142923c0ba76,usr_96945,tablet,12,134.17,False,True,-0.6201
,3f414573-1f60-4476-a5e9-b34217877f5a,usr_93026,tablet,14,111.29,False,True,-0.6158
,98d263a6-0dab-422b-ac56-0ae1dd5fd7a3,usr_88587,desktop,12,121.58,False,True,-0.6262
,2be3c6a8-8b11-4805-a3ce-97e1fd54b1e3,usr_42949,bot_scraper,6,7.5,True,False,0.0
,090d4b9d-278b-45f4-a8fa-8652f0013f45,usr_17207,mobile,12,113.75,False,True,-0.6102
,27709948-cf71-4c8b-bd10-816eba23cad0,usr_91448,mobile,11,115.0,False,True,-0.6039
,dcae0431-ffc0-4202-89df-69d3044cea46,usr_34846,bot_scraper,5,4.4,True,False,0.0
,135187d4-bd9d-4375-aba4-989bdd1a3b98,usr_70859,bot_scraper,7,11.71,True,False,0.0
,bd347351-e98e-4612-9c99-3a4ad2f80291,usr_13425,bot_scraper,14,9.93,True,False,0.0
,9363a46c-b519-46cf-bdbe-8ec4a99d32ce,usr_86333,desktop,11,117.18,False,True,-0.5994
,1549363e-1238-4b67-b5ef-9f06b52be075,usr_47580,tablet,11,108.09,False,True,-0.5985
,fade63a7-8699-4f48-9057-9e457af5ec49,usr_30392,desktop,14,120.07,False,True,-0.6218
,d2cbe413-b6b7-446a-b926-a1fd96be43f3,usr_10389,tablet,14,4844.21,True,True,-0.6565
,8f6253b2-356e-4c33-a516-0ba8c85455d7,usr_80012,mobile,14,113.86,False,True,-0.6363
,42638a12-de52-4889-aebf-93a655bc5703,usr_18604,bot_scraper,12,5.5,True,False,0.0
,78fcf5f7-1bc3-4bec-90eb-a81715e118ed,usr_67371,desktop,9,126.22,False,True,-0.6143
,1bc9b636-b1b2-4e7f-9403-5912b174c5e8,usr_99571,tablet,10,131.1,False,True,-0.6289
,7806e41e-3f1d-4fdc-a2d1-1d14a8482276,usr_94509,bot_scraper,7,14.86,True,False,0.0
,f2382516-1414-4579-a0e0-4e7d2caacea6,usr_28333,tablet,14,119.57,False,True,-0.6457
,ca706101-a958-487b-8b4b-169804798d5d,usr_67902,tablet,13,5409.77,True,True,-0.6473
,0a0ecff2-36c6-4e16-ac89-ddcbe6c674d0,usr_03436,tablet,12,119.5,False,True,-0.5978
,2dedab6b-595c-4e03-a27c-7e2a6f06b253,usr_66944,mobile,13,121.85,False,True,-0.6012
,0bf03982-16c0-4c09-8dc6-716a1733bb0b,usr_58771,mobile,1,4246.0,True,False,0.0
,e744e09d-84de-4f70-8535-7b25f9bbfd52,usr_91768,tablet,12,132.5,False,True,-0.6069
,697a60ae-2d4a-4359-9ef6-6eb956c8b31a,usr_53203,tablet,12,120.17,False,True,-0.617
,286d385c-7e27-40c8-94db-0ba9c14f3c32,usr_26402,tablet,9,125.67,False,True,-0.6255
,f524c1d4-4de6-4188-91c8-13f8b32362fb,usr_30500,desktop,14,128.07,False,True,-0.621
,4c25540c-cf19-4b63-b2e1-df79aea4f2ea,usr_44811,bot_scraper,4,10.25,True,False,0.0
,30bc6c6b-708a-412f-ab6b-90c8fe691f6f,usr_57966,desktop,9,118.89,False,True,-0.6261
,82c835ef-903c-42da-9845-7a32b150f3b8,usr_58744,tablet,12,133.08,False,True,-0.631
,e5a174ab-3e83-47d2-805f-ce2ac6abafe7,usr_32160,tablet,14,108.57,False,True,-0.6708
,069b8139-7aab-4d44-b88f-fe1f13b85cfd,usr_79312,mobile,13,124.23,False,True,-0.6384
,e73bf399-90c2-4af9-a416-3b6daaa61022,usr_47917,bot_scraper,7,10.29,True,False,0.0
,f5ed7ef1-ec0a-4b3d-b7b1-2e5754af2f53,usr_42801,desktop,14,114.36,False,True,-0.6723
,0bf03982-16c0-4c09-8dc6-716a1733bb0b,usr_58771,mobile,8,5587.0,True,False,0.0
